"URBANPETSSERVICESPRIVATELIMITED,AksharComplex,Ahmedabad,9662825744,GSTNO:24AAECU0338G1ZN",,,,,,,,,,,,,,,,,,,,,,,,,,,,,,,,,,
"Item Age Analysis 
 Stock Class : Balance Sheet , Location : URBANPETS SERVICES PRIVATE LIMITED ; 
",,,,,,,,,,,,,,,,,,,,,,,,,,,,,,,,,,
Item name,BRANDS,DEPARTMENT,CATEGORY,Item code,Trans. Type,Trans. No,Purchase date,Trans. Date,Packed price,Selling,MRP,Landing cost,Net cost,Batch stock,Received Qty,Stock value on landing cost,Batch no,Old Batch No,Stock value on selling,Expiry date,Old Expiry Date,MFR Date,Old MFR Date,Stock age(Based on purchase date),Stock age(Based on transaction date),Branch,Alias Name,Brand code,Brand name,Supplier Name,Branch Area,Branch Circle,Branch State,City
Grand Total,,,,,,,,,,,,,"700,950.84","21,481",,"3,559,479.16",,,"6,168,263.24",,,,,,,,,,,,,,,
10inch 250mm Steel Comb,,,,,,,,,,,,,124.29,1,,124.29,,,500.00,,,,,,,,,,,,,,,
,Andis,Grooming,"Brushes, scissors & Comb ",2350,TRANSFER-IN,3853,2026-01-30,2026-02-26,124.29,500.00,500.00,124.29,124.29,1,1,124.29,12350-1127,12350-1127,500.00,,,,,224,197,URBANPETS SERVICES PRIVATE LIMITED,,7,Andis,Shreeji Pet Shop,,,Gujarat,Ahmedabad
ABK Slicker Brush Double Sided 10 x 17 cm,,,,,,,,,,,,,169.25,1,,169.25,,,415.00,,,,,,,,,,,,,,,
,ABK,Grooming,"Brushes, scissors & Comb ",11370,TRANSFER-IN,3853,2026-01-31,2026-02-26,169.25,415.00,415.00,169.25,169.25,1,1,169.25,A11370-1126,A11370-1126,415.00,,,,,223,197,URBANPETS SERVICES PRIVATE LIMITED,,289,ABK,Shreeji Pet Shop,,,Gujarat,Ahmedabad
Absorption Towel,,,,,,,,,,,,,152.54,2,,677.96,,,"1,500.00",,,,,,,,,,,,,,,
,Absorption,Hygiene,Towels & Wipes ,10950,TRANSFER-IN,5128,2026-08-22,2026-09-09,338.98,750.00,750.00,338.98,152.54,2,2,677.96,A10950-1027,A10950-1027,"1,500.00",,,,,20,2,URBANPETS SERVICES PRIVATE LIMITED,,304,Absorption,PETAHOLIC PET PRODUCTS PRIVATE LIMITED,,,Gujarat,Ahmedabad
Adjustable Feeding Stand U Type- S,,,,,,,,,,,,,500.00,1,,590.00,,,"1,075.00",,,,,,,,,,,,,,,
,Lal Pet Products,Bowls & Water Bottle ,Bowl,638,PURCHASE,3412,2026-01-30,2026-01-30,500.00,"1,075.00","1,075.00",590.00,500.00,1,1,590.00,A638-8677,A638-8677,"1,075.00",,,,,224,224,URBANPETS SERVICES PRIVATE LIMITED,,118,Lal Pet Products,Shreeji Pet Shop,,,Gujarat,Ahmedabad
Alembic Dexaflox Eye Drop 10ml,,,,,,,,,,,,,70.40,32,,"2,365.38",,,"3,285.12",,,,,,,,,,,,,,,
,other,Medicine & Supplements ,Medicine ,11052,PURCHASE,4171,2026-07-14,2026-07-14,78.22,102.66,102.66,73.92,70.40,32,50,"2,365.38",A11052-8111,A11052-8111,"3,285.12",2027-08-30,2027-08-30,,,59,59,URBANPETS SERVICES PRIVATE LIMITED,,255,other,shah and Kothari Brothers,,,Gujarat,Ahmedabad
Alkapro 200ml,,,,,,,,,,,,,372.97,21,,"4,236.65",,,"6,967.35",,,,,,,,,,,,,,,
,mahima enterprise,Medicine & Supplements ,Medicine ,11886,PURCHASE,3598,2026-03-10,2026-03-10,214.28,281.25,281.25,187.50,178.57,3,12,562.49,A11886-1587,A11886-1587,843.75,2028-06-30,2028-06-30,,,185,185,URBANPETS SERVICES PRIVATE LIMITED,,338,mahima enterprise,MAHIMA ENTERPRISE,,,Gujarat,Ahmedabad
,mahima enterprise,Medicine & Supplements ,Medicine ,11886,PURCHASE,4386,2026-08-29,2026-08-29,259.20,340.20,340.20,204.12,194.40,18,20,"3,674.16",A11886-505,A11886-505,"6,123.60",2029-04-30,2029-04-30,,,13,13,URBANPETS SERVICES PRIVATE LIMITED,,338,mahima enterprise,MAHIMA ENTERPRISE,,,Gujarat,Ahmedabad
All 4 Pet Goat Elite Powd 200gm,,,,,,,,,,,,,650.85,4,,"3,072.00",,,"4,800.00",,,,,,,,,,,,,,,
,other,Medicine & Supplements ,Medicine ,10394,PURCHASE,3686,2026-03-28,2026-03-28,813.56,"1,200.00","1,200.00",768.00,650.85,4,5,"3,072.00",A10394-2723,A10394-2723,"4,800.00",2027-01-31,2027-01-31,,,167,167,URBANPETS SERVICES PRIVATE LIMITED,,255,other,MAHIMA ENTERPRISE,,,Gujarat,Ahmedabad
All 4 Pet Paw Cream 50gm,,,,,,,,,,,,,305.08,4,,"1,439.98",,,"2,400.00",,,,,,,,,,,,,,,
,EktekPharma,Medicine & Supplements ,Medicine ,11061,PURCHASE,3438,2026-01-30,2026-01-30,305.08,600.00,600.00,360.00,305.08,4,4,"1,439.98",A11061-9360,A11061-9360,"2,400.00",2027-02-28,2027-02-28,,,224,224,URBANPETS SERVICES PRIVATE LIMITED,,307,EktekPharma,Shreeji Pet Shop,,,Gujarat,Ahmedabad
American Hoodies 20 No.,,,,,,,,,,,,,238.09,1,,249.99,,,850.00,,,,,,,,,,,,,,,
,Petaholic,Clothing ,Hoodies ,11744,PURCHASE,3454,2026-01-31,2026-01-30,238.09,850.00,850.00,249.99,238.09,1,1,249.99,A11744-9855,A11744-9855,850.00,,,,,223,224,URBANPETS SERVICES PRIVATE LIMITED,,169,Petaholic ,Shreeji Pet Shop,,,Gujarat,Ahmedabad
American Hoodies 22 No.,,,,,,,,,,,,,285.71,1,,300.00,,,950.00,,,,,,,,,,,,,,,
,Petaholic,Clothing ,Hoodies ,11745,PURCHASE,3454,2026-01-31,2026-01-30,285.71,950.00,950.00,300.00,285.71,1,1,300.00,A11745-9856,A11745-9856,950.00,,,,,223,224,URBANPETS SERVICES PRIVATE LIMITED,,169,Petaholic ,Shreeji Pet Shop,,,Gujarat,Ahmedabad
American Hoodies 26 No.,,,,,,,,,,,,,285.71,1,,300.00,,,950.00,,,,,,,,,,,,,,,
,Petaholic,Clothing ,Hoodies ,11747,PURCHASE,3454,2026-01-31,2026-01-30,285.71,950.00,950.00,300.00,285.71,1,1,300.00,A11747-9857,A11747-9857,950.00,,,,,223,224,URBANPETS SERVICES PRIVATE LIMITED,,169,Petaholic ,Shreeji Pet Shop,,,Gujarat,Ahmedabad
Amobest 375 Tab,,,,,,,,,,,,,21.60,435,,"4,932.90",,,"7,703.85",,,,,,,,,,,,,,,
,Petbest,Medicine & Supplements ,Medicine ,10863,PURCHASE,4241,2026-08-01,2026-08-01,10.80,17.71,17.71,11.34,10.80,2,300,22.68,A10863-8959,A10863-8959,35.42,2027-04-30,2027-04-30,,,41,41,URBANPETS SERVICES PRIVATE LIMITED,,298,Petbest,integrated healthcare,,,Gujarat,Ahmedabad
,Petbest,Medicine & Supplements ,Medicine ,10863,PURCHASE,4327,2026-08-14,2026-08-14,10.80,17.71,17.71,11.34,10.80,433,500,"4,910.22",A10863-9835,A10863-9835,"7,668.43",2027-11-30,2027-11-30,,,28,28,URBANPETS SERVICES PRIVATE LIMITED,,298,Petbest,integrated healthcare,,,Gujarat,Ahmedabad
Amoxirium Forte Injection 300mg,,,,,,,,,,,,,39.80,144,,"6,018.21",,,"8,640.00",,,,,,,,,,,,,,,
,Hygiene,Medicine & Supplements ,Medicine ,2915,PURCHASE,4281,2026-08-08,2026-08-08,41.14,60.00,60.00,41.79,39.80,144,160,"6,018.21",A2915-9490,A2915-9490,"8,640.00",2027-11-30,2027-11-30,,,34,34,URBANPETS SERVICES PRIVATE LIMITED,,102,Hygiene,VIRBAC ANIMAL HEALTH INDIA PRIVATE LIMITED,,,Gujarat,Ahmedabad
Andis Medium Firm Slicker Brush Lime Green,,,,,,,,,,,,,927.08,2,,"1,010.52",,,"1,990.00",,,,,,,,,,,,,,,
,Andis,Grooming,"Brushes, scissors & Comb ",10776,PURCHASE,3433,2026-01-30,2026-01-30,463.54,995.00,995.00,546.98,463.54,1,1,546.98,A10776-9221,A10776-9221,995.00,,,,,224,224,URBANPETS SERVICES PRIVATE LIMITED,,7,Andis,Shreeji Pet Shop,,,Gujarat,Ahmedabad
,Andis,Grooming,"Brushes, scissors & Comb ",10776,TRANSFER-IN,3853,2026-01-30,2026-02-26,463.54,995.00,995.00,463.54,463.54,1,1,463.54,A10776-1128,A10776-1128,995.00,,,,,224,197,URBANPETS SERVICES PRIVATE LIMITED,,7,Andis,Shreeji Pet Shop,,,Gujarat,Ahmedabad
Apro Dog 20 Kg,,,,,,,,,,,,,"1,871.82",4,,"7,881.36",,,"12,400.00",,,,,,,,,,,,,,,
,Apro,Dog Food,Dry Food ,7068,TRANSFER-IN,5123,2026-09-07,2026-09-08,"1,970.34","3,100.00","3,100.00","1,970.34","1,871.82",4,5,"7,881.36",A7068-1000,A7068-1000,"12,400.00",2028-01-20,2028-01-20,,,4,3,URBANPETS SERVICES PRIVATE LIMITED,,9,Apro,Murlidhar Bansidhar,,,Gujarat,Ahmedabad
Aptifast pet 200ml,,,,,,,,,,,,,250.00,6,,750.00,,,"1,500.00",,,,,,,,,,,,,,,
,Canicon,Medicine & Supplements ,Medicine ,11213,TRANSFER-IN,5010,2026-01-31,2026-08-19,125.00,250.00,250.00,125.00,125.00,1,1,125.00,A11213-9864,A11213-9864,250.00,2026-09-30,2026-09-30,,,223,23,URBANPETS SERVICES PRIVATE LIMITED,,318,Canicon,Shreeji Pet Shop,,,Gujarat,Ahmedabad
,Canicon,Medicine & Supplements ,Medicine ,11213,PURCHASE,3446,2026-01-30,2026-01-30,125.00,250.00,250.00,125.00,125.00,5,7,625.00,A11213-9571,A11213-9571,"1,250.00",2026-09-30,2026-09-30,,,224,224,URBANPETS SERVICES PRIVATE LIMITED,,318,Canicon,Shreeji Pet Shop,,,Gujarat,Ahmedabad
Aptiquik Syrup 200 ML,,,,,,,,,,,,,100.68,6,,634.25,,,950.58,,,,,,,,,,,,,,,
,MANKIND,Medicine & Supplements ,Medicine ,3039,PURCHASE,4320,2026-08-05,2026-08-05,120.81,158.43,158.43,105.71,100.68,6,6,634.25,A3039-9782,A3039-9782,950.58,2027-11-30,2027-11-30,,,37,37,URBANPETS SERVICES PRIVATE LIMITED,,127,MANKIND,MAHIMA ENTERPRISE,,,Gujarat,Ahmedabad
Arm and Hammer ultra fresh 2 in 1 detangling shampoo and conditioner for dogs,,,,,,,,,,,,,676.00,1,,676.00,,,949.99,,,,,,,,,,,,,,,
,Arm and Hammer,Grooming,Shampoo & Conditioner ,11664,TRANSFER-IN,3729,2026-01-31,2026-02-10,676.00,949.99,949.99,676.00,676.00,1,1,676.00,A11664-188,A11664-188,949.99,2027-11-12,2027-11-12,,,223,213,URBANPETS SERVICES PRIVATE LIMITED,,336,Arm and Hammer,Shreeji Pet Shop,,,Gujarat,Ahmedabad
Arm and Hammer ultra fresh itch relief,,,,,,,,,,,,,402.54,1,,402.54,,,949.99,,,,,,,,,,,,,,,
,Arm and Hammer,Grooming,Shampoo & Conditioner ,11666,TRANSFER-IN,3729,2026-01-31,2026-02-10,402.54,949.99,949.99,402.54,402.54,1,1,402.54,A11666-187,A11666-187,949.99,2027-12-05,2027-12-05,,,223,213,URBANPETS SERVICES PRIVATE LIMITED,,336,Arm and Hammer,Shreeji Pet Shop,,,Gujarat,Ahmedabad
Artimarin Elite 10 tablet,,,,,,,,,,,,,22.60,60,,"1,600.08",,,"2,400.00",,,,,,,,,,,,,,,
,Medicines,Medicine & Supplements ,Medicine ,11823,PURCHASE,3454,2026-01-31,2026-01-30,22.60,40.00,40.00,26.67,22.60,60,60,"1,600.08",A11823-9872,A11823-9872,"2,400.00",2027-01-30,2027-01-30,,,223,224,URBANPETS SERVICES PRIVATE LIMITED,,253,Integrated Healthcare,Shreeji Pet Shop,,,Gujarat,Ahmedabad
Asbrip 150ml,,,,,,,,,,,,,569.00,7,,"4,699.94",,,"6,993.00",,,,,,,,,,,,,,,
,Hygiene,Medicine & Supplements ,Medicine ,2920,PURCHASE,3426,2026-01-30,2026-01-30,569.00,999.00,999.00,671.42,569.00,7,8,"4,699.94",A2920-9059,A2920-9059,"6,993.00",2099-12-12,2099-12-12,,,224,224,URBANPETS SERVICES PRIVATE LIMITED,,102,Hygiene,Shreeji Pet Shop,,,Gujarat,Ahmedabad
Assurem Acicare - E 40mg,,,,,,,,,,,,,120.80,30,,"1,972.28",,,"3,944.95",,,,,,,,,,,,,,,
,other,Medicine & Supplements ,Medicine ,11365,PURCHASE,3450,2026-01-30,2026-01-30,58.03,121.88,121.88,60.93,58.03,1,50,60.93,A11365-9676,A11365-9676,121.88,2027-02-28,2027-02-28,,,224,224,URBANPETS SERVICES PRIVATE LIMITED,,255,other,Shreeji Pet Shop,,,Gujarat,Ahmedabad
,other,Medicine & Supplements ,Medicine ,11365,PURCHASE,4239,2026-08-01,2026-08-01,62.77,131.83,131.83,65.91,62.77,29,50,"1,911.35",A11365-8955,A11365-8955,"3,823.07",2027-11-30,2027-11-30,,,41,41,URBANPETS SERVICES PRIVATE LIMITED,,255,other,MAHIMA ENTERPRISE,,,Gujarat,Ahmedabad
Assurem Kufcare 100ml,,,,,,,,,,,,,66.97,13,,914.11,,,"1,523.47",,,,,,,,,,,,,,,
,Assurem,Medicine & Supplements ,Medicine ,11481,PURCHASE,3598,2026-03-10,2026-03-10,89.29,117.19,117.19,70.32,66.97,13,40,914.11,A11481-1588,A11481-1588,"1,523.47",2027-10-30,2027-10-30,,,185,185,URBANPETS SERVICES PRIVATE LIMITED,,328,Assurem,MAHIMA ENTERPRISE,,,Gujarat,Ahmedabad
Assurem relaxpet 200ml,,,,,,,,,,,,,225.00,16,,"3,600.00",,,"6,000.00",,,,,,,,,,,,,,,
,other,Medicine & Supplements ,Medicine ,11034,PURCHASE,3437,2026-01-30,2026-01-30,225.00,375.00,375.00,225.00,225.00,16,20,"3,600.00",A11034-9349,A11034-9349,"6,000.00",2027-06-30,2027-06-30,,,224,224,URBANPETS SERVICES PRIVATE LIMITED,,255,other,Shreeji Pet Shop,,,Gujarat,Ahmedabad
augmentin 375 mg tablet,,,,,,,,,,,,,17.45,79,,"1,447.48",,,"1,989.22",,,,,,,,,,,,,,,
,other,Medicine & Supplements ,Medicine ,10589,PURCHASE,3453,2026-01-30,2026-01-30,17.45,25.18,25.18,18.32,17.45,79,79,"1,447.48",a10589-9764,a10589-9764,"1,989.22",,,,,224,224,URBANPETS SERVICES PRIVATE LIMITED,,255,other,Shreeji Pet Shop,,,Gujarat,Ahmedabad
Auriko Ear Drops 15ml,,,,,,,,,,,,,100.81,19,,"2,011.15",,,"3,420.00",,,,,,,,,,,,,,,
,Shreeji Pet Shop,Medicine & Supplements ,Medicine ,3012,PURCHASE,3687,2026-03-26,2026-03-26,123.43,180.00,180.00,105.85,100.81,19,100,"2,011.15",A3012-5399,A3012-5399,"3,420.00",2028-12-30,2028-12-30,,,169,169,URBANPETS SERVICES PRIVATE LIMITED,,201,Shreeji Pet Shop,VEKO CARE PRIVATE LIMITED,,,Gujarat,Ahmedabad
Avet Urinary Cat Wet 85gm,,,,,,,,,,,,,136.44,36,,"5,795.97",,,"8,280.00",,,,,,,,,,,,,,,
,Scientific Remedies,Cat Food,Wet Food ,12158,PURCHASE,4304,2026-08-10,2026-08-10,136.44,230.00,230.00,161.00,136.44,36,36,"5,795.97",A12158-9663,A12158-9663,"8,280.00",2027-07-30,2027-07-30,,,32,32,URBANPETS SERVICES PRIVATE LIMITED,,199,Scientific Remedies,Geeta Pharma,,,Gujarat,Ahmedabad
Avopea pet shampoo 200ml,,,,,,,,,,,,,325.27,25,,"8,538.35",,,"17,500.00",,,,,,,,,,,,,,,
,Enavant,Medicine & Supplements ,Medicine ,11711,PURCHASE,4019,2026-06-12,2026-06-12,460.80,700.00,700.00,341.53,325.27,25,68,"8,538.35",A11711-6305,A11711-6305,"17,500.00",2027-11-30,2027-11-30,,,91,91,URBANPETS SERVICES PRIVATE LIMITED,,330,ENAVANT,UNIQUE LIFEPULSE,,,Gujarat,Ahmedabad
Awapuhi  and  coconut Shampoo 355 ml,,,,,,,,,,,,,469.02,1,,492.47,,,"1,150.00",,,,,,,,,,,,,,,
,Tropiclean ,Grooming,Shampoo & Conditioner ,7886,TRANSFER-IN,4795,2026-01-30,2026-07-17,469.02,"1,150.00","1,150.00",492.47,469.02,1,1,492.47,A7886-8198,A7886-8198,"1,150.00",2029-01-08,2029-01-08,,,224,56,URBANPETS SERVICES PRIVATE LIMITED,,219,Tropiclean ,Shreeji Pet Shop,,,Gujarat,Ahmedabad
Azithral 250mg Tab,,,,,,,,,,,,,9.03,5,,47.41,,,65.15,,,,,,,,,,,,,,,
,Hygiene,Medicine & Supplements ,Medicine ,2801,PURCHASE,3423,2026-01-30,2026-01-30,9.03,13.03,13.03,9.48,9.03,5,5,47.41,A2801-8972,A2801-8972,65.15,2026-12-30,2026-12-30,,,224,224,URBANPETS SERVICES PRIVATE LIMITED,,102,Hygiene,Shreeji Pet Shop,,,Gujarat,Ahmedabad
B.I.Rex 100ML,,,,,,,,,,,,,108.16,4,,510.52,,,780.00,,,,,,,,,,,,,,,
,Manufacturer,Medicine & Supplements ,Medicine ,7813,PURCHASE,3431,2026-01-30,2026-01-30,108.16,195.00,195.00,127.63,108.16,4,4,510.52,B7813-9179,B7813-9179,780.00,2027-01-30,2027-01-30,,,224,224,URBANPETS SERVICES PRIVATE LIMITED,,1,Manufacturer,Shreeji Pet Shop,,,Gujarat,Ahmedabad
Basic Puffer Jacket 22 No.,,,,,,,,,,,,,285.71,1,,300.00,,,950.00,,,,,,,,,,,,,,,
,Petaholic,Clothing ,Jacket ,11770,PURCHASE,3454,2026-01-31,2026-01-30,285.71,950.00,950.00,300.00,285.71,1,1,300.00,B11770-9858,B11770-9858,950.00,,,,,223,224,URBANPETS SERVICES PRIVATE LIMITED,,169,Petaholic ,Shreeji Pet Shop,,,Gujarat,Ahmedabad
Beaphar HD Tablets 60 tab,,,,,,,,,,,,,623.00,5,,"3,270.75",,,"4,900.00",,,,,,,,,,,,,,,
,Beaphar,Medicine & Supplements ,Supplements ,3084,PURCHASE,4241,2026-08-01,2026-08-01,623.00,980.00,980.00,654.15,623.00,5,6,"3,270.75",B3084-8960,B3084-8960,"4,900.00",2027-12-30,2027-12-30,,,41,41,URBANPETS SERVICES PRIVATE LIMITED,,20,Beaphar,integrated healthcare,,,Gujarat,Ahmedabad
Beaphar Kalk 60 Tablets,,,,,,,,,,,,,269.84,3,,850.00,,,"1,275.00",,,,,,,,,,,,,,,
,Beaphar,Medicine & Supplements ,Supplements ,3145,PURCHASE,4084,2026-06-27,2026-06-27,323.81,425.00,425.00,283.33,269.84,3,6,850.00,B3145-7153,B3145-7153,"1,275.00",2027-06-30,2027-06-30,,,76,76,URBANPETS SERVICES PRIVATE LIMITED,,20,Beaphar,integrated healthcare,,,Gujarat,Ahmedabad
Beaphar Lactol Kitten 200G,,,,,,,,,,,,,650.00,4,,"3,068.00",,,"4,600.00",,,,,,,,,,,,,,,
,Beaphar,Medicine & Supplements ,Supplements ,1830,PURCHASE,4327,2026-08-14,2026-08-14,650.00,"1,150.00","1,150.00",767.00,650.00,4,4,"3,068.00",B1830-9839,B1830-9839,"4,600.00",2028-04-30,2028-04-30,,,28,28,URBANPETS SERVICES PRIVATE LIMITED,,97,Hills,integrated healthcare,,,Gujarat,Ahmedabad
Beaphar Oftal Tear Stain Remover 50 ml,,,,,,,,,,,,,412.70,4,,"1,733.34",,,"2,600.00",,,,,,,,,,,,,,,
,Beaphar,Grooming,Dry Bath & Perfumes ,7882,PURCHASE,3440,2026-01-30,2026-01-30,412.70,650.00,650.00,433.34,412.70,4,6,"1,733.34",B7882-9410,B7882-9410,"2,600.00",2027-04-30,2027-04-30,,,224,224,URBANPETS SERVICES PRIVATE LIMITED,,20,Beaphar,Shreeji Pet Shop,,,Gujarat,Ahmedabad
Beaphar Puppy Trainer 20 ML,,,,,,,,,,,,,787.95,7,,"2,880.25",,,"4,275.00",,,,,,,,,,,,,,,
,Beaphar,Hygiene,Others ,8010,PURCHASE,3440,2026-01-30,2026-01-30,407.00,675.00,675.00,480.26,407.00,1,5,480.26,B8010-9424,B8010-9424,675.00,2026-11-30,2026-11-30,,,224,224,URBANPETS SERVICES PRIVATE LIMITED,,20,Beaphar,Shreeji Pet Shop,,,Gujarat,Ahmedabad
,Beaphar,Hygiene,Others ,8010,PURCHASE,4327,2026-08-14,2026-08-14,457.14,600.00,600.00,400.00,380.95,6,6,"2,399.99",B8010-9838,B8010-9838,"3,600.00",2027-09-30,2027-09-30,,,28,28,URBANPETS SERVICES PRIVATE LIMITED,,20,Beaphar,integrated healthcare,,,Gujarat,Ahmedabad
Beeps Moisturising Shampoo 502 ml,,,,,,,,,,,,,468.81,1,,468.81,,,895.00,,,,,,,,,,,,,,,
,Beeps,Grooming,Shampoo & Conditioner ,7941,TRANSFER-IN,3729,2026-01-30,2026-02-10,468.81,895.00,895.00,468.81,468.81,1,1,468.81,B7941-193,B7941-193,895.00,2027-07-10,2027-07-10,,,224,213,URBANPETS SERVICES PRIVATE LIMITED,,22,Beeps,Shreeji Pet Shop,,,Gujarat,Ahmedabad
Beeps Puppy Shampoo 502 ml,,,,,,,,,,,,,479.29,1,,479.29,,,915.00,,,,,,,,,,,,,,,
,Beeps,Grooming,Shampoo & Conditioner ,7942,TRANSFER-IN,3729,2026-01-30,2026-02-10,479.29,915.00,915.00,479.29,479.29,1,1,479.29,B7942-192,B7942-192,915.00,2027-07-10,2027-07-10,,,224,213,URBANPETS SERVICES PRIVATE LIMITED,,22,Beeps,Shreeji Pet Shop,,,Gujarat,Ahmedabad
Beetapet 625 Tablet,,,,,,,,,,,,,157.51,5,,826.91,,,"1,405.00",,,,,,,,,,,,,,,
,SkyEC,Medicine & Supplements ,Medicine ,11533,PURCHASE,4389,2026-08-29,2026-08-29,160.72,281.00,281.00,165.38,157.51,5,10,826.91,B11533-514,B11533-514,"1,405.00",2027-11-30,2027-11-30,,,13,13,URBANPETS SERVICES PRIVATE LIMITED,,204,SkyEC,FRIENDS MEDICINES,,,Gujarat,Ahmedabad
Bellota Gravy Salmon and Tuna 85G,,,,,,,,,,,,,27.78,20,,555.60,,,"1,000.00",,,,,,,,,,,,,,,
,Bellota,Cat Food,Wet Food ,6874,TRANSFER-IN,3824,2026-01-30,2026-02-23,27.78,50.00,50.00,27.78,27.78,20,24,555.60,B6874-808,B6874-808,"1,000.00",2027-09-19,2027-09-19,,,224,200,URBANPETS SERVICES PRIVATE LIMITED,,24,Bellota ,Shreeji Pet Shop,,,Gujarat,Ahmedabad
Bellota Topping chicken Kitten 65 gm,,,,,,,,,,,,,28.50,7,,235.41,,,350.00,,,,,,,,,,,,,,,
,Bellota,Cat Food,Wet Food ,11562,PURCHASE,3451,2026-01-30,2026-01-30,28.50,50.00,50.00,33.63,28.50,7,12,235.41,b11562-9696,b11562-9696,350.00,2026-12-30,2026-12-30,,,224,224,URBANPETS SERVICES PRIVATE LIMITED,,24,Bellota ,Shreeji Pet Shop,,,Gujarat,Ahmedabad
Bellota Topping Sardine Kitten 65gm,,,,,,,,,,,,,27.79,12,,393.51,,,600.00,,,,,,,,,,,,,,,
,Bellota,Cat Food,Wet Food ,11563,PURCHASE,3451,2026-01-30,2026-01-30,27.79,50.00,50.00,32.79,27.79,12,23,393.51,b11563-9697,b11563-9697,600.00,2027-06-06,2027-06-06,,,224,224,URBANPETS SERVICES PRIVATE LIMITED,,24,Bellota ,Shreeji Pet Shop,,,Gujarat,Ahmedabad
Benzderm Shmapoo 200ml,,,,,,,,,,,,,213.34,17,,"3,808.05",,,"5,950.00",,,,,,,,,,,,,,,
,Medicines,Medicine & Supplements ,Medicine ,11996,PURCHASE,4240,2026-07-31,2026-07-31,266.67,350.00,350.00,224.00,213.34,17,20,"3,808.05",B11996-8957,B11996-8957,"5,950.00",2028-01-30,2028-01-30,,,42,42,URBANPETS SERVICES PRIVATE LIMITED,,132,Medicines,MAHIMA ENTERPRISE,,,Gujarat,Ahmedabad
Berry Bites 140gm,,,,,,,,,,,,,203.00,1,,239.54,,,299.00,,,,,,,,,,,,,,,
,HUFT,"Treats, Biscuits & Chews ",Treats  ,12116,PURCHASE,4242,2026-08-01,2026-08-01,203.00,299.00,299.00,239.54,203.00,1,4,239.54,B12116-8970,B12116-8970,299.00,2027-05-30,2027-05-30,,,41,41,URBANPETS SERVICES PRIVATE LIMITED,,319,HUFT,EARTH PAWS PRIVATE LIMITED,,,Gujarat,Ahmedabad
Best Clean Cat Litter Original 5KG,,,,,,,,,,,,,214.29,2,,450.01,,,900.00,,,,,,,,,,,,,,,
,Best Clean,Hygiene,Cat Litter ,2673,PURCHASE,3419,2026-01-30,2026-01-30,214.29,450.00,450.00,225.01,214.29,2,2,450.01,B2673-8864,B2673-8864,900.00,2027-11-21,2027-11-21,,,224,224,URBANPETS SERVICES PRIVATE LIMITED,,28,Best Clean,Shreeji Pet Shop,,,Gujarat,Ahmedabad
Betadine Solution,,,,,,,,,,,,,160.52,16,,"1,353.47",,,"1,674.82",,,,,,,,,,,,,,,
,Manufacturer,Medicine & Supplements ,Medicine ,2776,PURCHASE,3419,2026-01-30,2026-01-30,79.85,109.76,109.76,83.84,79.85,2,26,167.69,B2776-8887,B2776-8887,219.52,2027-09-30,2027-09-30,,,224,224,URBANPETS SERVICES PRIVATE LIMITED,,1,Manufacturer,Shreeji Pet Shop,,,Gujarat,Ahmedabad
,Manufacturer,Medicine & Supplements ,Medicine ,2776,PURCHASE,4251,2026-08-04,2026-08-04,83.16,103.95,103.95,84.70,80.67,14,30,"1,185.78",B2776-9154,B2776-9154,"1,455.30",2028-04-30,2028-04-30,,,38,38,URBANPETS SERVICES PRIVATE LIMITED,,1,Manufacturer,PATEL PHARMA,,,Gujarat,Ahmedabad
Big n Thick Mineral Bath Wipes,,,,,,,,,,,,,"1,658.78",7,,"3,329.67",,,"6,825.00",,,,,,,,,,,,,,,
,Petkin,Hygiene,Towels & Wipes ,2649,TRANSFER-IN,4399,2026-03-17,2026-05-21,454.45,975.00,975.00,454.45,409.01,2,3,908.90,B2649-5155,B2649-5155,"1,950.00",2030-12-30,2030-12-30,,,178,113,URBANPETS SERVICES PRIVATE LIMITED,,172,Petkin,ABK Imports Pvt. Ltd,,,Gujarat,Ahmedabad
,Petkin,Hygiene,Towels & Wipes ,2649,TRANSFER-IN,4789,2026-06-16,2026-07-16,454.45,975.00,975.00,491.58,416.59,2,2,983.16,B2649-8149,B2649-8149,"1,950.00",2031-02-09,2031-02-09,,,87,57,URBANPETS SERVICES PRIVATE LIMITED,,172,Petkin,ABK Imports Pvt. Ltd,,,Gujarat,Ahmedabad
,Petkin,Hygiene,Towels & Wipes ,2649,TRANSFER-IN,4789,2026-06-16,2026-07-16,454.45,975.00,975.00,491.58,416.59,2,2,983.16,B2649-8151,B2649-8151,"1,950.00",2031-02-09,2031-02-09,,,87,57,URBANPETS SERVICES PRIVATE LIMITED,,172,Petkin,ABK Imports Pvt. Ltd,,,Gujarat,Ahmedabad
,Petkin,Hygiene,Towels & Wipes ,2649,TRANSFER-IN,5012,2026-06-16,2026-08-20,454.45,975.00,975.00,454.45,416.59,1,1,454.45,B2649-9921,B2649-9921,975.00,2031-02-09,2031-02-09,,,87,22,URBANPETS SERVICES PRIVATE LIMITED,,172,Petkin,ABK Imports Pvt. Ltd,,,Gujarat,Ahmedabad
Big n Thick Oatmeal Petwipes 100 Wipes,,,,,,,,,,,,,425.14,1,,463.77,,,995.00,,,,,,,,,,,,,,,
,Petkin,Hygiene,Towels & Wipes ,2686,TRANSFER-IN,5012,2026-06-16,2026-08-20,463.77,995.00,995.00,463.77,425.14,1,1,463.77,B2686-9922,B2686-9922,995.00,2031-02-10,2031-02-10,,,87,22,URBANPETS SERVICES PRIVATE LIMITED,,172,Petkin,ABK Imports Pvt. Ltd,,,Gujarat,Ahmedabad
Big n Thick Petwipes 100 Wipes,,,,,,,,,,,,,850.28,3,,"1,467.10",,,"2,985.00",,,,,,,,,,,,,,,
,Petkin,Hygiene,Towels & Wipes ,2644,TRANSFER-IN,4789,2026-06-16,2026-07-16,463.77,995.00,995.00,501.67,425.14,2,2,"1,003.33",B2644-8147,B2644-8147,"1,990.00",2031-02-10,2031-02-10,,,87,57,URBANPETS SERVICES PRIVATE LIMITED,,172,Petkin,ABK Imports Pvt. Ltd,,,Gujarat,Ahmedabad
,Petkin,Hygiene,Towels & Wipes ,2644,TRANSFER-IN,5012,2026-06-16,2026-08-20,463.77,995.00,995.00,463.77,425.14,1,1,463.77,B2644-9923,B2644-9923,995.00,2031-02-10,2031-02-10,,,87,22,URBANPETS SERVICES PRIVATE LIMITED,,172,Petkin,ABK Imports Pvt. Ltd,,,Gujarat,Ahmedabad
Bio Groom Bronze Lustre Color Enhancer Shampoo 355 ml,,,,,,,,,,,,,523.41,1,,549.58,,,"1,225.00",,,,,,,,,,,,,,,
,Bio Groom,Grooming,Shampoo & Conditioner ,2496,PURCHASE,3420,2026-01-30,2026-01-30,523.41,"1,225.00","1,225.00",549.58,523.41,1,1,549.58,B2496-8907,B2496-8907,"1,225.00",2029-12-12,2029-12-12,,,224,224,URBANPETS SERVICES PRIVATE LIMITED,,30,Bio Groom,Shreeji Pet Shop,,,Gujarat,Ahmedabad
Bio Groom Fluffy Puppy Shampoo 355 ml,,,,,,,,,,,,,"1,365.14",4,,"2,794.37",,,"6,540.00",,,,,,,,,,,,,,,
,Bio Groom,Grooming,Shampoo & Conditioner ,2383,PURCHASE,3413,2026-01-30,2026-01-30,640.91,"1,575.00","1,575.00",672.96,640.91,2,2,"1,345.91",B2383-8711,B2383-8711,"3,150.00",2026-08-30,2026-08-30,,,224,224,URBANPETS SERVICES PRIVATE LIMITED,,30,Bio Groom,Shreeji Pet Shop,,,Gujarat,Ahmedabad
,Bio Groom,Grooming,Shampoo & Conditioner ,2383,TRANSFER-IN,4654,2026-01-30,2026-06-25,724.23,"1,695.00","1,695.00",724.23,724.23,2,2,"1,448.46",B2383-7068,B2383-7068,"3,390.00",2032-01-09,2032-01-09,,,224,78,URBANPETS SERVICES PRIVATE LIMITED,,30,Bio Groom,Shreeji Pet Shop,,,Gujarat,Ahmedabad
Bio Groom Groom N Fresh Conditioning Shampoo 355ML,,,,,,,,,,,,,566.14,1,,594.45,,,"1,325.00",,,,,,,,,,,,,,,
,Bio Groom,Grooming,Shampoo & Conditioner ,2498,PURCHASE,3420,2026-01-30,2026-01-30,566.14,"1,325.00","1,325.00",594.45,566.14,1,2,594.45,B2498-8909,B2498-8909,"1,325.00",2099-12-12,2099-12-12,,,224,224,URBANPETS SERVICES PRIVATE LIMITED,,30,Bio Groom,Shreeji Pet Shop,,,Gujarat,Ahmedabad
Bio Groom Groom N Fresh Scented Creme Rinse Conditioner 355 ml,,,,,,,,,,,,,619.32,1,,650.29,,,"1,450.00",,,,,,,,,,,,,,,
,Bio Groom,Grooming,Shampoo & Conditioner ,2437,PURCHASE,3420,2026-01-30,2026-01-30,619.32,"1,450.00","1,450.00",650.29,619.32,1,1,650.29,B2437-8897,B2437-8897,"1,450.00",2099-12-12,2099-12-12,,,224,224,URBANPETS SERVICES PRIVATE LIMITED,,30,Bio Groom,Shreeji Pet Shop,,,Gujarat,Ahmedabad
Bio Groom Indulge Sulfate F-Pure Argan Oil Shampoo 355 ml,,,,,,,,,,,,,608.86,2,,"1,278.61",,,"2,850.00",,,,,,,,,,,,,,,
,Bio Groom,Grooming,Shampoo & Conditioner ,2497,PURCHASE,3420,2026-01-30,2026-01-30,608.86,"1,425.00","1,425.00",639.31,608.86,2,2,"1,278.61",B2497-8908,B2497-8908,"2,850.00",2099-12-12,2099-12-12,,,224,224,URBANPETS SERVICES PRIVATE LIMITED,,30,Bio Groom,Shreeji Pet Shop,,,Gujarat,Ahmedabad
Bio Groom Protein Lanolin Shampoo 355 ml,,,,,,,,,,,,,576.82,1,,605.66,,,"1,350.00",,,,,,,,,,,,,,,
,Bio Groom,Grooming,Shampoo & Conditioner ,2389,PURCHASE,3420,2026-01-30,2026-01-30,576.82,"1,350.00","1,350.00",605.66,576.82,1,1,605.66,B2389-8893,B2389-8893,"1,350.00",2099-12-12,2099-12-12,,,224,224,URBANPETS SERVICES PRIVATE LIMITED,,30,Bio Groom,Shreeji Pet Shop,,,Gujarat,Ahmedabad
Bio Groom Silk Creme Rinse Condtioner 355 ml,,,,,,,,,,,,,766.96,2,,"1,810.02",,,"3,590.00",,,,,,,,,,,,,,,
,Bio Groom,Grooming,Shampoo & Conditioner ,2382,TRANSFER-IN,4795,2026-06-16,2026-07-17,836.65,"1,795.00","1,795.00",905.01,766.96,2,2,"1,810.02",B2382-8196,B2382-8196,"3,590.00",2033-01-09,2033-01-09,,,87,56,URBANPETS SERVICES PRIVATE LIMITED,,30,Bio Groom,ABK Imports Pvt. Ltd,,,Gujarat,Ahmedabad
Bio Groom So Dirty Dog Shampoo 355ml,,,,,,,,,,,,,596.05,2,,"1,251.71",,,"2,790.00",,,,,,,,,,,,,,,
,Bio Groom,Grooming,Shampoo & Conditioner ,2500,PURCHASE,3420,2026-01-30,2026-01-30,596.05,"1,395.00","1,395.00",625.86,596.05,2,2,"1,251.71",B2500-8910,B2500-8910,"2,790.00",2099-12-12,2099-12-12,,,224,224,URBANPETS SERVICES PRIVATE LIMITED,,30,Bio Groom,Shreeji Pet Shop,,,Gujarat,Ahmedabad
Bio Groom Waterless Bath No Rinse Tear Free Shampoo 473 ml,,,,,,,,,,,,,861.92,1,,940.24,,,"1,795.00",,,,,,,,,,,,,,,
,Bio Groom,Grooming,Shampoo & Conditioner ,2494,TRANSFER-IN,5132,2026-06-16,2026-09-09,940.24,"1,795.00","1,795.00",940.24,861.92,1,2,940.24,B2494-1047,B2494-1047,"1,795.00",2033-01-08,2033-01-08,,,87,2,URBANPETS SERVICES PRIVATE LIMITED,,30,Bio Groom,ABK Imports Pvt. Ltd,,,Gujarat,Ahmedabad
BOL Easy Pill Cat 10g X 3,,,,,,,,,,,,,98.89,21,,"2,450.50",,,"3,990.00",,,,,,,,,,,,,,,
,Bark Out Loud,"Treats, Biscuits & Chews ",Treats  ,4182,PURCHASE,3435,2026-01-30,2026-01-30,98.89,190.00,190.00,116.69,98.89,21,26,"2,450.50",B4182-9281,B4182-9281,"3,990.00",2027-01-02,2027-01-02,,,224,224,URBANPETS SERVICES PRIVATE LIMITED,,17,Bark Out Loud,Shreeji Pet Shop,,,Gujarat,Ahmedabad
BOL Easy Pill Dog 20g X 3,,,,,,,,,,,,,114.62,84,,"11,361.56",,,"18,480.00",,,,,,,,,,,,,,,
,Bark Out Loud,"Treats, Biscuits & Chews ",Treats  ,4181,PURCHASE,4053,2026-06-18,2026-06-18,128.66,220.00,220.00,135.26,114.62,84,165,"11,361.56",B4181-6763,B4181-6763,"18,480.00",2028-01-31,2028-01-31,,,85,85,URBANPETS SERVICES PRIVATE LIMITED,,17,Bark Out Loud,Vivaldis Health and food pvt Ltd,,,Gujarat,Ahmedabad
Bow Jerky Liver 200gm,,,,,,,,,,,,,140.71,1,,166.04,,,345.00,,,,,,,,,,,,,,,
,Rena,"Treats, Biscuits & Chews ",Treats  ,7439,TRANSFER-IN,4877,2026-03-17,2026-07-29,160.81,345.00,345.00,166.04,140.71,1,3,166.04,B7439-8720,B7439-8720,345.00,2027-07-10,2027-07-10,,,178,44,URBANPETS SERVICES PRIVATE LIMITED,,190,Rena,ABK Imports Pvt. Ltd,,,Gujarat,Ahmedabad
Bow Jerky Liver 800GM,,,,,,,,,,,,,489.74,1,,577.89,,,"1,150.00",,,,,,,,,,,,,,,
,Rena,"Treats, Biscuits & Chews ",Treats  ,7450,TRANSFER-IN,4814,2026-01-30,2026-07-20,489.74,"1,150.00","1,150.00",577.89,489.74,1,3,577.89,B7450-8283,B7450-8283,"1,150.00",2027-06-28,2027-06-28,,,224,53,URBANPETS SERVICES PRIVATE LIMITED,,190,Rena,Shreeji Pet Shop,,,Gujarat,Ahmedabad
Bow Jerky Milk 800GM,,,,,,,,,,,,,555.46,3,,"1,817.79",,,"3,900.00",,,,,,,,,,,,,,,
,Rena,"Treats, Biscuits & Chews ",Treats  ,7451,TRANSFER-IN,5089,2026-07-31,2026-09-01,605.93,"1,300.00","1,300.00",605.93,555.46,3,3,"1,817.79",B7451-610,B7451-610,"3,900.00",2028-04-09,2028-04-09,,,42,10,URBANPETS SERVICES PRIVATE LIMITED,,190,Rena,ABK Imports Pvt. Ltd,,,Gujarat,Ahmedabad
Bravecto  10-20 KG,,,,,,,,,,,,,"2,328.48",46,,"56,232.96",,,"94,875.00",,,,,,,,,,,,,,,
,Bravecto,Medicine & Supplements ,Medicine ,2941,PURCHASE,4237,2026-08-01,2026-08-01,"1,414.29","2,062.50","2,062.50","1,222.46","1,164.24",3,7,"3,667.37",B2941-8952,B2941-8952,"6,187.50",2027-09-30,2027-09-30,,,41,41,URBANPETS SERVICES PRIVATE LIMITED,,102,Hygiene,S K LOGISTIC,,,Gujarat,Ahmedabad
,Bravecto,Medicine & Supplements ,Medicine ,2941,PURCHASE,4237,2026-08-01,2026-08-01,"1,414.29","2,062.50","2,062.50","1,222.46","1,164.24",43,43,"52,565.59",B2941-8953,B2941-8953,"88,687.50",2028-02-28,2028-02-28,,,41,41,URBANPETS SERVICES PRIVATE LIMITED,,102,Hygiene,S K LOGISTIC,,,Gujarat,Ahmedabad
Bravecto 2-4.5 KG,,,,,,,,,,,,,"1,121.40",4,,"4,709.86",,,"7,500.00",,,,,,,,,,,,,,,
,Bravecto,Medicine & Supplements ,Medicine ,6130,PURCHASE,3973,2026-05-29,2026-05-29,"1,285.71","1,875.00","1,875.00","1,177.47","1,121.40",4,10,"4,709.86",B6130-5747,B6130-5747,"7,500.00",2028-01-31,2028-01-31,,,105,105,URBANPETS SERVICES PRIVATE LIMITED,,138,MSD,S K LOGISTIC,,,Gujarat,Ahmedabad
Bravecto 20-40 KG,,,,,,,,,,,,,"1,164.24",25,,"30,561.40",,,"51,562.50",,,,,,,,,,,,,,,
,Bravecto,Medicine & Supplements ,Medicine ,2824,PURCHASE,4237,2026-08-01,2026-08-01,"1,414.29","2,062.50","2,062.50","1,222.46","1,164.24",25,50,"30,561.40",B2824-8951,B2824-8951,"51,562.50",2028-01-30,2028-01-30,,,41,41,URBANPETS SERVICES PRIVATE LIMITED,,99,Himanshu Medical Agency,S K LOGISTIC,,,Gujarat,Ahmedabad
Bravecto 4.5-10 KG,,,,,,,,,,,,,"1,108.80",27,,"31,434.37",,,"50,625.00",,,,,,,,,,,,,,,
,Bravecto,Medicine & Supplements ,Medicine ,2940,PURCHASE,4390,2026-08-29,2026-08-29,"1,285.71","1,875.00","1,875.00","1,164.24","1,108.80",27,30,"31,434.37",B2940-516,B2940-516,"50,625.00",2028-03-30,2028-03-30,,,13,13,URBANPETS SERVICES PRIVATE LIMITED,,102,Hygiene,S K LOGISTIC,,,Gujarat,Ahmedabad
Bravecto 40-56 KG,,,,,,,,,,,,,"3,034.08",36,,"57,344.11",,,"94,500.00",,,,,,,,,,,,,,,
,Bravecto,Medicine & Supplements ,Medicine ,2939,PURCHASE,4204,2026-07-21,2026-07-21,"1,800.00","2,625.00","2,625.00","1,592.89","1,517.04",6,20,"9,557.35",B2939-8443,B2939-8443,"15,750.00",2028-02-28,2028-02-28,,,52,52,URBANPETS SERVICES PRIVATE LIMITED,,102,Hygiene,S K LOGISTIC,,,Gujarat,Ahmedabad
,Bravecto,Medicine & Supplements ,Medicine ,2939,PURCHASE,4390,2026-08-29,2026-08-29,"1,800.00","2,625.00","2,625.00","1,592.89","1,517.04",30,30,"47,786.76",B2939-515,B2939-515,"78,750.00",2028-03-30,2028-03-30,,,13,13,URBANPETS SERVICES PRIVATE LIMITED,,102,Hygiene,S K LOGISTIC,,,Gujarat,Ahmedabad
CALDIKIND 60K SACHET,,,,,,,,,,,,,44.68,141,,"3,307.78",,,"5,115.48",,,,,,,,,,,,,,,
,Hygiene,Medicine & Supplements ,Medicine ,2797,PURCHASE,3748,2026-04-13,2026-04-13,27.64,36.28,36.28,23.46,22.34,21,120,492.65,C2797-3393,C2797-3393,761.88,2027-11-30,2027-11-30,,,151,151,URBANPETS SERVICES PRIVATE LIMITED,,102,Hygiene,KRISHNA MEDICAL STORES,,,Gujarat,Ahmedabad
,Hygiene,Medicine & Supplements ,Medicine ,2797,PURCHASE,4411,2026-09-01,2026-09-01,27.64,36.28,36.28,23.46,22.34,120,120,"2,815.13",C2797-829,C2797-829,"4,353.60",2028-02-01,2028-02-01,,,10,10,URBANPETS SERVICES PRIVATE LIMITED,,102,Hygiene,KRISHNA MEDICAL STORES,,,Gujarat,Ahmedabad
Candid Mouth Paint,,,,,,,,,,,,,124.71,3,,392.84,,,540.00,,,,,,,,,,,,,,,
,Hygiene,Medicine & Supplements ,Medicine ,2906,PURCHASE,3426,2026-01-30,2026-01-30,124.71,180.00,180.00,130.95,124.71,3,3,392.84,C2906-9046,C2906-9046,540.00,2027-09-30,2027-09-30,,,224,224,URBANPETS SERVICES PRIVATE LIMITED,,102,Hygiene,Shreeji Pet Shop,,,Gujarat,Ahmedabad
Canideram Cream 100GM,,,,,,,,,,,,,185.51,26,,"5,064.51",,,"7,280.00",,,,,,,,,,,,,,,
,Manufacturer,Medicine & Supplements ,Medicine ,2775,PURCHASE,4206,2026-07-22,2026-07-22,213.34,280.00,280.00,194.79,185.51,26,46,"5,064.51",C2775-8445,C2775-8445,"7,280.00",2029-07-30,2029-07-30,,,51,51,URBANPETS SERVICES PRIVATE LIMITED,,1,Manufacturer,MAHIMA ENTERPRISE,,,Gujarat,Ahmedabad
Caniheart BZ-5 Tab.,,,,,,,,,,,,,"2,330.42",18,,"14,941.97",,,"30,493.75",,,,,,,,,,,,,,,
,other,Medicine & Supplements ,Medicine ,10414,PURCHASE,4232,2026-07-31,2026-07-31,758.93,"1,593.75","1,593.75",780.94,743.75,1,3,780.94,C10414-8912,C10414-8912,"1,593.75",2027-05-30,2027-05-30,,,42,42,URBANPETS SERVICES PRIVATE LIMITED,,255,other,FRIENDS MEDICINES,,,Gujarat,Ahmedabad
,other,Medicine & Supplements ,Medicine ,10414,PURCHASE,4232,2026-07-31,2026-07-31,809.53,"1,700.00","1,700.00",833.01,793.34,1,14,833.01,C10414-8913,C10414-8913,"1,700.00",2028-04-30,2028-04-30,,,42,42,URBANPETS SERVICES PRIVATE LIMITED,,255,other,FRIENDS MEDICINES,,,Gujarat,Ahmedabad
,other,Medicine & Supplements ,Medicine ,10414,PURCHASE,4388,2026-08-27,2026-08-27,"1,295.24","1,700.00","1,700.00",833.00,793.33,16,16,"13,328.02",C10414-509,C10414-509,"27,200.00",2028-04-30,2028-04-30,,,15,15,URBANPETS SERVICES PRIVATE LIMITED,,255,other,FRIENDS MEDICINES,,,Gujarat,Ahmedabad
canilact lactulose syrup 100 ml,,,,,,,,,,,,,123.22,16,,"2,070.06",,,"3,450.08",,,,,,,,,,,,,,,
,mahima enterprise,Medicine & Supplements ,Supplements ,11862,PURCHASE,4071,2026-06-23,2026-06-23,164.29,215.63,215.63,129.38,123.22,16,20,"2,070.06",c11862-7013,c11862-7013,"3,450.08",2028-03-30,2028-03-30,,,80,80,URBANPETS SERVICES PRIVATE LIMITED,,338,mahima enterprise,MAHIMA ENTERPRISE,,,Gujarat,Ahmedabad
Canimet  24mg,,,,,,,,,,,,,288.12,3,,907.58,,,"1,350.00",,,,,,,,,,,,,,,
,other,Medicine & Supplements ,Medicine ,12164,PURCHASE,4328,2026-08-17,2026-08-17,343.00,450.00,450.00,302.53,288.12,3,7,907.58,C12164-955,C12164-955,"1,350.00",2027-09-30,2027-09-30,,,25,25,URBANPETS SERVICES PRIVATE LIMITED,,255,other,FRIENDS MEDICINES,,,Gujarat,Ahmedabad
Canimet  60mg,,,,,,,,,,,,,672.00,4,,"2,822.40",,,"4,200.00",,,,,,,,,,,,,,,
,other,Medicine & Supplements ,Medicine ,12163,PURCHASE,4328,2026-08-17,2026-08-17,800.00,"1,050.00","1,050.00",705.60,672.00,4,7,"2,822.40",C12163-956,C12163-956,"4,200.00",2027-09-30,2027-09-30,,,25,25,URBANPETS SERVICES PRIVATE LIMITED,,255,other,FRIENDS MEDICINES,,,Gujarat,Ahmedabad
Canine Creek Adult 12.5KG,,,,,,,,,,,,,"3,487.31",3,,"12,345.07",,,"20,400.00",,,,,,,,,,,,,,,
,Canine Creek ,Dog Food,Dry Food ,7182,PURCHASE,4430,2026-09-07,2026-09-07,"4,033.90","6,800.00","6,800.00","4,115.02","3,487.31",3,3,"12,345.07",C7182-1006,C7182-1006,"20,400.00",2027-10-30,2027-10-30,,,4,4,URBANPETS SERVICES PRIVATE LIMITED,,39,Canine Creek,PG INDIA LOGISTICS PRIVATE LIMITED,,,Gujarat,Ahmedabad
Canine Creek Adult 3 kg,,,,,,,,,,,,,892.79,1,,892.79,,,"1,750.00",,,,,,,,,,,,,,,
,Canine Creek ,Dog Food,Dry Food ,7181,TRANSFER-IN,3680,2026-01-30,2026-02-03,892.79,"1,750.00","1,750.00",892.79,892.79,1,1,892.79,C7181-9923,C7181-9923,"1,750.00",2027-12-26,2027-12-26,,,224,220,URBANPETS SERVICES PRIVATE LIMITED,,39,Canine Creek,Shreeji Pet Shop,,,Gujarat,Ahmedabad
Canine Creek Puppy 4 kg,,,,,,,,,,,,,"1,278.98",1,,"1,278.98",,,"2,450.00",,,,,,,,,,,,,,,
,Canine Creek ,Dog Food,Dry Food ,7180,TRANSFER-IN,3677,2026-01-30,2026-02-03,"1,278.98","2,450.00","2,450.00","1,278.98","1,278.98",1,1,"1,278.98",C7180-9895,C7180-9895,"2,450.00",2027-10-10,2027-10-10,,,224,220,URBANPETS SERVICES PRIVATE LIMITED,,39,Canine Creek,Shreeji Pet Shop,,,Gujarat,Ahmedabad
Canix Premium Heart Harness Black/Neon - M,,,,,,,,,,,,,915.25,1,,"1,080.00",,,"1,800.00",,,,,,,,,,,,,,,
,CANIX,Walk Essentials,Harness ,11581,PURCHASE,3451,2026-01-30,2026-01-30,915.25,"1,800.00","1,800.00","1,080.00",915.25,1,1,"1,080.00",C11581-9702,C11581-9702,"1,800.00",2030-01-28,2030-01-28,,,224,224,URBANPETS SERVICES PRIVATE LIMITED,,335,CANIX,Shreeji Pet Shop,,,Gujarat,Ahmedabad
Canix Premium Heart Harness Black/Neon -2XL,,,,,,,,,,,,,"1,169.49",1,,"1,380.00",,,"2,300.00",,,,,,,,,,,,,,,
,CANIX,Walk Essentials,Harness ,11583,PURCHASE,3451,2026-01-30,2026-01-30,"1,169.49","2,300.00","2,300.00","1,380.00","1,169.49",1,2,"1,380.00",C11583-9704,C11583-9704,"2,300.00",2030-01-28,2030-01-28,,,224,224,URBANPETS SERVICES PRIVATE LIMITED,,335,CANIX,Shreeji Pet Shop,,,Gujarat,Ahmedabad
Canix Premium Heart Harness Black/Red - 2XL,,,,,,,,,,,,,"1,169.49",2,,"2,760.00",,,"4,600.00",,,,,,,,,,,,,,,
,CANIX,Walk Essentials,Harness ,11578,PURCHASE,3451,2026-01-30,2026-01-30,"1,169.49","2,300.00","2,300.00","1,380.00","1,169.49",2,2,"2,760.00",C11578-9700,C11578-9700,"4,600.00",2030-01-28,2030-01-28,,,224,224,URBANPETS SERVICES PRIVATE LIMITED,,335,CANIX,Shreeji Pet Shop,,,Gujarat,Ahmedabad
Canix Premium Heart Harness Black/Red - L,,,,,,,,,,,,,"1,067.80",1,,"1,260.01",,,"2,100.00",,,,,,,,,,,,,,,
,CANIX,Walk Essentials,Harness ,11577,PURCHASE,3451,2026-01-30,2026-01-30,"1,067.80","2,100.00","2,100.00","1,260.01","1,067.80",1,2,"1,260.01",C11577-9699,C11577-9699,"2,100.00",2030-01-28,2030-01-28,,,224,224,URBANPETS SERVICES PRIVATE LIMITED,,335,CANIX,Shreeji Pet Shop,,,Gujarat,Ahmedabad
Canix Premium Heart Harness Blue/Yellow - 2XL,,,,,,,,,,,,,"1,169.49",1,,"1,380.00",,,"2,300.00",,,,,,,,,,,,,,,
,CANIX,Walk Essentials,Harness ,11588,PURCHASE,3451,2026-01-30,2026-01-30,"1,169.49","2,300.00","2,300.00","1,380.00","1,169.49",1,1,"1,380.00",C11588-9708,C11588-9708,"2,300.00",2030-01-28,2030-01-28,,,224,224,URBANPETS SERVICES PRIVATE LIMITED,,335,CANIX,Shreeji Pet Shop,,,Gujarat,Ahmedabad
Canix Premium Heart Harness Blue/Yellow - 3XL,,,,,,,,,,,,,"1,271.18",1,,"1,499.99",,,"2,500.00",,,,,,,,,,,,,,,
,CANIX,Walk Essentials,Harness ,11589,PURCHASE,3451,2026-01-30,2026-01-30,"1,271.18","2,500.00","2,500.00","1,499.99","1,271.18",1,3,"1,499.99",C11589-9709,C11589-9709,"2,500.00",2030-01-28,2030-01-28,,,224,224,URBANPETS SERVICES PRIVATE LIMITED,,335,CANIX,Shreeji Pet Shop,,,Gujarat,Ahmedabad
Canix Premium Heart Harness Blue/Yellow - S,,,,,,,,,,,,,762.71,1,,762.71,,,"1,500.00",,,,,,,,,,,,,,,
,CANIX,Walk Essentials,Harness ,11585,TRANSFER-IN,5012,2026-01-31,2026-08-20,762.71,"1,500.00","1,500.00",762.71,762.71,1,1,762.71,C11585-9929,C11585-9929,"1,500.00",2030-12-01,2030-12-01,,,223,22,URBANPETS SERVICES PRIVATE LIMITED,,335,CANIX,Shreeji Pet Shop,,,Gujarat,Ahmedabad
Canix Premium Heart Harness Leaf Printed Black - 2XL,,,,,,,,,,,,,"1,271.18",1,,"1,499.99",,,"2,500.00",,,,,,,,,,,,,,,
,CANIX,Walk Essentials,Harness ,11598,PURCHASE,3451,2026-01-30,2026-01-30,"1,271.18","2,500.00","2,500.00","1,499.99","1,271.18",1,2,"1,499.99",C11598-9716,C11598-9716,"2,500.00",2030-01-28,2030-01-28,,,224,224,URBANPETS SERVICES PRIVATE LIMITED,,335,CANIX,Shreeji Pet Shop,,,Gujarat,Ahmedabad
Canix Premium Heart Harness Leaf Printed Black - 3XL,,,,,,,,,,,,,"1,372.88",1,,"1,620.00",,,"2,700.00",,,,,,,,,,,,,,,
,CANIX,Walk Essentials,Harness ,11599,PURCHASE,3451,2026-01-30,2026-01-30,"1,372.88","2,700.00","2,700.00","1,620.00","1,372.88",1,2,"1,620.00",C11599-9717,C11599-9717,"2,700.00",2030-01-28,2030-01-28,,,224,224,URBANPETS SERVICES PRIVATE LIMITED,,335,CANIX,Shreeji Pet Shop,,,Gujarat,Ahmedabad
Canix Premium Heart Harness Leaf Printed Black - L,,,,,,,,,,,,,"1,169.49",2,,"2,760.00",,,"4,600.00",,,,,,,,,,,,,,,
,CANIX,Walk Essentials,Harness ,11597,PURCHASE,3451,2026-01-30,2026-01-30,"1,169.49","2,300.00","2,300.00","1,380.00","1,169.49",2,2,"2,760.00",C11597-9715,C11597-9715,"4,600.00",2030-01-28,2030-01-28,,,224,224,URBANPETS SERVICES PRIVATE LIMITED,,335,CANIX,Shreeji Pet Shop,,,Gujarat,Ahmedabad
Canix Premium Heart Harness Leaf Printed Blue - 2XL,,,,,,,,,,,,,"1,271.18",1,,"1,499.99",,,"2,500.00",,,,,,,,,,,,,,,
,CANIX,Walk Essentials,Harness ,11593,PURCHASE,3451,2026-01-30,2026-01-30,"1,271.18","2,500.00","2,500.00","1,499.99","1,271.18",1,1,"1,499.99",C11593-9712,C11593-9712,"2,500.00",2030-01-28,2030-01-28,,,224,224,URBANPETS SERVICES PRIVATE LIMITED,,335,CANIX,Shreeji Pet Shop,,,Gujarat,Ahmedabad
Canix Premium Heart Harness Leaf Printed Blue - 3XL,,,,,,,,,,,,,"1,372.88",2,,"3,240.00",,,"5,400.00",,,,,,,,,,,,,,,
,CANIX,Walk Essentials,Harness ,11594,PURCHASE,3451,2026-01-30,2026-01-30,"1,372.88","2,700.00","2,700.00","1,620.00","1,372.88",2,3,"3,240.00",C11594-9713,C11594-9713,"5,400.00",2030-01-28,2030-01-28,,,224,224,URBANPETS SERVICES PRIVATE LIMITED,,335,CANIX,Shreeji Pet Shop,,,Gujarat,Ahmedabad
Canix Premium Heart Harness Leaf Printed Blue - S,,,,,,,,,,,,,915.25,1,,915.25,,,"1,800.00",,,,,,,,,,,,,,,
,CANIX,Walk Essentials,Harness ,11590,TRANSFER-IN,5012,2026-01-31,2026-08-20,915.25,"1,800.00","1,800.00",915.25,915.25,1,1,915.25,C11590-9930,C11590-9930,"1,800.00",2030-11-28,2030-11-28,,,223,22,URBANPETS SERVICES PRIVATE LIMITED,,335,CANIX,Shreeji Pet Shop,,,Gujarat,Ahmedabad
Cantinea Powder 100gm,,,,,,,,,,,,,232.66,91,,"11,318.84",,,"20,850.00",,,,,,,,,,,,,,,
,Shreeji Pet Shop,Medicine & Supplements ,Medicine ,3013,PURCHASE,3687,2026-03-26,2026-03-26,150.86,220.00,220.00,119.42,113.74,8,100,955.38,C3013-5400,C3013-5400,"1,760.00",2028-11-30,2028-11-30,,,169,169,URBANPETS SERVICES PRIVATE LIMITED,,201,Shreeji Pet Shop,VEKO CARE PRIVATE LIMITED,,,Gujarat,Ahmedabad
,Shreeji Pet Shop,Medicine & Supplements ,Medicine ,3013,PURCHASE,4306,2026-07-31,2026-07-31,157.72,230.00,230.00,124.86,118.92,83,100,"10,363.46",C3013-9672,C3013-9672,"19,090.00",2029-06-30,2029-06-30,,,42,42,URBANPETS SERVICES PRIVATE LIMITED,,201,Shreeji Pet Shop,VEKO CARE PRIVATE LIMITED,,,Gujarat,Ahmedabad
Carding Groomer Plastic Metal Blade 11X15CM,,,,,,,,,,,,,"1,023.36",1,,"1,207.56",,,"2,395.00",,,,,,,,,,,,,,,
,Trixie,Accessories,Trimmer & Nail Cutter ,9613,PURCHASE,3444,2026-01-30,2026-01-30,"1,023.36","2,395.00","2,395.00","1,207.56","1,023.36",1,1,"1,207.56",C9613-9518,C9613-9518,"2,395.00",,,,,224,224,URBANPETS SERVICES PRIVATE LIMITED,,218,Trixie,Shreeji Pet Shop,,,Gujarat,Ahmedabad
Cardiopet 2.5mg,,,,,,,,,,,,,47.20,58,,"1,531.07",,,"3,136.00",,,,,,,,,,,,,,,
,Hygiene,Medicine & Supplements ,Medicine ,2938,PURCHASE,3427,2026-01-30,2026-01-30,22.00,58.00,58.00,23.10,22.00,1,39,23.10,C2938-9069,C2938-9069,58.00,2026-07-30,2026-07-30,,,224,224,URBANPETS SERVICES PRIVATE LIMITED,,102,Hygiene,Shreeji Pet Shop,,,Gujarat,Ahmedabad
,Hygiene,Medicine & Supplements ,Medicine ,2938,PURCHASE,4051,2026-06-20,2026-06-20,25.71,54.00,54.00,26.46,25.20,57,100,"1,507.97",C2938-6758,C2938-6758,"3,078.00",2027-09-30,2027-09-30,,,83,83,URBANPETS SERVICES PRIVATE LIMITED,,102,Hygiene,SWISSBIOCARE,,,Gujarat,Ahmedabad
Cardiopet 5 mg,,,,,,,,,,,,,123.22,27,,"1,137.57",,,"2,352.00",,,,,,,,,,,,,,,
,Shreeji Pet Shop,Medicine & Supplements ,Medicine ,3018,PURCHASE,3429,2026-01-30,2026-01-30,39.81,91.00,91.00,41.80,39.81,2,73,83.60,C3018-9137,C3018-9137,182.00,2027-02-26,2027-02-26,,,224,224,URBANPETS SERVICES PRIVATE LIMITED,,201,Shreeji Pet Shop,Shreeji Pet Shop,,,Gujarat,Ahmedabad
,Shreeji Pet Shop,Medicine & Supplements ,Medicine ,3018,PURCHASE,3429,2026-01-30,2026-01-30,43.75,100.00,100.00,45.94,43.75,3,3,137.81,C3018-9143,C3018-9143,300.00,2026-07-30,2026-07-30,,,224,224,URBANPETS SERVICES PRIVATE LIMITED,,201,Shreeji Pet Shop,Shreeji Pet Shop,,,Gujarat,Ahmedabad
,Shreeji Pet Shop,Medicine & Supplements ,Medicine ,3018,PURCHASE,4051,2026-06-20,2026-06-20,40.47,85.00,85.00,41.64,39.66,22,100,916.16,C3018-6759,C3018-6759,"1,870.00",2027-09-30,2027-09-30,,,83,83,URBANPETS SERVICES PRIVATE LIMITED,,201,Shreeji Pet Shop,SWISSBIOCARE,,,Gujarat,Ahmedabad
Cat Bravecto  2.8-6.25 KG,,,,,,,,,,,,,822.53,10,,"8,636.58",,,"18,000.00",,,,,,,,,,,,,,,
,Bravecto,Medicine & Supplements ,Medicine ,11978,PURCHASE,3973,2026-05-29,2026-05-29,"1,234.29","1,800.00","1,800.00",863.66,822.53,10,10,"8,636.58",B11978-5750,B11978-5750,"18,000.00",2027-08-31,2027-08-31,,,105,105,URBANPETS SERVICES PRIVATE LIMITED,,284,Bravecto,S K LOGISTIC,,,Gujarat,Ahmedabad
Cat Harness with Leash Premium 25-45CM/10MM 4 FT Indigo,,,,,,,,,,,,,165.26,4,,334.76,,,"1,000.00",,,,,,,,,,,,,,,
,Trixie,Walk Essentials,Harness & Leash Set ,8469,TRANSFER-IN,5101,2026-02-19,2026-09-03,80.51,250.00,250.00,80.51,80.51,1,1,80.51,C8469-790,C8469-790,250.00,,,,,204,8,URBANPETS SERVICES PRIVATE LIMITED,,218,Trixie,Smartypet Pet Products,,,Gujarat,Ahmedabad
,Trixie,Walk Essentials,Harness & Leash Set ,8469,TRANSFER-IN,5101,2026-02-19,2026-09-03,84.75,250.00,250.00,84.75,84.75,3,3,254.25,C8469-791,C8469-791,750.00,,,,,204,8,URBANPETS SERVICES PRIVATE LIMITED,,218,Trixie,Smartypet Pet Products,,,Gujarat,Ahmedabad
Catalysis Diamel 150 ml,,,,,,,,,,,,,884.45,3,,"3,130.96",,,"5,700.00",,,,,,,,,,,,,,,
,Manufacturer,Medicine & Supplements ,Medicine ,2763,PURCHASE,3419,2026-01-30,2026-01-30,884.45,"1,900.00","1,900.00","1,043.65",884.45,3,6,"3,130.96",C2763-8884,C2763-8884,"5,700.00",2028-10-31,2028-10-31,,,224,224,URBANPETS SERVICES PRIVATE LIMITED,,1,Manufacturer,Shreeji Pet Shop,,,Gujarat,Ahmedabad
CATALYSIS Kardioli  150 Ml,,,,,,,,,,,,,"1,941.91",13,,"14,829.67",,,"24,400.00",,,,,,,,,,,,,,,
,KARDIOLI,Medicine & Supplements ,Medicine ,3074,PURCHASE,3430,2026-01-30,2026-01-30,977.06,"1,750.00","1,750.00","1,152.93",977.06,2,5,"2,305.86",C3074-9162,C3074-9162,"3,500.00",2027-04-30,2027-04-30,,,224,224,URBANPETS SERVICES PRIVATE LIMITED,,109,KARDIOLI,Shreeji Pet Shop,,,Gujarat,Ahmedabad
,KARDIOLI,Medicine & Supplements ,Medicine ,3074,PURCHASE,4236,2026-07-28,2026-07-28,"1,083.00","1,900.00","1,900.00","1,138.53",964.85,11,11,"12,523.81",C3074-8949,C3074-8949,"20,900.00",2029-01-31,2029-01-31,,,45,45,URBANPETS SERVICES PRIVATE LIMITED,,109,KARDIOLI,Vivaldis Health and food pvt Ltd,,,Gujarat,Ahmedabad
Catalysis Viusid Detox 30,,,,,,,,,,,,,308.22,25,,"9,092.49",,,"13,750.00",,,,,,,,,,,,,,,
,Vivaldis,Medicine & Supplements ,Medicine ,5993,PURCHASE,3436,2026-01-30,2026-01-30,308.22,550.00,550.00,363.70,308.22,25,27,"9,092.49",C5993-9318,C5993-9318,"13,750.00",2027-04-30,2027-04-30,,,224,224,URBANPETS SERVICES PRIVATE LIMITED,,239,Vivaldis,Shreeji Pet Shop,,,Gujarat,Ahmedabad
Cavo Adjustable Leash S-M 2.00m/12mm Black/Graphite,,,,,,,,,,,,,426.20,3,,"1,508.75",,,"3,135.00",,,,,,,,,,,,,,,
,Trixie,Walk Essentials,Leash,4957,PURCHASE,3435,2026-01-30,2026-01-30,426.20,"1,045.00","1,045.00",502.92,426.20,3,8,"1,508.75",C4957-9300,C4957-9300,"3,135.00",,,,,224,224,URBANPETS SERVICES PRIVATE LIMITED,,218,Trixie,Shreeji Pet Shop,,,Gujarat,Ahmedabad
Cavo Adjustable Leash S-M 2m/12mm Graphite,,,,,,,,,,,,,426.20,2,,"1,005.83",,,"2,090.00",,,,,,,,,,,,,,,
,Trixie,Walk Essentials,Leash,10323,PURCHASE,3447,2026-01-30,2026-01-30,426.20,"1,045.00","1,045.00",502.92,426.20,2,2,"1,005.83",C10323-9617,C10323-9617,"2,090.00",,,,,224,224,URBANPETS SERVICES PRIVATE LIMITED,,218,Trixie,Shreeji Pet Shop,,,Gujarat,Ahmedabad
CEFMON SB 1.5GM INJ,,,,,,,,,,,,,130.00,41,,"2,798.25",,,"15,785.00",,,,,,,,,,,,,,,
,Manufacturer,Medicine & Supplements ,Medicine ,5990,PURCHASE,3529,2026-02-20,2026-02-20,65.00,385.00,385.00,68.25,65.00,1,34,68.25,C5990-763,C5990-763,385.00,2027-06-30,2027-06-30,,,203,203,URBANPETS SERVICES PRIVATE LIMITED,,1,Manufacturer,integrated healthcare,,,Gujarat,Ahmedabad
,Manufacturer,Medicine & Supplements ,Medicine ,5990,PURCHASE,3946,2026-05-27,2026-05-27,65.00,385.00,385.00,68.25,65.00,40,50,"2,730.00",C5990-5424,C5990-5424,"15,400.00",2027-09-30,2027-09-30,,,107,107,URBANPETS SERVICES PRIVATE LIMITED,,1,Manufacturer,integrated healthcare,,,Gujarat,Ahmedabad
Cetzine Syrup,,,,,,,,,,,,,31.19,7,,229.21,,,295.40,,,,,,,,,,,,,,,
,Hygiene,Medicine & Supplements ,Medicine ,2903,PURCHASE,4125,2026-06-29,2026-06-29,32.15,42.20,42.20,32.74,31.19,7,9,229.21,C2903-7438,C2903-7438,295.40,2027-11-30,2027-11-30,,,74,74,URBANPETS SERVICES PRIVATE LIMITED,,102,Hygiene,PATEL PHARMA,,,Gujarat,Ahmedabad
CETZINE Tablets,,,,,,,,,,,,,44.53,124,,"2,904.11",,,"3,724.96",,,,,,,,,,,,,,,
,Manufacturer,Medicine & Supplements ,Medicine ,2843,PURCHASE,4251,2026-08-04,2026-08-04,22.89,30.04,30.04,23.31,22.20,24,120,559.52,C2843-9153,C2843-9153,720.96,2028-08-30,2028-08-30,,,38,38,URBANPETS SERVICES PRIVATE LIMITED,,1,Manufacturer,PATEL PHARMA,,,Gujarat,Ahmedabad
,Manufacturer,Medicine & Supplements ,Medicine ,2843,PURCHASE,4440,2026-09-08,2026-09-08,23.02,30.04,30.04,23.45,22.33,100,100,"2,344.59",C2843-1144,C2843-1144,"3,004.00",2029-03-30,2029-03-30,,,3,3,URBANPETS SERVICES PRIVATE LIMITED,,1,Manufacturer,PATEL PHARMA,,,Gujarat,Ahmedabad
Chappi Adult Chicken and Rice 20KG,,,,,,,,,,,,,"1,722.11",1,,"2,101.69",,,"3,100.00",,,,,,,,,,,,,,,
,Chappi,Dog Food,Dry Food ,7285,TRANSFER-IN,5127,2026-06-13,2026-09-09,"2,101.69","3,100.00","3,100.00","2,101.69","1,722.11",1,2,"2,101.69",C7285-1018,C7285-1018,"3,100.00",2027-04-30,2027-04-30,,,90,2,URBANPETS SERVICES PRIVATE LIMITED,,46,Chappi,Jay Projects,,,Gujarat,Ahmedabad
Cheese Milky Chew Chicken Bone Style 10 Pcs,,,,,,,,,,,,,170.48,2,,402.33,,,798.00,,,,,,,,,,,,,,,
,Dogaholic ,"Treats, Biscuits & Chews ",Treats  ,7433,TRANSFER-IN,4789,2026-04-28,2026-07-16,185.97,399.00,399.00,201.16,170.48,2,3,402.33,C7433-8142,C7433-8142,798.00,2028-02-10,2028-02-10,,,136,57,URBANPETS SERVICES PRIVATE LIMITED,,63,Dogaholic ,ABK Imports Pvt. Ltd,,,Gujarat,Ahmedabad
Cheese Milky Chew Chicken Stick Style 10 Pcs,,,,,,,,,,,,,199.26,2,,442.80,,,950.00,,,,,,,,,,,,,,,
,Dogaholic ,"Treats, Biscuits & Chews ",Treats  ,7432,TRANSFER-IN,4938,2026-07-31,2026-08-07,221.40,475.00,475.00,221.40,199.26,2,3,442.80,C7432-9336,C7432-9336,950.00,2028-04-09,2028-04-09,,,42,35,URBANPETS SERVICES PRIVATE LIMITED,,63,Dogaholic ,ABK Imports Pvt. Ltd,,,Gujarat,Ahmedabad
Chicken Bacon Bone BBQ,,,,,,,,,,,,,371.72,4,,743.44,,,"1,740.00",,,,,,,,,,,,,,,
,Dogaholic ,"Treats, Biscuits & Chews ",Treats  ,7447,TRANSFER-IN,3832,2026-01-30,2026-02-24,185.86,435.00,435.00,185.86,185.86,1,3,185.86,C7447-959,C7447-959,435.00,2026-11-10,2026-11-10,,,224,199,URBANPETS SERVICES PRIVATE LIMITED,,63,Dogaholic ,Shreeji Pet Shop,,,Gujarat,Ahmedabad
,Dogaholic ,"Treats, Biscuits & Chews ",Treats  ,7447,TRANSFER-IN,4902,2026-01-30,2026-08-03,185.86,435.00,435.00,185.86,185.86,3,3,557.58,C7447-8994,C7447-8994,"1,305.00",2027-03-10,2027-03-10,,,224,39,URBANPETS SERVICES PRIVATE LIMITED,,63,Dogaholic ,Shreeji Pet Shop,,,Gujarat,Ahmedabad
Chicken Bacon Stick BBQ,,,,,,,,,,,,,185.86,2,,371.72,,,870.00,,,,,,,,,,,,,,,
,Dogaholic ,"Treats, Biscuits & Chews ",Treats  ,7448,TRANSFER-IN,4902,2026-01-30,2026-08-03,185.86,435.00,435.00,185.86,185.86,2,3,371.72,C7448-8993,C7448-8993,870.00,2027-08-10,2027-08-10,,,224,39,URBANPETS SERVICES PRIVATE LIMITED,,63,Dogaholic ,Shreeji Pet Shop,,,Gujarat,Ahmedabad
CHILIPILL - NM TABLET,,,,,,,,,,,,,49.68,220,,"5,701.80",,,"9,504.00",,,,,,,,,,,,,,,
,other,Medicine & Supplements ,Medicine ,11652,PURCHASE,3451,2026-01-30,2026-01-30,24.90,41.50,41.50,24.90,24.90,20,120,498.00,C11652-9723,C11652-9723,830.00,2027-02-28,2027-02-28,,,224,224,URBANPETS SERVICES PRIVATE LIMITED,,255,other,Shreeji Pet Shop,,,Gujarat,Ahmedabad
,other,Medicine & Supplements ,Medicine ,11652,PURCHASE,4076,2026-06-24,2026-06-24,24.78,43.37,43.37,26.02,24.78,200,200,"5,203.80",C11652-7095,C11652-7095,"8,674.00",2027-11-30,2027-11-30,,,79,79,URBANPETS SERVICES PRIVATE LIMITED,,255,other,MAHIMA ENTERPRISE,,,Gujarat,Ahmedabad
Chip Chops Barbeque Hearts 70g,,,,,,,,,,,,,96.13,2,,209.74,,,450.00,,,,,,,,,,,,,,,
,Chip Chops,"Treats, Biscuits & Chews ",Treats  ,7371,TRANSFER-IN,5014,2026-06-16,2026-08-20,104.87,225.00,225.00,104.87,96.13,2,6,209.74,C7371-9936,C7371-9936,450.00,2027-10-10,2027-10-10,,,87,22,URBANPETS SERVICES PRIVATE LIMITED,,47,Chip Chops,ABK Imports Pvt. Ltd,,,Gujarat,Ahmedabad
Chip Chops Chicken and Codfish Rolls 250G,,,,,,,,,,,,,294.82,1,,347.89,,,690.00,,,,,,,,,,,,,,,
,Chip Chops,"Treats, Biscuits & Chews ",Treats  ,6243,TRANSFER-IN,4817,2026-06-16,2026-07-20,321.61,690.00,690.00,347.89,294.82,1,4,347.89,C6243-8299,C6243-8299,690.00,2027-10-10,2027-10-10,,,87,53,URBANPETS SERVICES PRIVATE LIMITED,,47,Chip Chops,ABK Imports Pvt. Ltd,,,Gujarat,Ahmedabad
Chip Chops Chicken and Codfish Sandwich 250gm,,,,,,,,,,,,,409.32,2,,966.00,,,"1,380.00",,,,,,,,,,,,,,,
,Chip Chops,"Treats, Biscuits & Chews ",Treats  ,4591,PURCHASE,4360,2026-08-24,2026-08-24,409.32,690.00,690.00,483.00,409.32,2,5,966.00,C4591-183,C4591-183,"1,380.00",2027-05-30,2027-05-30,,,18,18,URBANPETS SERVICES PRIVATE LIMITED,,47,Chip Chops,MAHIMA ENTERPRISE,,,Gujarat,Ahmedabad
Chip Chops Chicken Chips Coins 70G,,,,,,,,,,,,,83.51,3,,250.53,,,645.00,,,,,,,,,,,,,,,
,Chip Chops,"Treats, Biscuits & Chews ",Treats  ,7693,TRANSFER-IN,4341,2026-01-30,2026-05-11,83.51,215.00,215.00,83.51,83.51,3,4,250.53,C7693-4667,C7693-4667,645.00,2027-03-12,2027-03-12,,,224,123,URBANPETS SERVICES PRIVATE LIMITED,,47,Chip Chops,Shreeji Pet Shop,,,Gujarat,Ahmedabad
Chip Chops Chicken Pasta 250gm,,,,,,,,,,,,,268.00,2,,643.22,,,"1,380.00",,,,,,,,,,,,,,,
,Chip Chops,"Treats, Biscuits & Chews ",Treats  ,10255,TRANSFER-IN,5034,2026-07-31,2026-08-24,321.61,690.00,690.00,321.61,268.00,2,3,643.22,C10255-157,C10255-157,"1,380.00",2027-11-13,2027-11-13,,,42,18,URBANPETS SERVICES PRIVATE LIMITED,,47,Chip Chops,ABK Imports Pvt. Ltd,,,Gujarat,Ahmedabad
Chip Chops Chicken Pasta 70gm,,,,,,,,,,,,,284.12,5,,528.26,,,"1,115.00",,,,,,,,,,,,,,,
,Chip Chops,"Treats, Biscuits & Chews ",Treats  ,7696,TRANSFER-IN,4349,2026-04-28,2026-05-12,100.21,215.00,215.00,100.21,91.86,1,3,100.21,C7696-4693,C7696-4693,215.00,2027-08-30,2027-08-30,,,136,122,URBANPETS SERVICES PRIVATE LIMITED,,47,Chip Chops,ABK Imports Pvt. Ltd,,,Gujarat,Ahmedabad
,Chip Chops,"Treats, Biscuits & Chews ",Treats  ,7696,TRANSFER-IN,4869,2026-06-16,2026-07-28,104.87,225.00,225.00,113.44,96.13,1,4,113.44,C7696-8674,C7696-8674,225.00,2027-10-10,2027-10-10,,,87,45,URBANPETS SERVICES PRIVATE LIMITED,,47,Chip Chops,ABK Imports Pvt. Ltd,,,Gujarat,Ahmedabad
,Chip Chops,"Treats, Biscuits & Chews ",Treats  ,7696,TRANSFER-IN,5034,2026-06-16,2026-08-24,104.87,225.00,225.00,104.87,96.13,3,3,314.61,C7696-158,C7696-158,675.00,2027-10-10,2027-10-10,,,87,18,URBANPETS SERVICES PRIVATE LIMITED,,47,Chip Chops,ABK Imports Pvt. Ltd,,,Gujarat,Ahmedabad
Chip Chops Chicken Tenders 250g,,,,,,,,,,,,,268.00,2,,643.22,,,"1,380.00",,,,,,,,,,,,,,,
,Chip Chops,"Treats, Biscuits & Chews ",Treats  ,7373,TRANSFER-IN,5120,2026-07-31,2026-09-08,321.61,690.00,690.00,321.61,268.00,2,3,643.22,C7373-969,C7373-969,"1,380.00",2027-11-05,2027-11-05,,,42,3,URBANPETS SERVICES PRIVATE LIMITED,,47,Chip Chops,ABK Imports Pvt. Ltd,,,Gujarat,Ahmedabad
Chip Chops Chicken Tenders 70GM,,,,,,,,,,,,,96.13,4,,453.75,,,900.00,,,,,,,,,,,,,,,
,Chip Chops,"Treats, Biscuits & Chews ",Treats  ,7389,TRANSFER-IN,4730,2026-05-29,2026-07-06,104.87,225.00,225.00,113.44,96.13,4,6,453.75,C7389-7533,C7389-7533,900.00,2027-10-30,2027-10-30,,,105,67,URBANPETS SERVICES PRIVATE LIMITED,,47,Chip Chops,ABK Imports Pvt. Ltd,,,Gujarat,Ahmedabad
Chip Chops Diced Chicken 250g,,,,,,,,,,,,,268.00,2,,643.22,,,"1,380.00",,,,,,,,,,,,,,,
,Chip Chops,"Treats, Biscuits & Chews ",Treats  ,7374,TRANSFER-IN,5079,2026-07-31,2026-08-31,321.61,690.00,690.00,321.61,268.00,2,3,643.22,C7374-549,C7374-549,"1,380.00",2027-10-21,2027-10-21,,,42,11,URBANPETS SERVICES PRIVATE LIMITED,,47,Chip Chops,ABK Imports Pvt. Ltd,,,Gujarat,Ahmedabad
Chip Chops Diced Chicken 70G,,,,,,,,,,,,,170.89,5,,481.61,,,"1,105.00",,,,,,,,,,,,,,,
,Chip Chops,"Treats, Biscuits & Chews ",Treats  ,7686,TRANSFER-IN,4932,2026-01-30,2026-08-06,83.50,215.00,215.00,83.50,83.50,2,5,167.00,C7686-9208,C7686-9208,430.00,2027-01-19,2027-01-19,,,224,36,URBANPETS SERVICES PRIVATE LIMITED,,47,Chip Chops,Shreeji Pet Shop,,,Gujarat,Ahmedabad
,Chip Chops,"Treats, Biscuits & Chews ",Treats  ,7686,TRANSFER-IN,5014,2026-07-31,2026-08-20,104.87,225.00,225.00,104.87,87.39,3,6,314.61,C7686-9940,C7686-9940,675.00,2027-10-10,2027-10-10,,,42,22,URBANPETS SERVICES PRIVATE LIMITED,,47,Chip Chops,ABK Imports Pvt. Ltd,,,Gujarat,Ahmedabad
Chip Chops Dried Chicken Jerky 250G,,,,,,,,,,,,,256.35,1,,307.63,,,660.00,,,,,,,,,,,,,,,
,Chip Chops,"Treats, Biscuits & Chews ",Treats  ,6241,TRANSFER-IN,4070,2026-03-17,2026-03-30,307.63,660.00,660.00,307.63,256.35,1,5,307.63,C6241-2744,C6241-2744,660.00,2027-06-18,2027-06-18,,,178,165,URBANPETS SERVICES PRIVATE LIMITED,,47,Chip Chops,ABK Imports Pvt. Ltd,,,Gujarat,Ahmedabad
Chip Chops Dried Chicken Jerky 70G,,,,,,,,,,,,,167.03,8,,713.21,,,"1,720.00",,,,,,,,,,,,,,,
,Chip Chops,"Treats, Biscuits & Chews ",Treats  ,7692,PURCHASE,3417,2026-01-30,2026-01-30,83.52,215.00,215.00,98.55,83.52,3,5,295.66,C7692-8834,C7692-8834,645.00,2026-12-10,2026-12-10,,,224,224,URBANPETS SERVICES PRIVATE LIMITED,,47,Chip Chops,Shreeji Pet Shop,,,Gujarat,Ahmedabad
,Chip Chops,"Treats, Biscuits & Chews ",Treats  ,7692,TRANSFER-IN,5014,2026-01-30,2026-08-20,83.51,215.00,215.00,83.51,83.51,5,6,417.55,C7692-9941,C7692-9941,"1,075.00",2027-01-19,2027-01-19,,,224,22,URBANPETS SERVICES PRIVATE LIMITED,,47,Chip Chops,Shreeji Pet Shop,,,Gujarat,Ahmedabad
Chip Chops Fish On Stick 250G,,,,,,,,,,,,,551.17,3,,899.57,,,"2,040.00",,,,,,,,,,,,,,,
,Chip Chops,"Treats, Biscuits & Chews ",Treats  ,6242,TRANSFER-IN,4237,2026-01-30,2026-04-27,256.35,660.00,660.00,256.35,256.35,1,3,256.35,C6242-3977,C6242-3977,660.00,2027-03-12,2027-03-12,,,224,137,URBANPETS SERVICES PRIVATE LIMITED,,47,Chip Chops,Shreeji Pet Shop,,,Gujarat,Ahmedabad
,Chip Chops,"Treats, Biscuits & Chews ",Treats  ,6242,TRANSFER-IN,4887,2026-06-16,2026-07-31,321.61,690.00,690.00,321.61,294.82,2,2,643.22,C6242-8893,C6242-8893,"1,380.00",2027-10-10,2027-10-10,,,87,42,URBANPETS SERVICES PRIVATE LIMITED,,47,Chip Chops,ABK Imports Pvt. Ltd,,,Gujarat,Ahmedabad
Chip Chops Fish On Stick 70G,,,,,,,,,,,,,83.51,2,,167.02,,,430.00,,,,,,,,,,,,,,,
,Chip Chops,"Treats, Biscuits & Chews ",Treats  ,7691,TRANSFER-IN,4915,2026-01-30,2026-08-04,83.51,215.00,215.00,83.51,83.51,2,3,167.02,C7691-9097,C7691-9097,430.00,2027-01-19,2027-01-19,,,224,38,URBANPETS SERVICES PRIVATE LIMITED,,47,Chip Chops,Shreeji Pet Shop,,,Gujarat,Ahmedabad
Chip Chops Lamb Cubes 250gm,,,,,,,,,,,,,807.52,2,,597.08,,,"1,380.00",,,,,,,,,,,,,,,
,Chip Chops,"Treats, Biscuits & Chews ",Treats  ,10254,PURCHASE,3447,2026-01-30,2026-01-30,256.35,660.00,660.00,302.49,256.35,-1,4,-302.49,C10254-9607,C10254-9607,-660.00,2027-01-19,2027-01-19,,,224,224,URBANPETS SERVICES PRIVATE LIMITED,,47,Chip Chops,Shreeji Pet Shop,,,Gujarat,Ahmedabad
,Chip Chops,"Treats, Biscuits & Chews ",Treats  ,10254,TRANSFER-IN,4516,2026-01-30,2026-06-08,256.35,660.00,660.00,256.35,256.35,1,3,256.35,C10254-5964,C10254-5964,660.00,2027-03-12,2027-03-12,,,224,95,URBANPETS SERVICES PRIVATE LIMITED,,47,Chip Chops,Shreeji Pet Shop,,,Gujarat,Ahmedabad
,Chip Chops,"Treats, Biscuits & Chews ",Treats  ,10254,TRANSFER-IN,5034,2026-06-16,2026-08-24,321.61,690.00,690.00,321.61,294.82,2,2,643.22,C10254-156,C10254-156,"1,380.00",2027-10-10,2027-10-10,,,87,18,URBANPETS SERVICES PRIVATE LIMITED,,47,Chip Chops,ABK Imports Pvt. Ltd,,,Gujarat,Ahmedabad
Chip Chops Roast Chicken Strips 250g,,,,,,,,,,,,,536.00,4,,"1,286.44",,,"2,760.00",,,,,,,,,,,,,,,
,Chip Chops,"Treats, Biscuits & Chews ",Treats  ,7375,TRANSFER-IN,5018,2026-07-31,2026-08-21,321.61,690.00,690.00,321.61,268.00,1,3,321.61,C7375-6,C7375-6,690.00,2027-10-02,2027-10-02,,,42,21,URBANPETS SERVICES PRIVATE LIMITED,,47,Chip Chops,ABK Imports Pvt. Ltd,,,Gujarat,Ahmedabad
,Chip Chops,"Treats, Biscuits & Chews ",Treats  ,7375,TRANSFER-IN,5044,2026-07-31,2026-08-25,321.61,690.00,690.00,321.61,268.00,3,3,964.83,C7375-204,C7375-204,"2,070.00",2027-10-02,2027-10-02,,,42,17,URBANPETS SERVICES PRIVATE LIMITED,,47,Chip Chops,ABK Imports Pvt. Ltd,,,Gujarat,Ahmedabad
Chip Chops Roast Duck Strips 250g,,,,,,,,,,,,,"1,026.29",4,,"1,497.51",,,"3,005.00",,,,,,,,,,,,,,,
,Chip Chops,"Treats, Biscuits & Chews ",Treats  ,7370,PURCHASE,3417,2026-01-30,2026-01-30,475.12,995.00,995.00,560.64,475.12,1,2,560.64,C7370-8819,C7370-8819,995.00,2026-10-03,2026-10-03,,,224,224,URBANPETS SERVICES PRIVATE LIMITED,,47,Chip Chops,Shreeji Pet Shop,,,Gujarat,Ahmedabad
,Chip Chops,"Treats, Biscuits & Chews ",Treats  ,7370,TRANSFER-IN,4554,2026-03-17,2026-06-12,307.63,660.00,660.00,307.63,256.35,2,3,615.26,C7370-6229,C7370-6229,"1,320.00",2027-07-07,2027-07-07,,,178,91,URBANPETS SERVICES PRIVATE LIMITED,,47,Chip Chops,ABK Imports Pvt. Ltd,,,Gujarat,Ahmedabad
,Chip Chops,"Treats, Biscuits & Chews ",Treats  ,7370,TRANSFER-IN,4647,2026-06-16,2026-06-24,321.61,690.00,690.00,321.61,294.82,1,3,321.61,C7370-6964,C7370-6964,690.00,2027-10-10,2027-10-10,,,87,79,URBANPETS SERVICES PRIVATE LIMITED,,47,Chip Chops,ABK Imports Pvt. Ltd,,,Gujarat,Ahmedabad
Chip Chops Roast Duck Strips 70G,,,,,,,,,,,,,91.86,1,,100.21,,,215.00,,,,,,,,,,,,,,,
,Chip Chops,"Treats, Biscuits & Chews ",Treats  ,7695,TRANSFER-IN,4554,2026-04-28,2026-06-12,100.21,215.00,215.00,100.21,91.86,1,4,100.21,C7695-6230,C7695-6230,215.00,2027-08-29,2027-08-29,,,136,91,URBANPETS SERVICES PRIVATE LIMITED,,47,Chip Chops,ABK Imports Pvt. Ltd,,,Gujarat,Ahmedabad
Chip Chops Sushi Rolls 70g,,,,,,,,,,,,,179.64,4,,413.15,,,890.00,,,,,,,,,,,,,,,
,Chip Chops,"Treats, Biscuits & Chews ",Treats  ,7372,PURCHASE,3422,2026-01-30,2026-01-30,83.51,215.00,215.00,98.54,83.51,1,9,98.54,C7372-8962,C7372-8962,215.00,2026-12-10,2026-12-10,,,224,224,URBANPETS SERVICES PRIVATE LIMITED,,47,Chip Chops,Shreeji Pet Shop,,,Gujarat,Ahmedabad
,Chip Chops,"Treats, Biscuits & Chews ",Treats  ,7372,TRANSFER-IN,5014,2026-06-16,2026-08-20,104.87,225.00,225.00,104.87,96.13,3,6,314.61,C7372-9947,C7372-9947,675.00,2027-10-10,2027-10-10,,,87,22,URBANPETS SERVICES PRIVATE LIMITED,,47,Chip Chops,ABK Imports Pvt. Ltd,,,Gujarat,Ahmedabad
CLAVAM BID DRY SYRUP 30 ML,,,,,,,,,,,,,39.83,28,,"1,171.14",,,"1,811.04",,,,,,,,,,,,,,,
,Manufacturer,Medicine & Supplements ,Medicine ,7857,PURCHASE,4080,2026-06-25,2026-06-25,49.28,64.68,64.68,41.83,39.83,28,60,"1,171.14",C7857-7110,C7857-7110,"1,811.04",2028-01-30,2028-01-30,,,78,78,URBANPETS SERVICES PRIVATE LIMITED,,1,Manufacturer,CARON LIFESCIENCES,,,Gujarat,Ahmedabad
Clinjee Injection 4ml,,,,,,,,,,,,,145.00,5,,761.25,,,"1,270.00",,,,,,,,,,,,,,,
,other,Medicine & Supplements ,Medical Equipment,12192,PURCHASE,4415,2026-08-26,2026-08-26,145.00,254.00,254.00,152.25,145.00,5,5,761.25,C12192-826,C12192-826,"1,270.00",2026-12-30,2026-12-30,,,16,16,URBANPETS SERVICES PRIVATE LIMITED,,255,other,integrated healthcare,,,Gujarat,Ahmedabad
Condrovet Force HA,,,,,,,,,,,,,274.69,110,,"35,654.22",,,"64,900.00",,,,,,,,,,,,,,,
,Vivaldis,Medicine & Supplements ,Medicine ,2969,PURCHASE,3964,2026-05-26,2026-05-26,336.35,590.00,590.00,324.13,274.69,110,156,"35,654.22",C2969-5638,C2969-5638,"64,900.00",2030-01-31,2030-01-31,,,108,108,URBANPETS SERVICES PRIVATE LIMITED,,239,Vivaldis,Vivaldis Health and food pvt Ltd,,,Gujarat,Ahmedabad
Condrovet Forece HA Large,,,,,,,,,,,,,"1,638.35",46,,"22,663.24",,,"50,600.00",,,,,,,,,,,,,,,
,Condrovet,Medicine & Supplements ,Medicine ,3077,PURCHASE,4120,2026-06-25,2026-06-25,626.92,"1,100.00","1,100.00",483.31,409.59,43,78,"20,782.48",C3077-7422,C3077-7422,"47,300.00",2030-01-31,2030-01-31,,,78,78,URBANPETS SERVICES PRIVATE LIMITED,,55,Condrovet,Vivaldis Health and food pvt Ltd,,,Gujarat,Ahmedabad
,Condrovet,Medicine & Supplements ,Medicine ,3077,TRANSFER-IN,4846,2026-04-22,2026-07-24,626.92,"1,100.00","1,100.00",626.92,614.38,2,2,"1,253.84",C3077-8466,C3077-8466,"2,200.00",2030-01-31,2030-01-31,,,142,49,URBANPETS SERVICES PRIVATE LIMITED,,55,Condrovet,Vivaldis Health and food pvt Ltd,,,Gujarat,Ahmedabad
,Condrovet,Medicine & Supplements ,Medicine ,3077,TRANSFER-IN,5035,2026-04-22,2026-08-24,626.92,"1,100.00","1,100.00",626.92,614.38,1,1,626.92,C3077-168,C3077-168,"1,100.00",2030-01-31,2030-01-31,,,142,18,URBANPETS SERVICES PRIVATE LIMITED,,55,Condrovet,Vivaldis Health and food pvt Ltd,,,Gujarat,Ahmedabad
Cord Tees 20 No.,,,,,,,,,,,,,333.33,1,,350.00,,,"1,000.00",,,,,,,,,,,,,,,
,Petaholic,Clothing ,Sweater,11733,PURCHASE,3452,2026-01-31,2026-01-31,333.33,"1,000.00","1,000.00",350.00,333.33,1,1,350.00,C11733-9747,C11733-9747,"1,000.00",,,,,223,223,URBANPETS SERVICES PRIVATE LIMITED,,169,Petaholic ,Shreeji Pet Shop,,,Gujarat,Ahmedabad
Cord Tees 24 No.,,,,,,,,,,,,,380.95,1,,400.00,,,"1,150.00",,,,,,,,,,,,,,,
,Petaholic,Clothing ,Sweater,11735,PURCHASE,3452,2026-01-31,2026-01-31,380.95,"1,150.00","1,150.00",400.00,380.95,1,1,400.00,C11735-9748,C11735-9748,"1,150.00",,,,,223,223,URBANPETS SERVICES PRIVATE LIMITED,,169,Petaholic ,Shreeji Pet Shop,,,Gujarat,Ahmedabad
Corise Dentacor-gel 20gm,,,,,,,,,,,,,138.12,6,,870.14,,,"1,265.64",,,,,,,,,,,,,,,
,CORISE,Medicine & Supplements ,Medicine ,11934,PURCHASE,3869,2026-05-06,2026-05-06,165.74,210.94,210.94,145.02,138.12,6,6,870.14,C11934-4542,C11934-4542,"1,265.64",2027-08-30,2027-08-30,,,128,128,URBANPETS SERVICES PRIVATE LIMITED,,56,CORISE,MAHIMA ENTERPRISE,,,Gujarat,Ahmedabad
Corofenam Tablets 200mg,,,,,,,,,,,,,105.00,75,,"4,134.28",,,"8,437.50",,,,,,,,,,,,,,,
,other,Medicine & Supplements ,Medicine ,11483,PURCHASE,3449,2026-01-30,2026-01-30,52.50,112.50,120.00,55.13,52.50,1,25,55.13,C11483-9658,C11483-9658,112.50,2027-01-30,2027-01-30,,,224,224,URBANPETS SERVICES PRIVATE LIMITED,,334,Swiss Biocare,Shreeji Pet Shop,,,Gujarat,Ahmedabad
,other,Medicine & Supplements ,Medicine ,11483,PURCHASE,3482,2026-02-07,2026-02-07,53.57,112.50,120.00,55.12,52.50,74,200,"4,079.15",C11483-198,C11483-198,"8,325.00",2027-02-28,2027-02-28,,,216,216,URBANPETS SERVICES PRIVATE LIMITED,,334,Swiss Biocare,SWISSBIOCARE,,,Gujarat,Ahmedabad
Crisps  chew Bone 4 Inch (6x1),,,,,,,,,,,,,152.54,2,,508.46,,,600.00,,,,,,,,,,,,,,,
,Crisps,"Treats, Biscuits & Chews ",Treats  ,10797,TRANSFER-IN,5012,2026-08-03,2026-08-20,254.23,300.00,300.00,254.23,152.54,2,3,508.46,C10797-9915,C10797-9915,600.00,2027-08-30,2027-08-30,,,39,22,URBANPETS SERVICES PRIVATE LIMITED,,288,Crisps,Shreeji Enterprise,,,Gujarat,Ahmedabad
Crisps  chew Bone 5 Inch (4x1),,,,,,,,,,,,,165.25,2,,390.00,,,700.00,,,,,,,,,,,,,,,
,Crisps,"Treats, Biscuits & Chews ",Treats  ,10798,PURCHASE,4002,2026-06-08,2026-06-08,275.42,350.00,350.00,195.00,165.25,2,5,390.00,C10798-6065,C10798-6065,700.00,2027-08-30,2027-08-30,,,95,95,URBANPETS SERVICES PRIVATE LIMITED,,288,Crisps,Shreeji Enterprise,,,Gujarat,Ahmedabad
Crisps  chew Bone 6 Inch (4x1),,,,,,,,,,,,,381.36,3,,640.68,,,"1,195.00",,,,,,,,,,,,,,,
,Crisps,"Treats, Biscuits & Chews ",Treats  ,10799,TRANSFER-IN,4096,2026-01-30,2026-04-03,190.68,375.00,375.00,190.68,190.68,1,3,190.68,C10799-2913,C10799-2913,375.00,2027-12-25,2027-12-25,,,224,161,URBANPETS SERVICES PRIVATE LIMITED,,288,Crisps,Shreeji Pet Shop,,,Gujarat,Ahmedabad
,Crisps,"Treats, Biscuits & Chews ",Treats  ,10799,PURCHASE,4002,2026-06-08,2026-06-08,317.80,410.00,410.00,225.00,190.68,2,5,450.00,C10799-6066,C10799-6066,820.00,2027-08-30,2027-08-30,,,95,95,URBANPETS SERVICES PRIVATE LIMITED,,288,Crisps,Shreeji Enterprise,,,Gujarat,Ahmedabad
Crisps  chew Bone 8 Inch (3x1),,,,,,,,,,,,,216.10,4,,"1,020.00",,,"1,840.00",,,,,,,,,,,,,,,
,Crisps,"Treats, Biscuits & Chews ",Treats  ,10800,PURCHASE,4002,2026-06-08,2026-06-08,360.17,460.00,460.00,255.00,216.10,4,5,"1,020.00",C10800-6067,C10800-6067,"1,840.00",2027-08-30,2027-08-30,,,95,95,URBANPETS SERVICES PRIVATE LIMITED,,288,Crisps,Shreeji Enterprise,,,Gujarat,Ahmedabad
Crisps Munchy Sticks Chicken Flavour 1 KG,,,,,,,,,,,,,361.01,10,,"2,201.94",,,"3,670.00",,,,,,,,,,,,,,,
,Crisps,"Treats, Biscuits & Chews ",Treats  ,10743,PURCHASE,3623,2026-03-12,2026-03-12,288.14,340.00,340.00,204.00,172.88,1,10,204.00,C10743-1935,C10743-1935,340.00,2027-06-30,2027-06-30,,,183,183,URBANPETS SERVICES PRIVATE LIMITED,,288,Crisps,Shreeji Enterprise,,,Gujarat,Ahmedabad
,Crisps,"Treats, Biscuits & Chews ",Treats  ,10743,PURCHASE,4259,2026-08-03,2026-08-03,313.55,370.00,370.00,221.99,188.13,9,10,"1,997.94",C10743-9444,C10743-9444,"3,330.00",2027-10-30,2027-10-30,,,39,39,URBANPETS SERVICES PRIVATE LIMITED,,288,Crisps,Shreeji Enterprise,,,Gujarat,Ahmedabad
Crisps Munchy Sticks Chicken Flavour 500gm,,,,,,,,,,,,,101.69,1,,119.99,,,200.00,,,,,,,,,,,,,,,
,Crisps,"Treats, Biscuits & Chews ",Treats  ,10744,PURCHASE,4259,2026-08-03,2026-08-03,169.49,200.00,200.00,119.99,101.69,1,1,119.99,C10744-9449,C10744-9449,200.00,2027-10-30,2027-10-30,,,39,39,URBANPETS SERVICES PRIVATE LIMITED,,288,Crisps,Shreeji Enterprise,,,Gujarat,Ahmedabad
Crisps Munchy Sticks Lamb Flavour 1 KG,,,,,,,,,,,,,361.01,6,,"1,398.11",,,"2,220.00",,,,,,,,,,,,,,,
,Crisps,"Treats, Biscuits & Chews ",Treats  ,10745,TRANSFER-IN,5129,2026-07-14,2026-09-09,288.14,370.00,370.00,288.14,172.88,1,2,288.14,C10745-1029,C10745-1029,370.00,2027-10-30,2027-10-30,,,59,2,URBANPETS SERVICES PRIVATE LIMITED,,288,Crisps,Shreeji Enterprise,,,Gujarat,Ahmedabad
,Crisps,"Treats, Biscuits & Chews ",Treats  ,10745,PURCHASE,4448,2026-09-08,2026-09-08,313.55,370.00,370.00,221.99,188.13,5,5,"1,109.97",C10745-1175,C10745-1175,"1,850.00",2027-10-30,2027-10-30,,,3,3,URBANPETS SERVICES PRIVATE LIMITED,,288,Crisps,Shreeji Enterprise,,,Gujarat,Ahmedabad
Crisps Munchy Sticks Lamb Flavour 500gm,,,,,,,,,,,,,101.69,1,,119.99,,,200.00,,,,,,,,,,,,,,,
,Crisps,"Treats, Biscuits & Chews ",Treats  ,10747,PURCHASE,4259,2026-08-03,2026-08-03,169.49,200.00,200.00,119.99,101.69,1,1,119.99,C10747-9450,C10747-9450,200.00,2027-10-30,2027-10-30,,,39,39,URBANPETS SERVICES PRIVATE LIMITED,,288,Crisps,Shreeji Enterprise,,,Gujarat,Ahmedabad
Crisps Munchy Sticks Mint Flavour 1 KG,,,,,,,,,,,,,533.89,9,,"1,854.00",,,"3,270.00",,,,,,,,,,,,,,,
,Crisps,"Treats, Biscuits & Chews ",Treats  ,10971,PURCHASE,3437,2026-01-30,2026-01-30,172.88,340.00,340.00,204.00,172.88,2,4,408.00,C10971-9334,C10971-9334,680.00,2027-02-28,2027-02-28,,,224,224,URBANPETS SERVICES PRIVATE LIMITED,,288,Crisps,Shreeji Pet Shop,,,Gujarat,Ahmedabad
,Crisps,"Treats, Biscuits & Chews ",Treats  ,10971,PURCHASE,4002,2026-06-08,2026-06-08,288.14,370.00,370.00,204.00,172.88,6,6,"1,224.01",C10971-6069,C10971-6069,"2,220.00",2027-08-30,2027-08-30,,,95,95,URBANPETS SERVICES PRIVATE LIMITED,,288,Crisps,Shreeji Enterprise,,,Gujarat,Ahmedabad
,Crisps,"Treats, Biscuits & Chews ",Treats  ,10971,PURCHASE,4259,2026-08-03,2026-08-03,313.55,370.00,370.00,221.99,188.13,1,1,221.99,C10971-9446,C10971-9446,370.00,2027-08-30,2027-08-30,,,39,39,URBANPETS SERVICES PRIVATE LIMITED,,288,Crisps,Shreeji Enterprise,,,Gujarat,Ahmedabad
Crisps Munchy Sticks Mix Flavour 1 KG,,,,,,,,,,,,,361.01,2,,425.99,,,710.00,,,,,,,,,,,,,,,
,Crisps,"Treats, Biscuits & Chews ",Treats  ,11148,PURCHASE,3443,2026-01-30,2026-01-30,172.88,340.00,340.00,204.00,172.88,1,5,204.00,C11148-9509,C11148-9509,340.00,2027-03-30,2027-03-30,,,224,224,URBANPETS SERVICES PRIVATE LIMITED,,288,Crisps,Shreeji Pet Shop,,,Gujarat,Ahmedabad
,Crisps,"Treats, Biscuits & Chews ",Treats  ,11148,PURCHASE,4259,2026-08-03,2026-08-03,313.55,370.00,370.00,221.99,188.13,1,1,221.99,C11148-9447,C11148-9447,370.00,2027-10-30,2027-10-30,,,39,39,URBANPETS SERVICES PRIVATE LIMITED,,288,Crisps,Shreeji Enterprise,,,Gujarat,Ahmedabad
Crisps Munchy Sticks Natural Flavour 1 KG,,,,,,,,,,,,,361.01,6,,"1,241.98",,,"2,070.00",,,,,,,,,,,,,,,
,Crisps,"Treats, Biscuits & Chews ",Treats  ,10746,PURCHASE,3448,2026-01-30,2026-01-30,172.88,340.00,340.00,204.00,172.88,5,5,"1,019.99",C10746-9640,C10746-9640,"1,700.00",2026-09-30,2026-09-30,,,224,224,URBANPETS SERVICES PRIVATE LIMITED,,288,Crisps,Shreeji Pet Shop,,,Gujarat,Ahmedabad
,Crisps,"Treats, Biscuits & Chews ",Treats  ,10746,PURCHASE,4259,2026-08-03,2026-08-03,313.55,370.00,370.00,221.99,188.13,1,1,221.99,C10746-9448,C10746-9448,370.00,2027-02-28,2027-02-28,,,39,39,URBANPETS SERVICES PRIVATE LIMITED,,288,Crisps,Shreeji Enterprise,,,Gujarat,Ahmedabad
Crisps Twisted Chew Sticks 1 Kg,,,,,,,,,,,,,"1,550.85",6,,"4,239.65",,,"6,200.00",,,,,,,,,,,,,,,
,Crisps,"Treats, Biscuits & Chews ",Treats  ,10803,TRANSFER-IN,4789,2026-04-16,2026-07-16,805.08,950.00,950.00,570.00,483.05,1,2,570.00,C10803-8157,C10803-8157,950.00,2028-05-30,2028-05-30,,,148,57,URBANPETS SERVICES PRIVATE LIMITED,,288,Crisps,Shreeji Enterprise,,,Gujarat,Ahmedabad
,Crisps,"Treats, Biscuits & Chews ",Treats  ,10803,TRANSFER-IN,5092,2026-08-29,2026-09-02,889.83,"1,050.00","1,050.00",889.83,533.90,2,2,"1,779.66",C10803-704,C10803-704,"2,100.00",2027-08-30,2027-08-30,,,13,9,URBANPETS SERVICES PRIVATE LIMITED,,288,Crisps,Shreeji Enterprise,,,Gujarat,Ahmedabad
,Crisps,"Treats, Biscuits & Chews ",Treats  ,10803,PURCHASE,4448,2026-09-08,2026-09-08,889.83,"1,050.00","1,050.00",630.00,533.90,3,3,"1,889.99",C10803-1176,C10803-1176,"3,150.00",2027-10-30,2027-10-30,,,3,3,URBANPETS SERVICES PRIVATE LIMITED,,288,Crisps,Shreeji Enterprise,,,Gujarat,Ahmedabad
Crisps Twisted Chew Sticks 450 gm,,,,,,,,,,,,,508.48,4,,"1,200.00",,,"2,150.00",,,,,,,,,,,,,,,
,Crisps,"Treats, Biscuits & Chews ",Treats  ,10802,PURCHASE,3433,2026-01-30,2026-01-30,254.24,500.00,500.00,300.00,254.24,1,5,300.00,C10802-9228,C10802-9228,500.00,2027-02-28,2027-02-28,,,224,224,URBANPETS SERVICES PRIVATE LIMITED,,288,Crisps,Shreeji Pet Shop,,,Gujarat,Ahmedabad
,Crisps,"Treats, Biscuits & Chews ",Treats  ,10802,PURCHASE,3832,2026-04-23,2026-04-23,423.73,550.00,550.00,300.00,254.24,3,5,900.00,C10802-4258,C10802-4258,"1,650.00",2027-08-30,2027-08-30,,,141,141,URBANPETS SERVICES PRIVATE LIMITED,,288,Crisps,Shreeji Enterprise,,,Gujarat,Ahmedabad
Cystopro Capsule,,,,,,,,,,,,,70.73,79,,"2,908.93",,,"4,040.16",,,,,,,,,,,,,,,
,Misc,Medicine & Supplements ,Medicine ,3033,PURCHASE,3430,2026-01-30,2026-01-30,40.27,66.00,66.00,47.52,40.27,6,81,285.11,C3033-9146,C3033-9146,396.00,2027-01-30,2027-01-30,,,224,224,URBANPETS SERVICES PRIVATE LIMITED,,136,Misc,Shreeji Pet Shop,,,Gujarat,Ahmedabad
,Misc,Medicine & Supplements ,Medicine ,3033,PURCHASE,3836,2026-04-24,2026-04-24,30.46,49.92,49.92,35.94,30.46,73,240,"2,623.82",C3033-4265,C3033-4265,"3,644.16",2027-08-30,2027-08-30,,,140,140,URBANPETS SERVICES PRIVATE LIMITED,,136,Misc,Geeta Pharma,,,Gujarat,Ahmedabad
Dentalight Dental Bone 60PCS,,,,,,,,,,,,,"1,222.48",5,,"2,174.06",,,"4,300.00",,,,,,,,,,,,,,,
,Dentalight,"Treats, Biscuits & Chews ",Treats  ,7716,TRANSFER-IN,4196,2026-02-10,2026-04-21,392.00,800.00,800.00,392.00,382.20,1,3,392.00,D7716-3733,D7716-3733,800.00,2027-11-30,2027-11-30,,,213,143,URBANPETS SERVICES PRIVATE LIMITED,,59,Dentalight,Sai International Pet Product Privet Limited,,,Gujarat,Ahmedabad
,Dentalight,"Treats, Biscuits & Chews ",Treats  ,7716,TRANSFER-IN,4834,2026-06-17,2026-07-22,428.75,875.00,875.00,495.81,420.17,1,3,495.81,D7716-8406,D7716-8406,875.00,2028-03-12,2028-03-12,,,86,51,URBANPETS SERVICES PRIVATE LIMITED,,59,Dentalight,Sai International Pet Product Privet Limited,,,Gujarat,Ahmedabad
,Dentalight,"Treats, Biscuits & Chews ",Treats  ,7716,TRANSFER-IN,5004,2026-07-21,2026-08-18,428.75,875.00,875.00,428.75,420.11,3,3,"1,286.25",D7716-9801,D7716-9801,"2,625.00",2028-04-06,2028-04-06,,,52,24,URBANPETS SERVICES PRIVATE LIMITED,,59,Dentalight,Sai International Pet Product Privet Limited,,,Gujarat,Ahmedabad
Dentalight Dental Bone Small 12PCS,,,,,,,,,,,,,84.04,1,,99.16,,,175.00,,,,,,,,,,,,,,,
,Dentalight,"Treats, Biscuits & Chews ",Treats  ,7717,TRANSFER-IN,4738,2026-06-10,2026-07-07,85.75,175.00,175.00,99.16,84.04,1,5,99.16,D7717-7598,D7717-7598,175.00,2028-03-12,2028-03-12,,,93,66,URBANPETS SERVICES PRIVATE LIMITED,,59,Dentalight,Sai International Pet Product Privet Limited,,,Gujarat,Ahmedabad
Dermichlor Spray 100ml,,,,,,,,,,,,,152.49,28,,"4,483.21",,,"7,218.68",,,,,,,,,,,,,,,
,Manufacturer,Medicine & Supplements ,Medicine ,7838,PURCHASE,3590,2026-03-06,2026-03-06,152.49,257.81,257.81,160.11,152.49,28,30,"4,483.21",D7838-1414,D7838-1414,"7,218.68",2027-10-30,2027-10-30,,,189,189,URBANPETS SERVICES PRIVATE LIMITED,,1,Manufacturer,VETOQUINOL INDIA ANIAML HEALTH PRIVATE LIMITED,,,Gujarat,Ahmedabad
Dermoscent Atop 7 Spot-on 10-20 kg,,,,,,,,,,,,,"1,220.33",2,,"2,879.98",,,"4,200.00",,,,,,,,,,,,,,,
,Sava Vet ,Medicine & Supplements ,Medicine ,11092,PURCHASE,3438,2026-01-30,2026-01-30,"1,220.33","2,100.00","2,100.00","1,439.99","1,220.33",2,3,"2,879.98",D11092-9380,D11092-9380,"4,200.00",2026-06-30,2026-06-30,,,224,224,URBANPETS SERVICES PRIVATE LIMITED,,197,Sava Vet ,Shreeji Pet Shop,,,Gujarat,Ahmedabad
Diarest-M Gel 200ml,,,,,,,,,,,,,87.26,23,,"2,107.31",,,"4,301.00",,,,,,,,,,,,,,,
,Shreeji Pet Shop,Medicine & Supplements ,Medicine ,3007,PURCHASE,4050,2026-06-20,2026-06-20,89.04,187.00,187.00,91.62,87.26,23,96,"2,107.31",D3007-6755,D3007-6755,"4,301.00",2028-03-30,2028-03-30,,,83,83,URBANPETS SERVICES PRIVATE LIMITED,,201,Shreeji Pet Shop,CORISE HEALTHCARE PVT LTD,,,Gujarat,Ahmedabad
Dog Pizza,,,,,,,,,,,,,597.34,5,,"1,629.05",,,"3,495.00",,,,,,,,,,,,,,,
,Rena,"Treats, Biscuits & Chews ",Treats  ,7361,TRANSFER-IN,4330,2026-04-28,2026-05-08,325.81,699.00,699.00,325.81,298.67,2,4,651.62,D7361-4539,D7361-4539,"1,398.00",2028-01-10,2028-01-10,,,136,126,URBANPETS SERVICES PRIVATE LIMITED,,190,Rena,ABK Imports Pvt. Ltd,,,Gujarat,Ahmedabad
,Rena,"Treats, Biscuits & Chews ",Treats  ,7361,TRANSFER-IN,5132,2026-06-16,2026-09-09,325.81,699.00,699.00,325.81,298.67,3,4,977.43,D7361-1051,D7361-1051,"2,097.00",2028-03-09,2028-03-09,,,87,2,URBANPETS SERVICES PRIVATE LIMITED,,190,Rena,ABK Imports Pvt. Ltd,,,Gujarat,Ahmedabad
Dog socks non slip with all round rubber coating L - Xl 2 pcs Black,,,,,,,,,,,,,477.75,1,,563.75,,,"1,025.00",,,,,,,,,,,,,,,
,Trixie,Accessories,Shoes & Socks,11216,PURCHASE,3446,2026-01-30,2026-01-30,477.75,"1,025.00","1,025.00",563.75,477.75,1,1,563.75,D11216-9573,D11216-9573,"1,025.00",2026-09-30,2026-09-30,,,224,224,URBANPETS SERVICES PRIVATE LIMITED,,218,Trixie,Shreeji Pet Shop,,,Gujarat,Ahmedabad
Dog Socks non slip with rubber Coating S-M 2 Pcs,,,,,,,,,,,,,333.50,1,,393.53,,,795.00,,,,,,,,,,,,,,,
,Trixie,Accessories,Shoes & Socks,10310,PURCHASE,3447,2026-01-30,2026-01-30,333.50,795.00,795.00,393.53,333.50,1,1,393.53,D10310-9612,D10310-9612,795.00,,,,,224,224,URBANPETS SERVICES PRIVATE LIMITED,,218,Trixie,Shreeji Pet Shop,,,Gujarat,Ahmedabad
Dog Toothpaste With Tea Tree Oil 100 gms,,,,,,,,,,,,,218.58,2,,459.02,,,510.00,,,,,,,,,,,,,,,
,Trixie,Grooming,Dental Care ,7960,PURCHASE,4432,2026-09-05,2026-09-05,218.58,255.00,255.00,229.51,218.58,2,2,459.02,D7960-1009,D7960-1009,510.00,2027-10-30,2027-10-30,,,6,6,URBANPETS SERVICES PRIVATE LIMITED,,218,Trixie,EARTH PAWS PRIVATE LIMITED,,,Gujarat,Ahmedabad
Dog/Cat nail Clipper 16cm,,,,,,,,,,,,,77.97,1,,92.01,,,550.00,,,,,,,,,,,,,,,
,Trixie,Accessories,Trimmer & Nail Cutter ,9185,PURCHASE,3445,2026-01-30,2026-01-30,77.97,550.00,550.00,92.01,77.97,1,2,92.01,D9185-9566,D9185-9566,550.00,,,,,224,224,URBANPETS SERVICES PRIVATE LIMITED,,218,Trixie,Shreeji Pet Shop,,,Gujarat,Ahmedabad
Doggy Ji  Vegan Biscuits,,,,,,,,,,,,,9.13,22,,227.70,,,330.00,,,,,,,,,,,,,,,
,Doggy Ji,"Treats, Biscuits & Chews ",Biscuits ,11880,TRANSFER-IN,4278,2026-03-12,2026-05-02,10.35,15.00,15.00,10.35,9.13,22,96,227.70,D11880-4242,D11880-4242,330.00,2028-05-30,2028-05-30,,,183,132,URBANPETS SERVICES PRIVATE LIMITED,,339,Doggy ji,Fensco Foods,,,Gujarat,Ahmedabad
Doggy Ji Biscuits,,,,,,,,,,,,,20.01,469,,"3,128.23",,,"4,690.00",,,,,,,,,,,,,,,
,Doggy Ji,"Treats, Biscuits & Chews ",Biscuits ,11879,TRANSFER-IN,5092,2026-07-13,2026-09-02,6.67,10.00,10.00,6.67,6.67,85,192,566.95,D11879-701,D11879-701,850.00,2028-12-26,2028-12-26,,,60,9,URBANPETS SERVICES PRIVATE LIMITED,,339,Doggy ji,Fensco Foods,,,Gujarat,Ahmedabad
,Doggy Ji,"Treats, Biscuits & Chews ",Biscuits ,11879,TRANSFER-IN,5127,2026-07-13,2026-09-09,6.67,10.00,10.00,6.67,6.67,192,192,"1,280.64",D11879-1014,D11879-1014,"1,920.00",2028-12-26,2028-12-26,,,60,2,URBANPETS SERVICES PRIVATE LIMITED,,339,Doggy ji,Fensco Foods,,,Gujarat,Ahmedabad
,Doggy Ji,"Treats, Biscuits & Chews ",Biscuits ,11879,TRANSFER-IN,5129,2026-07-13,2026-09-09,6.67,10.00,10.00,6.67,6.67,192,192,"1,280.64",D11879-1028,D11879-1028,"1,920.00",2028-12-26,2028-12-26,,,60,2,URBANPETS SERVICES PRIVATE LIMITED,,339,Doggy ji,Fensco Foods,,,Gujarat,Ahmedabad
Double Pocket Denim Jacket 20 No.,,,,,,,,,,,,,476.19,1,,500.00,,,"1,400.00",,,,,,,,,,,,,,,
,Petaholic,Clothing ,Jacket ,11721,PURCHASE,3452,2026-01-31,2026-01-31,476.19,"1,400.00","1,400.00",500.00,476.19,1,1,500.00,D11721-9740,D11721-9740,"1,400.00",,,,,223,223,URBANPETS SERVICES PRIVATE LIMITED,,169,Petaholic ,Shreeji Pet Shop,,,Gujarat,Ahmedabad
Double Pocket Denim Jacket 26 No.,,,,,,,,,,,,,547.61,1,,574.99,,,"1,600.00",,,,,,,,,,,,,,,
,Petaholic,Clothing ,Jacket ,11723,PURCHASE,3452,2026-01-31,2026-01-31,547.61,"1,600.00","1,600.00",574.99,547.61,1,1,574.99,D11723-9741,D11723-9741,"1,600.00",,,,,223,223,URBANPETS SERVICES PRIVATE LIMITED,,169,Petaholic ,Shreeji Pet Shop,,,Gujarat,Ahmedabad
Doxy Pet 100 mg,,,,,,,,,,,,,7.11,351,,"1,352.34",,,"2,499.60",,,,,,,,,,,,,,,
,Sava Vet ,Medicine & Supplements ,Medicine ,2815,PURCHASE,3423,2026-01-30,2026-01-30,3.67,7.12,7.12,3.85,3.67,350,600,"1,348.73",D2815-8974,D2815-8974,"2,492.00",2027-09-28,2027-09-28,,,224,224,URBANPETS SERVICES PRIVATE LIMITED,,197,Sava Vet ,Shreeji Pet Shop,,,Gujarat,Ahmedabad
,Sava Vet ,Medicine & Supplements ,Medicine ,2815,PURCHASE,3423,2026-01-30,2026-01-30,3.44,7.60,7.60,3.61,3.44,1,9,3.61,D2815-8975,D2815-8975,7.60,2027-02-28,2027-02-28,,,224,224,URBANPETS SERVICES PRIVATE LIMITED,,197,Sava Vet ,Shreeji Pet Shop,,,Gujarat,Ahmedabad
Doxy Pet 200 mg,,,,,,,,,,,,,18.08,361,,"2,283.07",,,"4,255.10",,,,,,,,,,,,,,,
,Manufacturer,Medicine & Supplements ,Medicine ,2759,PURCHASE,3419,2026-01-30,2026-01-30,6.03,12.50,12.50,6.33,6.03,6,8,37.99,D2759-8879,D2759-8879,75.00,2026-11-30,2026-11-30,,,224,224,URBANPETS SERVICES PRIVATE LIMITED,,1,Manufacturer,Shreeji Pet Shop,,,Gujarat,Ahmedabad
,Manufacturer,Medicine & Supplements ,Medicine ,2759,PURCHASE,3419,2026-01-30,2026-01-30,6.03,12.50,12.50,6.33,6.03,25,600,158.29,D2759-8881,D2759-8881,312.50,2027-02-28,2027-02-28,,,224,224,URBANPETS SERVICES PRIVATE LIMITED,,1,Manufacturer,Shreeji Pet Shop,,,Gujarat,Ahmedabad
,Manufacturer,Medicine & Supplements ,Medicine ,2759,PURCHASE,4201,2026-07-07,2026-07-07,8.03,11.72,11.72,6.32,6.02,330,600,"2,086.79",D2759-8421,D2759-8421,"3,867.60",2027-12-30,2027-12-30,,,66,66,URBANPETS SERVICES PRIVATE LIMITED,,1,Manufacturer,SAVA HEALTHCARE LIMITED,,,Gujarat,Ahmedabad
DR Absolute Skin And Coat 18 Pcs,,,,,,,,,,,,,337.50,1,,337.50,,,450.00,,,,,,,,,,,,,,,
,Drools,"Treats, Biscuits & Chews ",Treats  ,7354,PURCHASE,3422,2026-01-30,2026-01-30,337.50,450.00,450.00,337.50,337.50,1,1,337.50,D7354-8960,D7354-8960,450.00,2026-10-30,2026-10-30,,,224,224,URBANPETS SERVICES PRIVATE LIMITED,,67,Drools,Shreeji Pet Shop,,,Gujarat,Ahmedabad
Drontal Plus Tablets,,,,,,,,,,,,,169.84,86,,"7,668.00",,,"12,043.05",,,,,,,,,,,,,,,
,Elanco,Medicine & Supplements ,Medicine ,2991,PURCHASE,3429,2026-01-30,2026-01-30,84.92,149.00,149.00,89.17,84.92,1,1,89.17,D2991-9116,D2991-9116,149.00,2027-12-31,2027-12-31,,,224,224,URBANPETS SERVICES PRIVATE LIMITED,,197,Sava Vet ,Shreeji Pet Shop,,,Gujarat,Ahmedabad
,Elanco,Medicine & Supplements ,Medicine ,2991,PURCHASE,3835,2026-04-29,2026-04-29,86.21,139.93,139.93,89.16,84.92,85,204,"7,578.83",D2991-4263,D2991-4263,"11,894.05",2028-04-30,2028-04-30,,,135,135,URBANPETS SERVICES PRIVATE LIMITED,,197,Sava Vet ,ELANCO INDIA PVT LTD ( Gujarat ),,,Gujarat,Ahmedabad
DRONTAL PUPPY SUSPENSION 20 ml,,,,,,,,,,,,,148.99,69,,"10,794.41",,,"16,422.00",,,,,,,,,,,,,,,
,Manufacturer,Medicine & Supplements ,Medicine ,2844,PURCHASE,3689,2026-03-28,2026-03-28,151.26,238.00,238.00,156.44,148.99,69,96,"10,794.41",D2844-2769,D2844-2769,"16,422.00",2028-11-30,2028-11-30,,,167,167,URBANPETS SERVICES PRIVATE LIMITED,,274,ELANCO,ELANCO INDIA PVT LTD ( Gujarat ),,,Gujarat,Ahmedabad
Drools Absolute Calcium Sausage 32 Pcs,,,,,,,,,,,,,"1,332.80",3,,"2,352.00",,,"3,360.00",,,,,,,,,,,,,,,
,Drools,"Treats, Biscuits & Chews ",Treats  ,7420,TRANSFER-IN,4554,2026-04-06,2026-06-12,784.00,"1,120.00","1,120.00",784.00,666.40,1,3,784.00,D7420-6228,D7420-6228,"1,120.00",2030-08-30,2030-08-30,,,158,91,URBANPETS SERVICES PRIVATE LIMITED,,67,Drools,PG INDIA LOGISTICS PRIVATE LIMITED,,,Gujarat,Ahmedabad
,Drools,"Treats, Biscuits & Chews ",Treats  ,7420,TRANSFER-IN,5123,2026-08-03,2026-09-08,784.00,"1,120.00","1,120.00",784.00,666.40,2,2,"1,568.00",D7420-987,D7420-987,"2,240.00",2028-02-14,2028-02-14,,,39,3,URBANPETS SERVICES PRIVATE LIMITED,,67,Drools,PG INDIA LOGISTICS PRIVATE LIMITED,,,Gujarat,Ahmedabad
Drools Absolute Calcium Tablet 110PCS,,,,,,,,,,,,,336.00,2,,840.00,,,"1,050.00",,,,,,,,,,,,,,,
,Drools,Medicine & Supplements ,Supplements ,3105,TRANSFER-IN,4991,2026-08-13,2026-08-17,420.00,525.00,525.00,420.00,336.00,2,2,840.00,D3105-9737,D3105-9737,"1,050.00",2028-02-27,2028-02-27,,,29,25,URBANPETS SERVICES PRIVATE LIMITED,,67,Drools,PG INDIA LOGISTICS PRIVATE LIMITED,,,Gujarat,Ahmedabad
Drools Absolute Calcium Tablet 50pcs,,,,,,,,,,,,,169.60,1,,169.60,,,265.00,,,,,,,,,,,,,,,
,Drools,Medicine & Supplements ,Supplements ,2777,TRANSFER-IN,3683,2026-01-30,2026-02-03,169.60,265.00,265.00,169.60,169.60,1,1,169.60,D2777-9943,D2777-9943,265.00,2027-10-10,2027-10-10,,,224,220,URBANPETS SERVICES PRIVATE LIMITED,,67,Drools,Shreeji Pet Shop,,,Gujarat,Ahmedabad
Drools Absolute Skin and Coat Tablet 110pcs,,,,,,,,,,,,,336.00,2,,840.00,,,"1,050.00",,,,,,,,,,,,,,,
,Drools,Medicine & Supplements ,Supplements ,3108,TRANSFER-IN,4991,2026-08-13,2026-08-17,420.00,525.00,525.00,420.00,336.00,2,2,840.00,D3108-9738,D3108-9738,"1,050.00",2028-03-06,2028-03-06,,,29,25,URBANPETS SERVICES PRIVATE LIMITED,,67,Drools,PG INDIA LOGISTICS PRIVATE LIMITED,,,Gujarat,Ahmedabad
Drools Absolute Vitamin Tablets 110 pcs,,,,,,,,,,,,,677.38,3,,"1,260.00",,,"1,575.00",,,,,,,,,,,,,,,
,Drools,Medicine & Supplements ,Supplements ,3109,TRANSFER-IN,4912,2026-07-14,2026-08-04,420.00,525.00,525.00,420.00,338.69,1,1,420.00,D3109-9076,D3109-9076,525.00,2028-05-30,2028-05-30,,,59,38,URBANPETS SERVICES PRIVATE LIMITED,,67,Drools,PG INDIA LOGISTICS PRIVATE LIMITED,,,Gujarat,Ahmedabad
,Drools,Medicine & Supplements ,Supplements ,3109,TRANSFER-IN,4991,2026-07-14,2026-08-17,420.00,525.00,525.00,420.00,338.69,2,2,840.00,D3109-9739,D3109-9739,"1,050.00",2028-05-30,2028-05-30,,,59,25,URBANPETS SERVICES PRIVATE LIMITED,,67,Drools,PG INDIA LOGISTICS PRIVATE LIMITED,,,Gujarat,Ahmedabad
Drools Adult Chicken and Egg 3KG,,,,,,,,,,,,,413.14,1,,413.14,,,650.00,,,,,,,,,,,,,,,
,Drools,Dog Food,Dry Food ,1585,TRANSFER-IN,4186,2026-02-19,2026-04-18,413.14,650.00,650.00,413.14,413.14,1,2,413.14,D1585-3605,D1585-3605,650.00,2028-05-30,2028-05-30,,,204,146,URBANPETS SERVICES PRIVATE LIMITED,,67,Drools,PG INDIA LOGISTICS PRIVATE LIMITED,,,Gujarat,Ahmedabad
Drools adult chicken and veg  3 kg,,,,,,,,,,,,,0.04,2,,0.09,,,"1,300.00",,,,,,,,,,,,,,,
,Drools,Dog Food,Dry Food ,11398,PURCHASE,3450,2026-01-30,2026-01-30,0.04,650.00,650.00,0.05,0.04,2,2,0.09,D11398-9682,D11398-9682,"1,300.00",2027-08-18,2027-08-18,,,224,224,URBANPETS SERVICES PRIVATE LIMITED,,67,Drools,Shreeji Pet Shop,,,Gujarat,Ahmedabad
drools adult chicken mousse80gm,,,,,,,,,,,,,0.00,12,,271.08,,,480.00,,,,,,,,,,,,,,,
,Drools,Dog Food,Wet Food ,11918,TRANSFER-IN,4571,2026-04-18,2026-06-15,22.59,40.00,40.00,22.59,0.00,12,12,271.08,d11918-6369,d11918-6369,480.00,2028-02-28,2028-02-28,,,146,88,URBANPETS SERVICES PRIVATE LIMITED,,67,Drools,PG INDIA LOGISTICS PRIVATE LIMITED,,,Gujarat,Ahmedabad
Drools Adult Gravy 150GM,,,,,,,,,,,,,0.00,61,,"1,892.14",,,"2,745.00",,,,,,,,,,,,,,,
,Drools,Dog Food,Wet Food ,7020,TRANSFER-IN,5056,2026-06-16,2026-08-27,33.89,45.00,45.00,33.89,0.00,30,72,"1,016.70",D7020-389,D7020-389,"1,350.00",2028-08-30,2028-08-30,,,87,15,URBANPETS SERVICES PRIVATE LIMITED,,67,Drools,PG INDIA LOGISTICS PRIVATE LIMITED,,,Gujarat,Ahmedabad
,Drools,Dog Food,Wet Food ,7020,TRANSFER-IN,5083,2026-05-28,2026-08-31,28.24,45.00,45.00,28.24,0.00,31,72,875.44,D7020-587,D7020-587,"1,395.00",2028-03-30,2028-03-30,,,106,11,URBANPETS SERVICES PRIVATE LIMITED,,67,Drools,PG INDIA LOGISTICS PRIVATE LIMITED,,,Gujarat,Ahmedabad
drools adult salmon mousse80gm,,,,,,,,,,,,,0.03,12,,325.32,,,480.00,,,,,,,,,,,,,,,
,Drools,Dog Food,Wet Food ,11919,TRANSFER-IN,4571,2026-05-28,2026-06-15,27.11,40.00,40.00,27.11,0.03,12,12,325.32,d11919-6367,d11919-6367,480.00,2027-11-30,2027-11-30,,,106,88,URBANPETS SERVICES PRIVATE LIMITED,,67,Drools,PG INDIA LOGISTICS PRIVATE LIMITED,,,Gujarat,Ahmedabad
Drools calcium Milk Bone 40 pcs,,,,,,,,,,,,,720.00,6,,"1,656.00",,,"2,700.00",,,,,,,,,,,,,,,
,Drools,"Treats, Biscuits & Chews ",Treats  ,6727,TRANSFER-IN,4554,2026-04-06,2026-06-12,300.00,450.00,450.00,300.00,240.00,2,2,600.00,D6727-6227,D6727-6227,900.00,2030-08-30,2030-08-30,,,158,91,URBANPETS SERVICES PRIVATE LIMITED,,67,Drools,PG INDIA LOGISTICS PRIVATE LIMITED,,,Gujarat,Ahmedabad
,Drools,"Treats, Biscuits & Chews ",Treats  ,6727,TRANSFER-IN,4745,2026-04-06,2026-07-08,300.00,450.00,450.00,252.00,240.00,3,3,756.00,D6727-7640,D6727-7640,"1,350.00",2030-08-30,2030-08-30,,,158,65,URBANPETS SERVICES PRIVATE LIMITED,,67,Drools,PG INDIA LOGISTICS PRIVATE LIMITED,,,Gujarat,Ahmedabad
,Drools,"Treats, Biscuits & Chews ",Treats  ,6727,TRANSFER-IN,4992,2026-08-03,2026-08-17,300.00,450.00,450.00,300.00,240.00,1,2,300.00,D6727-9743,D6727-9743,450.00,2028-02-12,2028-02-12,,,39,25,URBANPETS SERVICES PRIVATE LIMITED,,67,Drools,PG INDIA LOGISTICS PRIVATE LIMITED,,,Gujarat,Ahmedabad
Drools Cat Litter 10Kg,,,,,,,,,,,,,0.07,2,,0.14,,,"2,260.00",,,,,,,,,,,,,,,
,Drools,Hygiene,Cat Litter ,7831,TRANSFER-IN,5109,2026-01-30,2026-09-05,0.07,"1,130.00","1,130.00",0.07,0.07,2,2,0.14,D7831-905,D7831-905,"2,260.00",2027-01-14,2027-01-14,,,224,6,URBANPETS SERVICES PRIVATE LIMITED,,67,Drools,Shreeji Pet Shop,,,Gujarat,Ahmedabad
Drools Cat Litter 5 Kg,,,,,,,,,,,,,0.03,1,,0.03,,,565.00,,,,,,,,,,,,,,,
,Drools,Hygiene,Cat Litter ,2624,TRANSFER-IN,4446,2026-01-30,2026-05-28,0.03,565.00,565.00,0.03,0.03,1,4,0.03,D2624-5419,D2624-5419,565.00,2027-05-02,2027-05-02,,,224,106,URBANPETS SERVICES PRIVATE LIMITED,,67,Drools,Shreeji Pet Shop,,,Gujarat,Ahmedabad
Drools chicken and liver gravy 120gm,,,,,,,,,,,,,27.57,6,,201.00,,,300.00,,,,,,,,,,,,,,,
,Drools,Dog Food,Wet Food ,11995,TRANSFER-IN,4648,2026-06-12,2026-06-24,33.50,50.00,50.00,33.50,27.57,6,6,201.00,D11995-6984,D11995-6984,300.00,2028-05-22,2028-05-22,,,91,79,URBANPETS SERVICES PRIVATE LIMITED,,67,Drools,PG INDIA LOGISTICS PRIVATE LIMITED,,,Gujarat,Ahmedabad
Drools Coatglow shampoo  200 ml,,,,,,,,,,,,,385.95,3,,"1,215.74",,,"2,100.00",,,,,,,,,,,,,,,
,Drools,Medicine & Supplements ,Medicine ,11699,PURCHASE,3452,2026-01-31,2026-01-31,385.95,700.00,700.00,405.25,385.95,3,3,"1,215.74",D11699-9730,D11699-9730,"2,100.00",2027-11-30,2027-11-30,,,223,223,URBANPETS SERVICES PRIVATE LIMITED,,67,Drools,Shreeji Pet Shop,,,Gujarat,Ahmedabad
Drools Dog Sausage Real Liver 250gm,,,,,,,,,,,,,53.13,6,,334.72,,,600.00,,,,,,,,,,,,,,,
,Drools,"Treats, Biscuits & Chews ",Treats  ,4239,PURCHASE,3435,2026-01-30,2026-01-30,53.13,100.00,100.00,55.79,53.13,6,6,334.72,D4239-9282,D4239-9282,600.00,2026-08-30,2026-08-30,,,224,224,URBANPETS SERVICES PRIVATE LIMITED,,67,Drools,Shreeji Pet Shop,,,Gujarat,Ahmedabad
Drools DPanCar - Large oral suspension 30 ml,,,,,,,,,,,,,412.00,6,,"2,472.00",,,"4,800.00",,,,,,,,,,,,,,,
,Drools,Medicine & Supplements ,Medicine ,11698,PURCHASE,3452,2026-01-31,2026-01-31,412.00,800.00,800.00,412.00,412.00,6,7,"2,472.00",D11698-9729,D11698-9729,"4,800.00",2028-02-28,2028-02-28,,,223,223,URBANPETS SERVICES PRIVATE LIMITED,,67,Drools,Shreeji Pet Shop,,,Gujarat,Ahmedabad
Drools focus adult  3kg,,,,,,,,,,,,,795.17,2,,"1,838.98",,,"3,100.00",,,,,,,,,,,,,,,
,Drools,Dog Food,Dry Food ,11908,TRANSFER-IN,5094,2026-08-05,2026-09-02,919.49,"1,550.00","1,550.00",919.49,795.17,2,2,"1,838.98",D11908-711,D11908-711,"3,100.00",2028-07-17,2028-07-17,,,37,9,URBANPETS SERVICES PRIVATE LIMITED,,67,Drools,PG INDIA LOGISTICS PRIVATE LIMITED,,,Gujarat,Ahmedabad
Drools Focus Adult 4 KG,,,,,,,,,,,,,"1,051.68",1,,"1,216.10",,,"2,050.00",,,,,,,,,,,,,,,
,Drools,Dog Food,Dry Food ,6998,TRANSFER-IN,4902,2026-07-13,2026-08-03,"1,216.10","2,050.00","2,050.00","1,216.10","1,051.68",1,1,"1,216.10",D6998-8983,D6998-8983,"2,050.00",2027-11-28,2027-11-28,,,60,39,URBANPETS SERVICES PRIVATE LIMITED,,67,Drools,PG INDIA LOGISTICS PRIVATE LIMITED,,,Gujarat,Ahmedabad
Drools focus puppy 3kg,,,,,,,,,,,,,974.22,1,,"1,126.53",,,"1,899.00",,,,,,,,,,,,,,,
,Drools,Dog Food,Dry Food ,12124,TRANSFER-IN,4971,2026-08-05,2026-08-13,"1,126.53","1,899.00","1,899.00","1,126.53",974.22,1,1,"1,126.53",D12124-9590,D12124-9590,"1,899.00",2028-05-17,2028-05-17,,,37,29,URBANPETS SERVICES PRIVATE LIMITED,,67,Drools,PG INDIA LOGISTICS PRIVATE LIMITED,,,Gujarat,Ahmedabad
Drools Gravy chicken and vegetable 120gm,,,,,,,,,,,,,27.57,2,,67.00,,,100.00,,,,,,,,,,,,,,,
,Drools,Dog Food,Wet Food ,11994,TRANSFER-IN,4648,2026-06-12,2026-06-24,33.50,50.00,50.00,33.50,27.57,2,6,67.00,D11994-6982,D11994-6982,100.00,2028-05-22,2028-05-22,,,91,79,URBANPETS SERVICES PRIVATE LIMITED,,67,Drools,PG INDIA LOGISTICS PRIVATE LIMITED,,,Gujarat,Ahmedabad
Drools IT -Vet 10 tablet,,,,,,,,,,,,,232.90,96,,"11,400.17",,,"22,502.40",,,,,,,,,,,,,,,
,Drools,Medicine & Supplements ,Medicine ,11700,PURCHASE,3452,2026-01-31,2026-01-31,122.00,234.40,234.40,128.10,122.00,19,19,"2,433.90",D11700-9731,D11700-9731,"4,453.60",2029-02-27,2029-02-27,,,223,223,URBANPETS SERVICES PRIVATE LIMITED,,67,Drools,Shreeji Pet Shop,,,Gujarat,Ahmedabad
,Drools,Medicine & Supplements ,Medicine ,11700,PURCHASE,3452,2026-01-31,2026-01-31,110.90,234.40,234.40,116.45,110.90,77,80,"8,966.27",D11700-9732,D11700-9732,"18,048.80",2027-02-28,2027-02-28,,,223,223,URBANPETS SERVICES PRIVATE LIMITED,,67,Drools,Shreeji Pet Shop,,,Gujarat,Ahmedabad
drools junior ocean fish mousse80gm,,,,,,,,,,,,,0.00,12,,271.08,,,480.00,,,,,,,,,,,,,,,
,Drools,Dog Food,Wet Food ,11926,TRANSFER-IN,4924,2026-04-18,2026-08-05,22.59,40.00,40.00,22.59,0.00,12,12,271.08,d11926-9143,d11926-9143,480.00,2028-03-30,2028-03-30,,,146,37,URBANPETS SERVICES PRIVATE LIMITED,,67,Drools,PG INDIA LOGISTICS PRIVATE LIMITED,,,Gujarat,Ahmedabad
drools junior Tuna mousse80gm,,,,,,,,,,,,,0.00,12,,271.08,,,480.00,,,,,,,,,,,,,,,
,Drools,Dog Food,Wet Food ,11917,TRANSFER-IN,4924,2026-04-18,2026-08-05,22.59,40.00,40.00,22.59,0.00,12,12,271.08,d11917-9141,d11917-9141,480.00,2028-03-30,2028-03-30,,,146,37,URBANPETS SERVICES PRIVATE LIMITED,,67,Drools,PG INDIA LOGISTICS PRIVATE LIMITED,,,Gujarat,Ahmedabad
Drools PoochGlow 30 Tablet,,,,,,,,,,,,,292.88,14,,"4,838.38",,,"8,400.00",,,,,,,,,,,,,,,
,Drools,Medicine & Supplements ,Medicine ,11697,PURCHASE,4139,2026-07-08,2026-07-08,292.88,600.00,600.00,345.60,292.88,14,28,"4,838.38",D11697-7684,D11697-7684,"8,400.00",2028-12-30,2028-12-30,,,65,65,URBANPETS SERVICES PRIVATE LIMITED,,67,Drools,MAHIMA ENTERPRISE,,,Gujarat,Ahmedabad
Drools Puppy Chicken and Egg 3KG,,,,,,,,,,,,,369.83,3,,864.44,,,"2,040.00",,,,,,,,,,,,,,,
,Drools,Dog Food,Dry Food ,6999,TRANSFER-IN,4026,2026-01-30,2026-03-25,0.04,680.00,680.00,0.04,0.04,1,2,0.04,D6999-2458,D6999-2458,680.00,2026-12-30,2026-12-30,,,224,170,URBANPETS SERVICES PRIVATE LIMITED,,67,Drools,Shreeji Pet Shop,,,Gujarat,Ahmedabad
,Drools,Dog Food,Dry Food ,6999,TRANSFER-IN,5094,2026-08-03,2026-09-02,432.20,680.00,680.00,432.20,369.79,2,2,864.40,D6999-710,D6999-710,"1,360.00",2028-06-20,2028-06-20,,,39,9,URBANPETS SERVICES PRIVATE LIMITED,,67,Drools,PG INDIA LOGISTICS PRIVATE LIMITED,,,Gujarat,Ahmedabad
Drools Puppy Gravy 150GM,,,,,,,,,,,,,42.20,69,,"2,104.50",,,"3,105.00",,,,,,,,,,,,,,,
,Drools,Dog Food,Wet Food ,7014,TRANSFER-IN,5044,2026-02-18,2026-08-25,30.50,45.00,45.00,30.50,21.10,1,34,30.50,D7014-213,D7014-213,45.00,2030-08-30,2030-08-30,,,205,17,URBANPETS SERVICES PRIVATE LIMITED,,67,Drools,PG INDIA LOGISTICS PRIVATE LIMITED,,,Gujarat,Ahmedabad
,Drools,Dog Food,Wet Food ,7014,TRANSFER-IN,5083,2026-02-18,2026-08-31,30.50,45.00,45.00,30.50,21.10,68,68,"2,074.00",D7014-588,D7014-588,"3,060.00",2030-08-30,2030-08-30,,,205,11,URBANPETS SERVICES PRIVATE LIMITED,,67,Drools,PG INDIA LOGISTICS PRIVATE LIMITED,,,Gujarat,Ahmedabad
Drools puppy veg gravy 120gm,,,,,,,,,,,,,56.84,30,,"1,220.40",,,"1,800.00",,,,,,,,,,,,,,,
,Drools,Dog Food,Wet Food ,12150,TRANSFER-IN,4946,2026-08-07,2026-08-08,40.68,60.00,60.00,40.68,28.42,12,18,488.16,D12150-9420,D12150-9420,720.00,2028-07-30,2028-07-30,,,35,34,URBANPETS SERVICES PRIVATE LIMITED,,67,Drools,PG INDIA LOGISTICS PRIVATE LIMITED,,,Gujarat,Ahmedabad
,Drools,Dog Food,Wet Food ,12150,TRANSFER-IN,5048,2026-08-07,2026-08-26,40.68,60.00,60.00,40.68,28.42,18,18,732.24,D12150-263,D12150-263,"1,080.00",2028-07-30,2028-07-30,,,35,16,URBANPETS SERVICES PRIVATE LIMITED,,67,Drools,PG INDIA LOGISTICS PRIVATE LIMITED,,,Gujarat,Ahmedabad
Drools Veg 20KG,,,,,,,,,,,,,"2,288.14",35,,"94,500.01",,,"157,500.00",,,,,,,,,,,,,,,
,Drools,Dog Food,Veg Food ,11361,PURCHASE,4430,2026-09-07,2026-09-07,"2,860.17","4,500.00","4,500.00","2,700.00","2,288.14",35,50,"94,500.01",D11361-1005,D11361-1005,"157,500.00",2027-10-30,2027-10-30,,,4,4,URBANPETS SERVICES PRIVATE LIMITED,,67,Drools,PG INDIA LOGISTICS PRIVATE LIMITED,,,Gujarat,Ahmedabad
Drools Veg 3KG,,,,,,,,,,,,,402.04,1,,524.36,,,825.00,,,,,,,,,,,,,,,
,Drools,Dog Food,Veg Food ,7002,TRANSFER-IN,5004,2026-08-07,2026-08-18,524.36,825.00,825.00,524.36,402.04,1,2,524.36,D7002-9805,D7002-9805,825.00,2028-03-30,2028-03-30,,,35,24,URBANPETS SERVICES PRIVATE LIMITED,,67,Drools,PG INDIA LOGISTICS PRIVATE LIMITED,,,Gujarat,Ahmedabad
Drools Veg 500gm,,,,,,,,,,,,,57.20,1,,71.50,,,155.00,,,,,,,,,,,,,,,
,Drools,Dog Food,Veg Food ,11362,TRANSFER-IN,4914,2026-06-20,2026-08-04,71.50,155.00,155.00,71.50,57.20,1,43,71.50,D11362-9083,D11362-9083,155.00,2028-12-30,2028-12-30,,,83,38,URBANPETS SERVICES PRIVATE LIMITED,,67,Drools,PG INDIA LOGISTICS PRIVATE LIMITED,,,Gujarat,Ahmedabad
Durapet Bowl Silicone Bonding at Bottom 2700ml,,,,,,,,,,,,,255.67,6,,"1,610.72",,,"3,570.00",,,,,,,,,,,,,,,
,Durapet,Bowls & Water Bottle ,Bowl,9151,PURCHASE,3445,2026-01-30,2026-01-30,255.67,595.00,595.00,268.45,255.67,6,7,"1,610.72",D9151-9563,D9151-9563,"3,570.00",,,,,224,224,URBANPETS SERVICES PRIVATE LIMITED,,68,Durapet,Shreeji Pet Shop,,,Gujarat,Ahmedabad
E collar 0 No.,,,,,,,,,,,,,105.93,3,,374.99,,,750.00,,,,,,,,,,,,,,,
,Medicines,Accessories,E-collar & Muzzle ,11784,PURCHASE,4312,2026-08-14,2026-08-14,105.93,250.00,250.00,125.00,105.93,3,3,374.99,E11784-767,E11784-767,750.00,,,,,28,28,URBANPETS SERVICES PRIVATE LIMITED,,132,Medicines,MAHIMA ENTERPRISE,,,Gujarat,Ahmedabad
E collar 1 No,,,,,,,,,,,,,228.82,5,,675.03,,,"1,350.00",,,,,,,,,,,,,,,
,Trixie,Accessories,E-collar & Muzzle ,327,PURCHASE,3966,2026-05-29,2026-05-29,114.41,270.00,270.00,135.01,114.41,1,2,135.01,E327-5642,E327-5642,270.00,,,,,105,105,URBANPETS SERVICES PRIVATE LIMITED,,218,Trixie,MAHIMA ENTERPRISE,,,Gujarat,Ahmedabad
,Trixie,Accessories,E-collar & Muzzle ,327,PURCHASE,4312,2026-08-14,2026-08-14,114.41,270.00,270.00,135.01,114.41,4,4,540.02,E327-768,E327-768,"1,080.00",,,,,28,28,URBANPETS SERVICES PRIVATE LIMITED,,218,Trixie,MAHIMA ENTERPRISE,,,Gujarat,Ahmedabad
E collar 2 No,,,,,,,,,,,,,296.60,6,,"1,049.97",,,"2,100.00",,,,,,,,,,,,,,,
,Manufacturer,Accessories,E-collar & Muzzle ,481,PURCHASE,4254,2026-08-04,2026-08-04,148.30,350.00,350.00,174.99,148.30,2,3,349.99,E481-9162,E481-9162,700.00,,,,,38,38,URBANPETS SERVICES PRIVATE LIMITED,,1,Manufacturer,MAHIMA ENTERPRISE,,,Gujarat,Ahmedabad
,Manufacturer,Accessories,E-collar & Muzzle ,481,PURCHASE,4312,2026-08-14,2026-08-14,148.30,350.00,350.00,175.00,148.30,4,4,699.98,E481-769,E481-769,"1,400.00",,,,,28,28,URBANPETS SERVICES PRIVATE LIMITED,,1,Manufacturer,MAHIMA ENTERPRISE,,,Gujarat,Ahmedabad
E collar 3 No,,,,,,,,,,,,,381.36,6,,"1,350.02",,,"2,700.00",,,,,,,,,,,,,,,
,Trixie,Accessories,E-collar & Muzzle ,326,PURCHASE,4083,2026-06-26,2026-06-26,190.68,450.00,450.00,225.00,190.68,3,5,675.01,E326-7149,E326-7149,"1,350.00",,,,,77,77,URBANPETS SERVICES PRIVATE LIMITED,,218,Trixie,MAHIMA ENTERPRISE,,,Gujarat,Ahmedabad
,Trixie,Accessories,E-collar & Muzzle ,326,PURCHASE,4312,2026-08-14,2026-08-14,190.68,450.00,450.00,225.00,190.68,3,3,675.01,E326-770,E326-770,"1,350.00",,,,,28,28,URBANPETS SERVICES PRIVATE LIMITED,,218,Trixie,MAHIMA ENTERPRISE,,,Gujarat,Ahmedabad
E collar 4 No,,,,,,,,,,,,,254.24,5,,"1,500.02",,,"3,000.00",,,,,,,,,,,,,,,
,Manufacturer,Accessories,E-collar & Muzzle ,321,PURCHASE,4312,2026-08-14,2026-08-14,254.24,600.00,600.00,300.00,254.24,5,6,"1,500.02",E321-771,E321-771,"3,000.00",,,,,28,28,URBANPETS SERVICES PRIVATE LIMITED,,136,Misc,MAHIMA ENTERPRISE,,,Gujarat,Ahmedabad
E collar 5 No,,,,,,,,,,,,,330.51,1,,390.00,,,780.00,,,,,,,,,,,,,,,
,Trixie,Accessories,E-collar & Muzzle ,325,PURCHASE,4312,2026-08-14,2026-08-14,330.51,780.00,780.00,390.00,330.51,1,4,390.00,E325-772,E325-772,780.00,,,,,28,28,URBANPETS SERVICES PRIVATE LIMITED,,218,Trixie,MAHIMA ENTERPRISE,,,Gujarat,Ahmedabad
E collar 7 No.,,,,,,,,,,,,,432.20,1,,510.00,,,"1,020.00",,,,,,,,,,,,,,,
,Medicines,Accessories,E-collar & Muzzle ,11785,PURCHASE,4254,2026-08-04,2026-08-04,432.20,"1,020.00","1,020.00",510.00,432.20,1,2,510.00,E11785-9167,E11785-9167,"1,020.00",,,,,38,38,URBANPETS SERVICES PRIVATE LIMITED,,132,Medicines,MAHIMA ENTERPRISE,,,Gujarat,Ahmedabad
Earthbath 2 in 1 Conditioning Shampoo Mango Tango 16oz,,,,,,,,,,,,,"1,050.83",2,,"2,166.66",,,"3,500.00",,,,,,,,,,,,,,,
,Earthbath,Grooming,Shampoo & Conditioner ,7979,TRANSFER-IN,5094,2026-06-30,2026-09-02,"1,083.33","1,750.00","1,750.00","1,083.33","1,050.83",2,2,"2,166.66",E7979-723,E7979-723,"3,500.00",2031-03-15,2031-03-15,,,73,9,URBANPETS SERVICES PRIVATE LIMITED,,69,Earthbath,Pet Like That Solutions Llp,,,Gujarat,Ahmedabad
Earthbath Deodorizing Shampoo (Mediterranean Magic) 16 Oz Shampoo Short Coat,,,,,,,,,,,,,791.20,1,,830.76,,,"1,750.00",,,,,,,,,,,,,,,
,Earthbath,Grooming,Shampoo & Conditioner ,9854,PURCHASE,3444,2026-01-30,2026-01-30,791.20,"1,750.00","1,750.00",830.76,791.20,1,1,830.76,E9854-9538,E9854-9538,"1,750.00",2028-08-30,2028-08-30,,,224,224,URBANPETS SERVICES PRIVATE LIMITED,,69,Earthbath,Shreeji Pet Shop,,,Gujarat,Ahmedabad
Earthbath Hypo-Allergenic Shampoo Frag Free 16oz,,,,,,,,,,,,,935.06,2,,"1,870.12",,,"3,500.00",,,,,,,,,,,,,,,
,Earthbath,Grooming,Shampoo & Conditioner ,7939,TRANSFER-IN,3729,2026-01-30,2026-02-10,935.06,"1,750.00","1,750.00",935.06,935.06,2,2,"1,870.12",E7939-194,E7939-194,"3,500.00",2030-02-14,2030-02-14,,,224,213,URBANPETS SERVICES PRIVATE LIMITED,,69,Earthbath,Shreeji Pet Shop,,,Gujarat,Ahmedabad
Earthbath tUSHY wIPES- 30ct,,,,,,,,,,,,,406.45,1,,479.61,,,899.00,,,,,,,,,,,,,,,
,Earthbath,Hygiene,Towels & Wipes ,11251,PURCHASE,3446,2026-01-30,2026-01-30,406.45,899.00,899.00,479.61,406.45,1,1,479.61,E11251-9575,E11251-9575,899.00,2028-08-30,2028-08-30,,,224,224,URBANPETS SERVICES PRIVATE LIMITED,,69,Earthbath,Shreeji Pet Shop,,,Gujarat,Ahmedabad
Earthbath Ultra Mild Puppy Grooming Wipes 30 Ct,,,,,,,,,,,,,480.38,2,,"1,133.70",,,"1,798.00",,,,,,,,,,,,,,,
,Earthbath,Hygiene,Towels & Wipes ,9747,PURCHASE,3444,2026-01-30,2026-01-30,480.38,899.00,899.00,566.85,480.38,2,2,"1,133.70",E9747-9528,E9747-9528,"1,798.00",2029-06-30,2029-06-30,,,224,224,URBANPETS SERVICES PRIVATE LIMITED,,69,Earthbath,Shreeji Pet Shop,,,Gujarat,Ahmedabad
Earthbath Ultra Mild Puppy Shampoo 16oz,,,,,,,,,,,,,"1,050.83",2,,"2,206.75",,,"3,500.00",,,,,,,,,,,,,,,
,Earthbath,Grooming,Shampoo & Conditioner ,7980,PURCHASE,3440,2026-01-30,2026-01-30,"1,050.83","1,750.00","1,750.00","1,103.37","1,050.83",2,4,"2,206.75",E7980-9423,E7980-9423,"3,500.00",2030-07-17,2030-07-17,,,224,224,URBANPETS SERVICES PRIVATE LIMITED,,69,Earthbath,Shreeji Pet Shop,,,Gujarat,Ahmedabad
Easotic 10 ML,,,,,,,,,,,,,488.37,15,,"7,691.82",,,"11,250.00",,,,,,,,,,,,,,,
,Virbac,Medicine & Supplements ,Medicine ,2962,PURCHASE,3947,2026-05-26,2026-05-26,514.29,750.00,750.00,512.79,488.37,15,36,"7,691.82",E2962-5427,E2962-5427,"11,250.00",2027-04-30,2027-04-30,,,108,108,URBANPETS SERVICES PRIVATE LIMITED,,236,Virbac,VIRBAC ANIMAL HEALTH INDIA PRIVATE LIMITED,,,Gujarat,Ahmedabad
Ektek Hemp-O-TEK 60ml,,,,,,,,,,,,,241.07,20,,"5,062.37",,,"8,437.60",,,,,,,,,,,,,,,
,EktekPharma,Medicine & Supplements ,Supplements ,11350,PURCHASE,4413,2026-09-01,2026-09-01,321.42,421.88,421.88,253.12,241.07,20,20,"5,062.37",E11350-840,E11350-840,"8,437.60",2027-12-31,2027-12-31,,,10,10,URBANPETS SERVICES PRIVATE LIMITED,,307,EktekPharma,MAHIMA ENTERPRISE,,,Gujarat,Ahmedabad
Emeset 2 ml Injection,,,,,,,,,,,,,6.25,100,,656.25,,,"1,325.00",,,,,,,,,,,,,,,
,Hygiene,Medicine & Supplements ,Medicine ,2889,PURCHASE,3426,2026-01-30,2026-01-30,6.25,13.25,13.25,6.56,6.25,100,140,656.25,E2889-9044,E2889-9044,"1,325.00",2027-06-30,2027-06-30,,,224,224,URBANPETS SERVICES PRIVATE LIMITED,,102,Hygiene,Shreeji Pet Shop,,,Gujarat,Ahmedabad
Enavant TUMK9 Capsules,,,,,,,,,,,,,892.16,29,,"27,166.27",,,"57,420.00",,,,,,,,,,,,,,,
,Enavant,Medicine & Supplements ,Medicine ,11475,PURCHASE,3449,2026-01-30,2026-01-30,892.16,"1,980.00","1,980.00",936.77,892.16,29,37,"27,166.27",E11475-9654,E11475-9654,"57,420.00",2026-10-30,2026-10-30,,,224,224,URBANPETS SERVICES PRIVATE LIMITED,,330,ENAVANT,Shreeji Pet Shop,,,Gujarat,Ahmedabad
Entero Cronic Sachet,,,,,,,,,,,,,112.77,484,,"21,032.51",,,"33,880.00",,,,,,,,,,,,,,,
,Hygiene,Medicine & Supplements ,Medicine ,2921,PURCHASE,3426,2026-01-30,2026-01-30,36.38,70.00,70.00,42.93,36.38,1,537,42.93,E2921-9060,E2921-9060,70.00,2029-06-30,2029-06-30,,,224,224,URBANPETS SERVICES PRIVATE LIMITED,,102,Hygiene,Shreeji Pet Shop,,,Gujarat,Ahmedabad
,Hygiene,Medicine & Supplements ,Medicine ,2921,PURCHASE,4053,2026-06-18,2026-06-18,40.83,70.00,70.00,42.92,36.38,423,660,"18,156.64",E2921-6762,E2921-6762,"29,610.00",2029-07-31,2029-07-31,,,85,85,URBANPETS SERVICES PRIVATE LIMITED,,102,Hygiene,Vivaldis Health and food pvt Ltd,,,Gujarat,Ahmedabad
,Hygiene,Medicine & Supplements ,Medicine ,2921,PURCHASE,4092,2026-06-22,2026-06-22,40.83,70.00,70.00,47.22,40.01,60,60,"2,832.94",E2921-7215,E2921-7215,"4,200.00",2029-07-31,2029-07-31,,,81,81,URBANPETS SERVICES PRIVATE LIMITED,,102,Hygiene,Vivaldis Health and food pvt Ltd,,,Gujarat,Ahmedabad
Envurol 5Ltre,,,,,,,,,,,,,"2,365.72",2,,"4,968.01",,,"9,200.00",,,,,,,,,,,,,,,
,Areionvet,Medicine & Supplements ,Medicine ,11831,PURCHASE,3454,2026-01-31,2026-01-30,"2,365.72","4,600.00","4,600.00","2,484.01","2,365.72",2,4,"4,968.01",E11831-9877,E11831-9877,"9,200.00",2028-11-30,2028-11-30,,,223,224,URBANPETS SERVICES PRIVATE LIMITED,,266,Areionvet,Shreeji Pet Shop,,,Gujarat,Ahmedabad
Envurol RTU 500ml,,,,,,,,,,,,,228.00,13,,"3,112.20",,,"5,187.00",,,,,,,,,,,,,,,
,Hygiene,Medicine & Supplements ,Medicine ,2937,PURCHASE,3741,2026-04-13,2026-04-13,228.00,399.00,399.00,239.40,228.00,13,15,"3,112.20",E2937-3296,E2937-3296,"5,187.00",2028-10-31,2028-10-31,,,151,151,URBANPETS SERVICES PRIVATE LIMITED,,102,Hygiene,MAHIMA ENTERPRISE,,,Gujarat,Ahmedabad
Enzyrem-Pro,,,,,,,,,,,,,128.57,20,,"2,699.97",,,"4,500.00",,,,,,,,,,,,,,,
,Assurem,Medicine & Supplements ,Medicine ,11961,PURCHASE,4076,2026-06-24,2026-06-24,128.57,225.00,225.00,135.00,128.57,20,40,"2,699.97",E11961-7096,E11961-7096,"4,500.00",2026-09-30,2026-09-30,,,79,79,URBANPETS SERVICES PRIVATE LIMITED,,328,Assurem,MAHIMA ENTERPRISE,,,Gujarat,Ahmedabad
EP-Motu Pet Syrup 200ml,,,,,,,,,,,,,263.33,4,,"1,053.32",,,"1,580.00",,,,,,,,,,,,,,,
,EktekPharma,Medicine & Supplements ,Medicine ,11044,PURCHASE,3438,2026-01-30,2026-01-30,263.33,395.00,395.00,263.33,263.33,4,4,"1,053.32",E11044-9355,E11044-9355,"1,580.00",2026-02-28,2026-02-28,,,224,224,URBANPETS SERVICES PRIVATE LIMITED,,307,EktekPharma,Shreeji Pet Shop,,,Gujarat,Ahmedabad
EP-Mupicin Pet Cream USP 30gm,,,,,,,,,,,,,123.22,10,,"1,293.81",,,"2,156.30",,,,,,,,,,,,,,,
,other,Medicine & Supplements ,Medicine ,10966,PURCHASE,4027,2026-06-16,2026-06-16,123.22,215.63,215.63,129.38,123.22,10,51,"1,293.81",E10966-6421,E10966-6421,"2,156.30",2027-09-30,2027-09-30,,,87,87,URBANPETS SERVICES PRIVATE LIMITED,,255,other,MAHIMA ENTERPRISE,,,Gujarat,Ahmedabad
Eyegel Pro eye drops 10 ml,,,,,,,,,,,,,192.87,10,,"2,025.14",,,"2,810.00",,,,,,,,,,,,,,,
,CORISE,Medicine & Supplements ,Medicine ,11813,PURCHASE,3454,2026-01-31,2026-01-30,192.87,281.00,281.00,202.51,192.87,10,10,"2,025.14",E11813-9867,E11813-9867,"2,810.00",2027-02-28,2027-02-28,,,223,224,URBANPETS SERVICES PRIVATE LIMITED,,56,CORISE,Shreeji Pet Shop,,,Gujarat,Ahmedabad
EZRA VEST HARNESS-SIZE M BLACK,,,,,,,,,,,,,605.93,1,,715.00,,,"1,300.00",,,,,,,,,,,,,,,
,EZRA,Walk Essentials,Harness ,8698,PURCHASE,3445,2026-01-30,2026-01-30,605.93,"1,300.00","1,300.00",715.00,605.93,1,1,715.00,E8698-9554,E8698-9554,"1,300.00",,,,,224,224,URBANPETS SERVICES PRIVATE LIMITED,,74,EZRA,Shreeji Pet Shop,,,Gujarat,Ahmedabad
EZRA VEST HARNESS-SIZE M GREEN,,,,,,,,,,,,,605.93,2,,"1,429.99",,,"2,600.00",,,,,,,,,,,,,,,
,EZRA,Walk Essentials,Harness ,8696,PURCHASE,3445,2026-01-30,2026-01-30,605.93,"1,300.00","1,300.00",715.00,605.93,2,3,"1,429.99",E8696-9551,E8696-9551,"2,600.00",,,,,224,224,URBANPETS SERVICES PRIVATE LIMITED,,74,EZRA,Shreeji Pet Shop,,,Gujarat,Ahmedabad
FELI D  KITTEN SUSPENSION 15 ML,,,,,,,,,,,,,227.06,55,,"5,148.99",,,"8,210.00",,,,,,,,,,,,,,,
,Areionvet,Medicine & Supplements ,Medicine ,3022,PURCHASE,3429,2026-01-30,2026-01-30,68.53,130.00,130.00,71.96,68.53,1,29,71.96,F3022-9142,F3022-9142,130.00,2027-01-31,2027-01-31,,,224,224,URBANPETS SERVICES PRIVATE LIMITED,,266,Areionvet,Shreeji Pet Shop,,,Gujarat,Ahmedabad
,Areionvet,Medicine & Supplements ,Medicine ,3022,TRANSFER-IN,4186,2026-01-30,2026-04-18,68.53,130.00,130.00,68.53,68.53,1,1,68.53,F3022-3611,F3022-3611,130.00,2027-01-31,2027-01-31,,,224,146,URBANPETS SERVICES PRIVATE LIMITED,,266,Areionvet,Shreeji Pet Shop,,,Gujarat,Ahmedabad
,Areionvet,Medicine & Supplements ,Medicine ,3022,PURCHASE,3971,2026-05-20,2026-05-20,90.00,150.00,150.00,94.50,90.00,53,60,"5,008.50",F3022-5862,F3022-5862,"7,950.00",2028-02-28,2028-02-28,,,114,114,URBANPETS SERVICES PRIVATE LIMITED,,266,Areionvet,AREION VET,,,Gujarat,Ahmedabad
Feli-D,,,,,,,,,,,,,24.00,309,,"7,786.80",,,"12,360.00",,,,,,,,,,,,,,,
,Medicines,Medicine & Supplements ,Medicine ,2984,PURCHASE,3971,2026-05-20,2026-05-20,24.00,40.00,40.00,25.20,24.00,309,360,"7,786.80",F2984-5861,F2984-5861,"12,360.00",2028-11-30,2028-11-30,,,114,114,URBANPETS SERVICES PRIVATE LIMITED,,132,Medicines,AREION VET,,,Gujarat,Ahmedabad
Feli-lax 50gm,,,,,,,,,,,,,323.46,30,,"9,703.80",,,"17,970.00",,,,,,,,,,,,,,,
,Areionvet,Medicine & Supplements ,Medicine ,10807,PURCHASE,4188,2026-07-10,2026-07-10,431.28,599.00,599.00,323.46,323.46,30,30,"9,703.80",F10807-8262,F10807-8262,"17,970.00",2028-03-31,2028-03-31,,,63,63,URBANPETS SERVICES PRIVATE LIMITED,,266,Areionvet,AREION VET,,,Gujarat,Ahmedabad
Felix gravy chicken adult 70 gm,,,,,,,,,,,,,34.59,18,,734.72,,,990.00,,,,,,,,,,,,,,,
,Felix ,Cat Food,Wet Food ,11827,TRANSFER-IN,4774,2026-04-15,2026-07-14,37.29,55.00,55.00,40.82,34.59,18,24,734.72,F11827-8032,F11827-8032,990.00,2027-09-30,2027-09-30,,,149,59,URBANPETS SERVICES PRIVATE LIMITED,,76,Felix ,AKSHAJ DISTRIBUTORS,,,Gujarat,Ahmedabad
Felix Gravy Mackeral Adult 70gm,,,,,,,,,,,,,32.22,6,,228.13,,,330.00,,,,,,,,,,,,,,,
,Felix ,Cat Food,Wet Food ,11828,TRANSFER-IN,4854,2026-02-20,2026-07-27,37.29,55.00,55.00,38.02,32.22,6,12,228.13,F11828-8564,F11828-8564,330.00,2027-05-30,2027-05-30,,,203,46,URBANPETS SERVICES PRIVATE LIMITED,,76,Felix ,AKSHAJ DISTRIBUTORS,,,Gujarat,Ahmedabad
Felix gravy salmon adult 70gm,,,,,,,,,,,,,32.89,18,,698.58,,,990.00,,,,,,,,,,,,,,,
,Felix ,Cat Food,Wet Food ,11829,TRANSFER-IN,4774,2026-01-31,2026-07-14,32.89,55.00,55.00,38.81,32.89,18,24,698.58,F11829-8033,F11829-8033,990.00,2027-08-19,2027-08-19,,,223,59,URBANPETS SERVICES PRIVATE LIMITED,,76,Felix ,Shreeji Pet Shop,,,Gujarat,Ahmedabad
Felix gravy tuna adult 70gm,,,,,,,,,,,,,35.68,30,,631.48,,,"1,650.00",,,,,,,,,,,,,,,
,Felix ,Cat Food,Wet Food ,11830,TRANSFER-IN,4774,2026-02-12,2026-07-14,38.70,55.00,55.00,21.05,17.84,18,24,378.89,F11830-8031,F11830-8031,990.00,2027-08-30,2027-08-30,,,211,59,URBANPETS SERVICES PRIVATE LIMITED,,76,Felix ,AKSHAJ DISTRIBUTORS,,,Gujarat,Ahmedabad
,Felix ,Cat Food,Wet Food ,11830,TRANSFER-IN,4854,2026-02-12,2026-07-27,38.70,55.00,55.00,21.05,17.84,12,12,252.59,F11830-8563,F11830-8563,660.00,2027-08-30,2027-08-30,,,211,46,URBANPETS SERVICES PRIVATE LIMITED,,76,Felix ,AKSHAJ DISTRIBUTORS,,,Gujarat,Ahmedabad
Felix jelly Chicken adult 85 g,,,,,,,,,,,,,33.46,24,,894.96,,,"1,320.00",,,,,,,,,,,,,,,
,Felix ,Cat Food,Wet Food ,9824,TRANSFER-IN,5124,2026-07-17,2026-09-08,37.29,55.00,55.00,37.29,33.46,24,24,894.96,F9824-1003,F9824-1003,"1,320.00",2028-08-28,2028-08-28,,,56,3,URBANPETS SERVICES PRIVATE LIMITED,,76,Felix ,AKSHAJ DISTRIBUTORS,,,Gujarat,Ahmedabad
Felix jelly mackerel adult 85gm,,,,,,,,,,,,,33.46,24,,894.96,,,"1,320.00",,,,,,,,,,,,,,,
,Felix ,Cat Food,Wet Food ,10389,TRANSFER-IN,5044,2026-07-17,2026-08-25,37.29,55.00,55.00,37.29,33.46,24,24,894.96,F10389-214,F10389-214,"1,320.00",2028-08-29,2028-08-29,,,56,17,URBANPETS SERVICES PRIVATE LIMITED,,76,Felix ,AKSHAJ DISTRIBUTORS,,,Gujarat,Ahmedabad
felix jelly tuna adult 85gm,,,,,,,,,,,,,100.04,15,,555.32,,,825.00,,,,,,,,,,,,,,,
,Purina,Cat Food,Wet Food ,6657,TRANSFER-IN,4296,2026-01-30,2026-05-05,33.26,55.00,55.00,33.26,33.26,1,9,33.26,F6657-4342,F6657-4342,55.00,2027-05-15,2027-05-15,,,224,129,URBANPETS SERVICES PRIVATE LIMITED,,76,Felix ,Shreeji Pet Shop,,,Gujarat,Ahmedabad
,Purina,Cat Food,Wet Food ,6657,TRANSFER-IN,5032,2026-08-20,2026-08-24,37.29,55.00,55.00,37.29,33.32,2,24,74.58,f6657-152,f6657-152,110.00,2028-03-31,2028-03-31,,,22,18,URBANPETS SERVICES PRIVATE LIMITED,,76,Felix ,AKSHAJ DISTRIBUTORS,,,Gujarat,Ahmedabad
,Purina,Cat Food,Wet Food ,6657,TRANSFER-IN,5124,2026-07-17,2026-09-08,37.29,55.00,55.00,37.29,33.46,12,24,447.48,f6657-1002,f6657-1002,660.00,2028-12-31,2028-12-31,,,56,3,URBANPETS SERVICES PRIVATE LIMITED,,76,Felix ,AKSHAJ DISTRIBUTORS,,,Gujarat,Ahmedabad
Fenland 10% Oral Paste 15gm,,,,,,,,,,,,,96.17,18,,"1,817.63",,,"2,862.00",,,,,,,,,,,,,,,
,Veko,Grooming,Dental Care ,10707,PURCHASE,4306,2026-07-31,2026-07-31,109.03,159.00,159.00,100.98,96.17,18,20,"1,817.63",F10707-9674,F10707-9674,"2,862.00",2028-05-30,2028-05-30,,,42,42,URBANPETS SERVICES PRIVATE LIMITED,,285,Veko,VEKO CARE PRIVATE LIMITED,,,Gujarat,Ahmedabad
FEXORISE OD TABLET,,,,,,,,,,,,,8.82,10,,92.61,,,180.00,,,,,,,,,,,,,,,
,Manufacturer,Medicine & Supplements ,Medicine ,5984,PURCHASE,3436,2026-01-30,2026-01-30,8.82,18.00,18.00,9.26,8.82,10,10,92.61,F5984-9311,F5984-9311,180.00,2099-12-12,2099-12-12,,,224,224,URBANPETS SERVICES PRIVATE LIMITED,,1,Manufacturer,Shreeji Pet Shop,,,Gujarat,Ahmedabad
Fidele Weight Management 1.5 KG,,,,,,,,,,,,,"2,041.00",2,,"2,408.38",,,"3,600.00",,,,,,,,,,,,,,,
,Fidele,Dog Food,Prescription Food ,10810,PURCHASE,3628,2026-03-14,2026-03-14,993.06,"1,800.00","1,800.00","1,148.37",973.20,1,5,"1,148.37",F10810-1943,F10810-1943,"1,800.00",2026-12-30,2026-12-30,,,181,181,URBANPETS SERVICES PRIVATE LIMITED,,77,Fidele,Pari Enterprise,,,Gujarat,Ahmedabad
,Fidele,Dog Food,Prescription Food ,10810,PURCHASE,3994,2026-06-06,2026-06-06,"1,067.80","1,800.00","1,800.00","1,260.01","1,067.80",1,4,"1,260.01",F10810-7558,F10810-7558,"1,800.00",2027-07-30,2027-07-30,,,97,97,URBANPETS SERVICES PRIVATE LIMITED,,77,Fidele,MAHIMA ENTERPRISE,,,Gujarat,Ahmedabad
fidele weight managment 1.5kg,,,,,,,,,,,,,"1,025.09",4,,"4,838.41",,,"7,200.00",,,,,,,,,,,,,,,
,Fidele,Dog Food,Dry Food ,12154,PURCHASE,4279,2026-07-20,2026-07-20,"1,067.80","1,800.00","1,800.00","1,209.60","1,025.09",4,4,"4,838.41",f12154-9681,f12154-9681,"7,200.00",2027-07-30,2027-07-30,,,53,53,URBANPETS SERVICES PRIVATE LIMITED,,77,Fidele,MAHIMA ENTERPRISE,,,Gujarat,Ahmedabad
Fido Munchy Sticks Chicken Flavour 1 KG,,,,,,,,,,,,,142.37,19,,"3,191.89",,,"5,320.00",,,,,,,,,,,,,,,
,Fido,"Treats, Biscuits & Chews ",Treats  ,10904,PURCHASE,4448,2026-09-08,2026-09-08,237.28,280.00,280.00,167.99,142.37,19,25,"3,191.89",F10904-1171,F10904-1171,"5,320.00",2027-10-30,2027-10-30,,,3,3,URBANPETS SERVICES PRIVATE LIMITED,,301,Fido,Shreeji Enterprise,,,Gujarat,Ahmedabad
Fido Munchy Sticks Lamb Flavour 1 KG,,,,,,,,,,,,,284.74,11,,"1,847.93",,,"3,080.00",,,,,,,,,,,,,,,
,Fido,"Treats, Biscuits & Chews ",Treats  ,10905,PURCHASE,4448,2026-09-08,2026-09-08,237.28,280.00,280.00,167.99,142.37,10,10,"1,679.94",F10905-1172,F10905-1172,"2,800.00",2027-10-30,2027-10-30,,,3,3,URBANPETS SERVICES PRIVATE LIMITED,,301,Fido,Shreeji Enterprise,,,Gujarat,Ahmedabad
,Fido,"Treats, Biscuits & Chews ",Treats  ,10905,PURCHASE,4357,2026-08-19,2026-08-22,237.28,280.00,280.00,167.99,142.37,1,15,167.99,F10905-1072,F10905-1072,280.00,2027-10-01,2027-10-01,,,23,20,URBANPETS SERVICES PRIVATE LIMITED,,301,Fido,Shreeji Enterprise,,,Gujarat,Ahmedabad
Fido Munchy Sticks Mint Flavour 1 KG,,,,,,,,,,,,,284.74,14,,"2,351.92",,,"3,920.00",,,,,,,,,,,,,,,
,Fido,"Treats, Biscuits & Chews ",Treats  ,10973,PURCHASE,4448,2026-09-08,2026-09-08,237.28,280.00,280.00,167.99,142.37,10,10,"1,679.94",F10973-1174,F10973-1174,"2,800.00",2027-10-30,2027-10-30,,,3,3,URBANPETS SERVICES PRIVATE LIMITED,,301,Fido,Shreeji Enterprise,,,Gujarat,Ahmedabad
,Fido,"Treats, Biscuits & Chews ",Treats  ,10973,PURCHASE,4259,2026-08-03,2026-08-03,237.28,280.00,280.00,167.99,142.37,4,20,671.98,F10973-9441,F10973-9441,"1,120.00",2027-10-30,2027-10-30,,,39,39,URBANPETS SERVICES PRIVATE LIMITED,,301,Fido,Shreeji Enterprise,,,Gujarat,Ahmedabad
Fido Munchy Sticks Mix Flavour 1 KG,,,,,,,,,,,,,538.98,23,,"3,809.87",,,"6,380.00",,,,,,,,,,,,,,,
,Fido,"Treats, Biscuits & Chews ",Treats  ,11149,PURCHASE,4357,2026-08-19,2026-08-22,237.28,280.00,280.00,167.99,142.37,10,10,"1,679.94",F11149-1075,F11149-1075,"2,800.00",2027-10-01,2027-10-01,,,23,20,URBANPETS SERVICES PRIVATE LIMITED,,301,Fido,Shreeji Enterprise,,,Gujarat,Ahmedabad
,Fido,"Treats, Biscuits & Chews ",Treats  ,11149,PURCHASE,4259,2026-08-03,2026-08-03,237.28,280.00,280.00,167.99,142.37,10,10,"1,679.94",F11149-9443,F11149-9443,"2,800.00",2027-10-30,2027-10-30,,,39,39,URBANPETS SERVICES PRIVATE LIMITED,,301,Fido,Shreeji Enterprise,,,Gujarat,Ahmedabad
,Fido,"Treats, Biscuits & Chews ",Treats  ,11149,PURCHASE,4002,2026-06-08,2026-06-08,211.86,280.00,280.00,150.00,127.12,1,30,150.00,F11149-6062,F11149-6062,280.00,2027-08-30,2027-08-30,,,95,95,URBANPETS SERVICES PRIVATE LIMITED,,301,Fido,Shreeji Enterprise,,,Gujarat,Ahmedabad
,Fido,"Treats, Biscuits & Chews ",Treats  ,11149,PURCHASE,3565,2026-02-27,2026-02-27,211.86,250.00,250.00,150.00,127.12,2,10,299.99,F11149-1214,F11149-1214,500.00,2027-07-30,2027-07-30,,,196,196,URBANPETS SERVICES PRIVATE LIMITED,,301,Fido,Shreeji Enterprise,,,Gujarat,Ahmedabad
Fido Munchy Sticks Natural Flavour 1 KG,,,,,,,,,,,,,284.74,17,,"2,855.90",,,"4,760.00",,,,,,,,,,,,,,,
,Fido,"Treats, Biscuits & Chews ",Treats  ,10906,PURCHASE,4448,2026-09-08,2026-09-08,237.28,280.00,280.00,167.99,142.37,10,10,"1,679.94",F10906-1173,F10906-1173,"2,800.00",2027-10-30,2027-10-30,,,3,3,URBANPETS SERVICES PRIVATE LIMITED,,301,Fido,Shreeji Enterprise,,,Gujarat,Ahmedabad
,Fido,"Treats, Biscuits & Chews ",Treats  ,10906,PURCHASE,4357,2026-08-19,2026-08-22,237.28,280.00,280.00,167.99,142.37,7,15,"1,175.96",F10906-1074,F10906-1074,"1,960.00",2027-10-01,2027-10-01,,,23,20,URBANPETS SERVICES PRIVATE LIMITED,,301,Fido,Shreeji Enterprise,,,Gujarat,Ahmedabad
Fiprofort Spray 100 ml,,,,,,,,,,,,,384.91,10,,"2,125.38",,,"3,984.40",,,,,,,,,,,,,,,
,Sava Vet ,Medicine & Supplements ,Medicine ,7870,PURCHASE,3434,2026-01-30,2026-01-30,180.00,398.44,425.00,189.00,180.00,1,6,189.00,F7870-9265,F7870-9265,398.44,2027-07-30,2027-07-30,,,224,224,URBANPETS SERVICES PRIVATE LIMITED,,197,Sava Vet ,Shreeji Pet Shop,,,Gujarat,Ahmedabad
,Sava Vet ,Medicine & Supplements ,Medicine ,7870,PURCHASE,4029,2026-06-16,2026-06-16,273.21,398.44,398.44,215.15,204.91,9,30,"1,936.38",F7870-6485,F7870-6485,"3,585.96",2028-03-30,2028-03-30,,,87,87,URBANPETS SERVICES PRIVATE LIMITED,,197,Sava Vet ,SAVA HEALTHCARE LIMITED,,,Gujarat,Ahmedabad
Fiprofort Spray 250 ml,,,,,,,,,,,,,646.06,22,,"7,462.07",,,"15,515.73",,,,,,,,,,,,,,,
,Sava Vet ,Medicine & Supplements ,Medicine ,3160,PURCHASE,3432,2026-01-30,2026-01-30,323.03,750.00,750.00,339.18,323.03,1,6,339.18,S3160-9212,S3160-9212,750.00,2027-07-30,2027-07-30,,,224,224,URBANPETS SERVICES PRIVATE LIMITED,,197,Sava Vet ,Shreeji Pet Shop,,,Gujarat,Ahmedabad
,Sava Vet ,Medicine & Supplements ,Medicine ,3160,PURCHASE,4029,2026-06-16,2026-06-16,482.14,703.13,703.13,339.19,323.03,21,30,"7,122.89",S3160-6486,S3160-6486,"14,765.73",2028-02-28,2028-02-28,,,87,87,URBANPETS SERVICES PRIVATE LIMITED,,197,Sava Vet ,SAVA HEALTHCARE LIMITED,,,Gujarat,Ahmedabad
Firotall 57mg (1 STRIP),,,,,,,,,,,,,375.67,74,,"14,870.77",,,"26,290.00",,,,,,,,,,,,,,,
,UNITED BIOTECH,Medicine & Supplements ,Medicine ,3051,PURCHASE,3791,2026-04-22,2026-04-22,223.00,335.00,335.00,191.22,182.12,14,60,"2,677.12",F3051-3900,F3051-3900,"4,690.00",2028-01-31,2028-01-31,,,142,142,URBANPETS SERVICES PRIVATE LIMITED,,223,UNITED BIOTECH,Vivaldis Health and food pvt Ltd,,,Gujarat,Ahmedabad
,UNITED BIOTECH,Medicine & Supplements ,Medicine ,3051,PURCHASE,4409,2026-08-27,2026-08-27,237.00,360.00,360.00,203.23,193.55,60,60,"12,193.65",F3051-805,F3051-805,"21,600.00",2028-04-30,2028-04-30,,,15,15,URBANPETS SERVICES PRIVATE LIMITED,,223,UNITED BIOTECH,Vivaldis Health and food pvt Ltd,,,Gujarat,Ahmedabad
First Bark Chicken and Cod Roll 200gm,,,,,,,,,,,,,214.92,2,,507.21,,,"1,050.00",,,,,,,,,,,,,,,
,First Bark,"Treats, Biscuits & Chews ",Treats  ,11522,TRANSFER-IN,4821,2026-01-31,2026-07-21,214.92,525.00,525.00,253.61,214.92,2,3,507.21,F11522-8343,F11522-8343,"1,050.00",2027-03-14,2027-03-14,,,223,52,URBANPETS SERVICES PRIVATE LIMITED,,78,First Bark,Shreeji Pet Shop,,,Gujarat,Ahmedabad
First Bark Chicken and Cod Sandwich 350gm,,,,,,,,,,,,,368.14,2,,868.81,,,"1,798.00",,,,,,,,,,,,,,,
,First Bark,"Treats, Biscuits & Chews ",Treats  ,11528,PURCHASE,3449,2026-01-30,2026-01-30,368.14,899.00,899.00,434.41,368.14,2,3,868.81,F11528-9667,F11528-9667,"1,798.00",2027-02-23,2027-02-23,,,224,224,URBANPETS SERVICES PRIVATE LIMITED,,78,First Bark,Shreeji Pet Shop,,,Gujarat,Ahmedabad
First Bark Fruity Blast Banana Twist 225G,,,,,,,,,,,,,336.02,5,,857.50,,,"1,750.00",,,,,,,,,,,,,,,
,First Bark,"Treats, Biscuits & Chews ",Treats  ,7741,TRANSFER-IN,4682,2026-05-06,2026-06-29,171.50,350.00,350.00,171.50,167.95,2,3,343.00,F7741-7193,F7741-7193,700.00,2028-01-15,2028-01-15,,,128,74,URBANPETS SERVICES PRIVATE LIMITED,,78,First Bark,Sai International Pet Product Privet Limited,,,Gujarat,Ahmedabad
,First Bark,"Treats, Biscuits & Chews ",Treats  ,7741,TRANSFER-IN,5123,2026-08-18,2026-09-08,171.50,350.00,350.00,171.50,168.07,3,3,514.50,F7741-992,F7741-992,"1,050.00",2028-04-30,2028-04-30,,,24,3,URBANPETS SERVICES PRIVATE LIMITED,,78,First Bark,Sai International Pet Product Privet Limited,,,Gujarat,Ahmedabad
First Bark Fruity Blast Blueberry Zing 225G,,,,,,,,,,,,,336.14,5,,857.50,,,"1,750.00",,,,,,,,,,,,,,,
,First Bark,"Treats, Biscuits & Chews ",Treats  ,7742,TRANSFER-IN,5059,2026-08-18,2026-08-27,171.50,350.00,350.00,171.50,168.07,2,2,343.00,F7742-395,F7742-395,700.00,2028-06-30,2028-06-30,,,24,15,URBANPETS SERVICES PRIVATE LIMITED,,78,First Bark,Sai International Pet Product Privet Limited,,,Gujarat,Ahmedabad
,First Bark,"Treats, Biscuits & Chews ",Treats  ,7742,TRANSFER-IN,5123,2026-08-18,2026-09-08,171.50,350.00,350.00,171.50,168.07,3,3,514.50,F7742-991,F7742-991,"1,050.00",2028-06-30,2028-06-30,,,24,3,URBANPETS SERVICES PRIVATE LIMITED,,78,First Bark,Sai International Pet Product Privet Limited,,,Gujarat,Ahmedabad
First Bark Fruity Blast Mango Bites 225G,,,,,,,,,,,,,168.07,3,,514.50,,,"1,050.00",,,,,,,,,,,,,,,
,First Bark,"Treats, Biscuits & Chews ",Treats  ,7743,TRANSFER-IN,5123,2026-08-18,2026-09-08,171.50,350.00,350.00,171.50,168.07,3,3,514.50,F7743-989,F7743-989,"1,050.00",2028-06-30,2028-06-30,,,24,3,URBANPETS SERVICES PRIVATE LIMITED,,78,First Bark,Sai International Pet Product Privet Limited,,,Gujarat,Ahmedabad
First Bark Fruity Blast Mix Fruit 225G,,,,,,,,,,,,,168.07,3,,514.50,,,"1,050.00",,,,,,,,,,,,,,,
,First Bark,"Treats, Biscuits & Chews ",Treats  ,7744,TRANSFER-IN,5123,2026-08-18,2026-09-08,171.50,350.00,350.00,171.50,168.07,3,3,514.50,F7744-993,F7744-993,"1,050.00",2028-06-30,2028-06-30,,,24,3,URBANPETS SERVICES PRIVATE LIMITED,,78,First Bark,Sai International Pet Product Privet Limited,,,Gujarat,Ahmedabad
First Bark Fruity Blast Strawberry Bust 225G,,,,,,,,,,,,,168.07,3,,514.50,,,"1,050.00",,,,,,,,,,,,,,,
,First Bark,"Treats, Biscuits & Chews ",Treats  ,7745,TRANSFER-IN,5123,2026-08-18,2026-09-08,171.50,350.00,350.00,171.50,168.07,3,3,514.50,F7745-990,F7745-990,"1,050.00",2028-06-30,2028-06-30,,,24,3,URBANPETS SERVICES PRIVATE LIMITED,,78,First Bark,Sai International Pet Product Privet Limited,,,Gujarat,Ahmedabad
First Bark Soft Chicken tender 350gm,,,,,,,,,,,,,0.98,2,,2.31,,,"1,798.00",,,,,,,,,,,,,,,
,First Bark,"Treats, Biscuits & Chews ",Treats  ,11953,TRANSFER-IN,4821,2026-05-06,2026-07-21,1.00,899.00,899.00,1.16,0.98,2,3,2.31,F11953-8342,F11953-8342,"1,798.00",2028-03-09,2028-03-09,,,128,52,URBANPETS SERVICES PRIVATE LIMITED,,78,First Bark,Sai International Pet Product Privet Limited,,,Gujarat,Ahmedabad
First Bark Soft Chicken Tender 70gm,,,,,,,,,,,,,0.98,1,,1.16,,,199.00,,,,,,,,,,,,,,,
,First Bark,"Treats, Biscuits & Chews ",Treats  ,11513,TRANSFER-IN,4821,2026-05-06,2026-07-21,1.00,199.00,199.00,1.16,0.98,1,3,1.16,F11513-8345,F11513-8345,199.00,2027-10-12,2027-10-12,,,128,52,URBANPETS SERVICES PRIVATE LIMITED,,78,First Bark,Sai International Pet Product Privet Limited,,,Gujarat,Ahmedabad
Flaxseed Oil 400ml,,,,,,,,,,,,,330.16,6,,"2,080.00",,,"3,120.00",,,,,,,,,,,,,,,
,Beaphar,Medicine & Supplements ,Medical Equipment,12096,PURCHASE,4146,2026-06-27,2026-06-27,396.19,520.00,520.00,346.67,330.16,6,6,"2,080.00",F12096-7872,F12096-7872,"3,120.00",2027-08-30,2027-08-30,,,76,76,URBANPETS SERVICES PRIVATE LIMITED,,20,Beaphar,integrated healthcare,,,Gujarat,Ahmedabad
Flematic pro Skin Oil,,,,,,,,,,,,,165.97,43,,"8,421.21",,,"14,620.00",,,,,,,,,,,,,,,
,Manufacturer,Medicine & Supplements ,Medicine ,2760,PURCHASE,3948,2026-05-25,2026-05-25,207.46,340.00,340.00,195.84,165.97,43,50,"8,421.21",F2760-5430,F2760-5430,"14,620.00",2027-11-30,2027-11-30,,,109,109,URBANPETS SERVICES PRIVATE LIMITED,,1,Manufacturer,TTK Healthcare Limited,,,Gujarat,Ahmedabad
Flexi New Neon Reflect M Tape 5m Pink,,,,,,,,,,,,,"1,288.54",1,,"1,520.48",,,"2,850.00",,,,,,,,,,,,,,,
,Flexi ,Walk Essentials,Leash,5934,PURCHASE,3436,2026-01-30,2026-01-30,"1,288.54","2,850.00","2,850.00","1,520.48","1,288.54",1,1,"1,520.48",F5934-9304,F5934-9304,"2,850.00",,,,,224,224,URBANPETS SERVICES PRIVATE LIMITED,,81,Flexi ,Shreeji Pet Shop,,,Gujarat,Ahmedabad
Fleximaxx Elite,,,,,,,,,,,,,593.25,1,,593.25,,,"1,050.00",,,,,,,,,,,,,,,
,Medicines,Medicine & Supplements ,Medicine ,11946,TRANSFER-IN,5010,2026-05-09,2026-08-19,593.25,"1,050.00","1,050.00",593.25,593.25,1,1,593.25,F11946-9866,F11946-9866,"1,050.00",2026-11-30,2026-11-30,,,125,23,URBANPETS SERVICES PRIVATE LIMITED,,132,Medicines,integrated healthcare,,,Gujarat,Ahmedabad
Flickout Spray 2%,,,,,,,,,,,,,156.28,2,,328.19,,,468.20,,,,,,,,,,,,,,,
,Hygiene,Medicine & Supplements ,Medicine ,2785,PURCHASE,3563,2026-02-27,2026-02-27,156.28,234.10,250.00,164.09,156.28,2,10,328.19,F2785-1193,F2785-1193,468.20,2027-11-30,2027-11-30,,,196,196,URBANPETS SERVICES PRIVATE LIMITED,,102,Hygiene,MAHIMA ENTERPRISE,,,Gujarat,Ahmedabad
Flyrimag Spray 100 ml,,,,,,,,,,,,,114.58,12,,"1,443.75",,,"1,968.00",,,,,,,,,,,,,,,
,Manufacturer,Medicine & Supplements ,Medicine ,2979,PURCHASE,4187,2026-07-14,2026-07-14,125.00,164.00,164.00,120.31,114.58,12,12,"1,443.75",F2979-8260,F2979-8260,"1,968.00",2029-01-31,2029-01-31,,,59,59,URBANPETS SERVICES PRIVATE LIMITED,,1,Manufacturer,MAHIMA ENTERPRISE,,,Gujarat,Ahmedabad
Folrex 150ml,,,,,,,,,,,,,997.00,5,,"5,882.30",,,"8,750.00",,,,,,,,,,,,,,,
,Hygiene,Medicine & Supplements ,Medicine ,2918,PURCHASE,3426,2026-01-30,2026-01-30,997.00,"1,750.00","1,750.00","1,176.46",997.00,5,5,"5,882.30",F2918-9056,F2918-9056,"8,750.00",2027-04-30,2027-04-30,,,224,224,URBANPETS SERVICES PRIVATE LIMITED,,102,Hygiene,Shreeji Pet Shop,,,Gujarat,Ahmedabad
Fondapet Deodrant,,,,,,,,,,,,,169.49,1,,200.00,,,300.00,,,,,,,,,,,,,,,
,Hygiene,Medicine & Supplements ,Medicine ,2790,PURCHASE,3419,2026-01-30,2026-01-30,169.49,300.00,300.00,200.00,169.49,1,2,200.00,F2790-8890,F2790-8890,300.00,2026-10-10,2026-10-10,,,224,224,URBANPETS SERVICES PRIVATE LIMITED,,102,Hygiene,Shreeji Pet Shop,,,Gujarat,Ahmedabad
Freedom FI-Line 0.3ml,,,,,,,,,,,,,174.22,21,,"3,841.65",,,"7,350.00",,,,,,,,,,,,,,,
,other,Medicine & Supplements ,Medicine ,12089,PURCHASE,4138,2026-06-26,2026-06-26,266.67,350.00,350.00,182.94,174.22,21,30,"3,841.65",F12089-7683,F12089-7683,"7,350.00",2028-02-28,2028-02-28,,,77,77,URBANPETS SERVICES PRIVATE LIMITED,,255,other,Kayakalp Agency,,,Gujarat,Ahmedabad
Freedom Fi-Line Spot on 0.9ml,,,,,,,,,,,,,423.16,6,,"2,665.93",,,"5,100.00",,,,,,,,,,,,,,,
,other,Medicine & Supplements ,Medicine ,12157,PURCHASE,4300,2026-08-13,2026-08-13,647.70,850.00,850.00,444.32,423.16,6,30,"2,665.93",F12157-9651,F12157-9651,"5,100.00",2028-05-30,2028-05-30,,,29,29,URBANPETS SERVICES PRIVATE LIMITED,,255,other,FRIENDS MEDICINES,,,Gujarat,Ahmedabad
Fresh Me Up Bloom 420ml,,,,,,,,,,,,,296.62,1,,296.62,,,623.00,,,,,,,,,,,,,,,
,Natural Remedies,Grooming,Dry Bath & Perfumes ,10653,TRANSFER-IN,4162,2026-01-30,2026-04-14,296.62,623.00,623.00,296.62,296.62,1,3,296.62,F10653-3344,F10653-3344,623.00,2027-10-10,2027-10-10,,,224,150,URBANPETS SERVICES PRIVATE LIMITED,,142,Natural Remedies,Shreeji Pet Shop,,,Gujarat,Ahmedabad
furcat eye drops 10 ml,,,,,,,,,,,,,87.05,24,,"2,193.66",,,"4,387.44",,,,,,,,,,,,,,,
,Medicines,Medicine & Supplements ,Medicine ,11710,PURCHASE,3910,2026-05-20,2026-05-20,87.05,182.81,182.81,91.40,87.05,24,50,"2,193.66",f11710-5107,f11710-5107,"4,387.44",2028-01-31,2028-01-31,,,114,114,URBANPETS SERVICES PRIVATE LIMITED,,132,Medicines,MAHIMA ENTERPRISE,,,Gujarat,Ahmedabad
Furconazole Cream 30gm,,,,,,,,,,,,,150.33,20,,"3,156.95",,,"5,130.00",,,,,,,,,,,,,,,
,other,Medicine & Supplements ,Cream & Spray ,12162,PURCHASE,4333,2026-08-17,2026-08-17,195.43,256.50,256.50,157.85,150.33,20,26,"3,156.95",F12162-9874,F12162-9874,"5,130.00",2028-04-30,2028-04-30,,,25,25,URBANPETS SERVICES PRIVATE LIMITED,,255,other,MAHIMA ENTERPRISE,,,Gujarat,Ahmedabad
Furmite Ear Drop 20ml,,,,,,,,,,,,,176.33,27,,"4,998.96",,,"9,998.37",,,,,,,,,,,,,,,
,Fur,Medicine & Supplements ,Medicine ,11358,PURCHASE,3910,2026-05-20,2026-05-20,176.33,370.31,370.31,185.15,176.33,27,50,"4,998.96",F11358-5106,F11358-5106,"9,998.37",2027-11-30,2027-11-30,,,114,114,URBANPETS SERVICES PRIVATE LIMITED,,327,FUR,MAHIMA ENTERPRISE,,,Gujarat,Ahmedabad
Fusion Leash Etra Long S-L 1.80m/17mm Graphite / Papaya,,,,,,,,,,,,,390.00,1,,460.20,,,895.00,,,,,,,,,,,,,,,
,Trixie,Walk Essentials,Leash,10360,PURCHASE,3447,2026-01-30,2026-01-30,390.00,895.00,895.00,460.20,390.00,1,1,460.20,F10360-9621,F10360-9621,895.00,,,,,224,224,URBANPETS SERVICES PRIVATE LIMITED,,218,Trixie,Shreeji Pet Shop,,,Gujarat,Ahmedabad
Fusion Leash Extra long S-L 1.80mm/17mm Graphite / Ocean,,,,,,,,,,,,,730.04,5,,"2,153.61",,,"4,475.00",,,,,,,,,,,,,,,
,Trixie,Walk Essentials,Leash,10321,PURCHASE,3447,2026-01-30,2026-01-30,365.02,895.00,895.00,430.72,365.02,1,1,430.72,F10321-9614,F10321-9614,895.00,,,,,224,224,URBANPETS SERVICES PRIVATE LIMITED,,218,Trixie,Shreeji Pet Shop,,,Gujarat,Ahmedabad
,Trixie,Walk Essentials,Leash,10321,PURCHASE,3447,2026-01-30,2026-01-30,365.02,895.00,895.00,430.72,365.02,4,4,"1,722.89",F10321-9615,F10321-9615,"3,580.00",,,,,224,224,URBANPETS SERVICES PRIVATE LIMITED,,218,Trixie,Shreeji Pet Shop,,,Gujarat,Ahmedabad
Gerisure Powder 250gm,,,,,,,,,,,,,389.40,12,,"4,672.80",,,"7,788.00",,,,,,,,,,,,,,,
,Areionvet,Medicine & Supplements ,Supplements ,10410,PURCHASE,3453,2026-01-30,2026-01-30,389.40,649.00,649.00,389.40,389.40,12,24,"4,672.80",G10410-9758,G10410-9758,"7,788.00",2027-05-30,2027-05-30,,,224,224,URBANPETS SERVICES PRIVATE LIMITED,,266,Areionvet,Shreeji Pet Shop,,,Gujarat,Ahmedabad
Gland-O-Tek Tablet,,,,,,,,,,,,,345.00,12,,"4,140.00",,,"6,900.00",,,,,,,,,,,,,,,
,EktekPharma,Medicine & Supplements ,Medicine ,11401,PURCHASE,3450,2026-01-30,2026-01-30,345.00,575.00,575.00,345.00,345.00,12,15,"4,140.00",G11401-9685,G11401-9685,"6,900.00",2026-08-30,2026-08-30,,,224,224,URBANPETS SERVICES PRIVATE LIMITED,,307,EktekPharma,Shreeji Pet Shop,,,Gujarat,Ahmedabad
GN 2.5 Inch Small Braid 220G,,,,,,,,,,,,,752.00,7,,"1,342.30",,,"2,725.00",,,,,,,,,,,,,,,
,Gnawlers,"Treats, Biscuits & Chews ",Treats  ,7523,TRANSFER-IN,4091,2026-01-30,2026-04-02,183.93,385.00,385.00,183.93,183.93,3,4,551.79,G7523-2871,G7523-2871,"1,155.00",2027-05-25,2027-05-25,,,224,162,URBANPETS SERVICES PRIVATE LIMITED,,93,Gnawlers,Shreeji Pet Shop,,,Gujarat,Ahmedabad
,Gnawlers,"Treats, Biscuits & Chews ",Treats  ,7523,TRANSFER-IN,4577,2026-01-30,2026-06-16,183.93,385.00,385.00,183.93,183.93,2,2,367.86,G7523-6405,G7523-6405,770.00,2027-05-25,2027-05-25,,,224,87,URBANPETS SERVICES PRIVATE LIMITED,,93,Gnawlers,Shreeji Pet Shop,,,Gujarat,Ahmedabad
,Gnawlers,"Treats, Biscuits & Chews ",Treats  ,7523,TRANSFER-IN,4577,2026-04-11,2026-06-16,196.00,400.00,400.00,196.00,192.06,1,1,196.00,G7523-6406,G7523-6406,400.00,2028-01-30,2028-01-30,,,153,87,URBANPETS SERVICES PRIVATE LIMITED,,93,Gnawlers,Sai International Pet Product Privet Limited,,,Gujarat,Ahmedabad
,Gnawlers,"Treats, Biscuits & Chews ",Treats  ,7523,TRANSFER-IN,4848,2026-06-17,2026-07-25,196.00,400.00,400.00,226.65,192.08,1,1,226.65,G7523-8482,G7523-8482,400.00,2028-03-12,2028-03-12,,,86,48,URBANPETS SERVICES PRIVATE LIMITED,,93,Gnawlers,Sai International Pet Product Privet Limited,,,Gujarat,Ahmedabad
GN 2.5 Inch Small Braid 500G,,,,,,,,,,,,,420.17,1,,428.75,,,875.00,,,,,,,,,,,,,,,
,Gnawlers,"Treats, Biscuits & Chews ",Treats  ,7534,TRANSFER-IN,5110,2026-06-17,2026-09-05,428.75,875.00,875.00,428.75,420.17,1,1,428.75,G7534-918,G7534-918,875.00,2028-03-12,2028-03-12,,,86,6,URBANPETS SERVICES PRIVATE LIMITED,,93,Gnawlers,Sai International Pet Product Privet Limited,,,Gujarat,Ahmedabad
GN 3 inch Dent Defense 35PC,,,,,,,,,,,,,433.36,2,,"1,022.73",,,"1,500.00",,,,,,,,,,,,,,,
,Gnawlers,"Treats, Biscuits & Chews ",Treats  ,7383,PURCHASE,3732,2026-04-08,2026-04-08,433.36,750.00,750.00,511.36,433.36,2,5,"1,022.73",G7383-3218,G7383-3218,"1,500.00",2027-09-19,2027-09-19,,,156,156,URBANPETS SERVICES PRIVATE LIMITED,,93,Gnawlers,MAHIMA ENTERPRISE,,,Gujarat,Ahmedabad
GN 5 Inch Stick Roll 220G,,,,,,,,,,,,,384.00,5,,"1,102.47",,,"2,000.00",,,,,,,,,,,,,,,
,Gnawlers,"Treats, Biscuits & Chews ",Treats  ,7522,TRANSFER-IN,4554,2026-05-06,2026-06-12,196.00,400.00,400.00,196.00,191.95,1,3,196.00,G7522-6224,G7522-6224,400.00,2027-12-05,2027-12-05,,,128,91,URBANPETS SERVICES PRIVATE LIMITED,,93,Gnawlers,Sai International Pet Product Privet Limited,,,Gujarat,Ahmedabad
,Gnawlers,"Treats, Biscuits & Chews ",Treats  ,7522,TRANSFER-IN,4868,2026-07-21,2026-07-28,196.00,400.00,400.00,226.62,192.05,4,4,906.47,G7522-8665,G7522-8665,"1,600.00",2028-01-14,2028-01-14,,,52,45,URBANPETS SERVICES PRIVATE LIMITED,,93,Gnawlers,Sai International Pet Product Privet Limited,,,Gujarat,Ahmedabad
GN 5 Inch Stick Roll 500G,,,,,,,,,,,,,420.11,3,,"1,487.18",,,"2,625.00",,,,,,,,,,,,,,,
,Gnawlers,"Treats, Biscuits & Chews ",Treats  ,7543,TRANSFER-IN,4868,2026-07-21,2026-07-28,428.75,875.00,875.00,495.73,420.11,3,4,"1,487.18",G7543-8664,G7543-8664,"2,625.00",2028-04-06,2028-04-06,,,52,45,URBANPETS SERVICES PRIVATE LIMITED,,93,Gnawlers,Sai International Pet Product Privet Limited,,,Gujarat,Ahmedabad
GN Calcium Chicken sticks 270Gms,,,,,,,,,,,,,168.07,1,,171.50,,,350.00,,,,,,,,,,,,,,,
,Gnawlers,"Treats, Biscuits & Chews ",Treats  ,7514,TRANSFER-IN,5044,2026-07-04,2026-08-25,171.50,350.00,350.00,171.50,168.07,1,3,171.50,G7514-201,G7514-201,350.00,2028-01-11,2028-01-11,,,69,17,URBANPETS SERVICES PRIVATE LIMITED,,93,Gnawlers,Sai International Pet Product Privet Limited,,,Gujarat,Ahmedabad
GN Calcium Milk Bone Large 12X1,,,,,,,,,,,,,378.39,7,,"1,475.94",,,"2,765.00",,,,,,,,,,,,,,,
,Gnawlers,"Treats, Biscuits & Chews ",Treats  ,7525,PURCHASE,3428,2026-01-30,2026-01-30,189.68,395.00,395.00,223.82,189.68,4,5,895.29,G7525-9114,G7525-9114,"1,580.00",2027-07-22,2027-07-22,,,224,224,URBANPETS SERVICES PRIVATE LIMITED,,93,Gnawlers,Shreeji Pet Shop,,,Gujarat,Ahmedabad
,Gnawlers,"Treats, Biscuits & Chews ",Treats  ,7525,TRANSFER-IN,5034,2026-02-19,2026-08-24,193.55,395.00,395.00,193.55,188.71,3,3,580.65,G7525-160,G7525-160,"1,185.00",2027-10-30,2027-10-30,,,204,18,URBANPETS SERVICES PRIVATE LIMITED,,93,Gnawlers,Sai International Pet Product Privet Limited,,,Gujarat,Ahmedabad
GN Calcium Milk Bone Large 35X1,,,,,,,,,,,,,"1,128.46",4,,"2,483.10",,,"4,500.00",,,,,,,,,,,,,,,
,Gnawlers,"Treats, Biscuits & Chews ",Treats  ,7533,TRANSFER-IN,4720,2026-05-21,2026-07-04,575.75,"1,075.00","1,075.00",665.80,564.23,2,4,"1,331.60",G7533-7423,G7533-7423,"2,150.00",2027-12-30,2027-12-30,,,113,69,URBANPETS SERVICES PRIVATE LIMITED,,93,Gnawlers,Sai International Pet Product Privet Limited,,,Gujarat,Ahmedabad
,Gnawlers,"Treats, Biscuits & Chews ",Treats  ,7533,TRANSFER-IN,5056,2026-07-04,2026-08-27,575.75,"1,175.00","1,175.00",575.75,564.23,2,2,"1,151.50",G7533-374,G7533-374,"2,350.00",2027-12-07,2027-12-07,,,69,15,URBANPETS SERVICES PRIVATE LIMITED,,93,Gnawlers,Sai International Pet Product Privet Limited,,,Gujarat,Ahmedabad
GN Calcium Milk Bone Small 30X1,,,,,,,,,,,,,597.81,7,,"1,443.05",,,"2,945.00",,,,,,,,,,,,,,,
,Gnawlers,"Treats, Biscuits & Chews ",Treats  ,7540,TRANSFER-IN,4177,2026-04-11,2026-04-17,193.55,395.00,395.00,193.55,189.67,1,6,193.55,G7540-3542,G7540-3542,395.00,2027-11-30,2027-11-30,,,153,147,URBANPETS SERVICES PRIVATE LIMITED,,93,Gnawlers,Sai International Pet Product Privet Limited,,,Gujarat,Ahmedabad
,Gnawlers,"Treats, Biscuits & Chews ",Treats  ,7540,TRANSFER-IN,4979,2026-07-21,2026-08-14,208.25,425.00,425.00,208.25,204.05,3,3,624.75,G7540-9637,G7540-9637,"1,275.00",2028-01-11,2028-01-11,,,52,28,URBANPETS SERVICES PRIVATE LIMITED,,93,Gnawlers,Sai International Pet Product Privet Limited,,,Gujarat,Ahmedabad
,Gnawlers,"Treats, Biscuits & Chews ",Treats  ,7540,TRANSFER-IN,5121,2026-08-18,2026-09-08,208.25,425.00,425.00,208.25,204.09,3,3,624.75,G7540-982,G7540-982,"1,275.00",2027-12-30,2027-12-30,,,24,3,URBANPETS SERVICES PRIVATE LIMITED,,93,Gnawlers,Sai International Pet Product Privet Limited,,,Gujarat,Ahmedabad
GN Calcium Milk Bone Small 90X1,,,,,,,,,,,,,564.23,2,,"1,151.50",,,"2,350.00",,,,,,,,,,,,,,,
,Gnawlers,"Treats, Biscuits & Chews ",Treats  ,7547,TRANSFER-IN,5079,2026-08-18,2026-08-31,575.75,"1,175.00","1,175.00",575.75,564.23,2,2,"1,151.50",G7547-550,G7547-550,"2,350.00",2028-04-30,2028-04-30,,,24,11,URBANPETS SERVICES PRIVATE LIMITED,,93,Gnawlers,Sai International Pet Product Privet Limited,,,Gujarat,Ahmedabad
GN Calcium Milk Sticks 270Gms,,,,,,,,,,,,,336.14,5,,857.50,,,"1,750.00",,,,,,,,,,,,,,,
,Gnawlers,"Treats, Biscuits & Chews ",Treats  ,7515,TRANSFER-IN,4938,2026-06-17,2026-08-07,171.50,350.00,350.00,171.50,168.07,2,4,343.00,G7515-9344,G7515-9344,700.00,2027-12-09,2027-12-09,,,86,35,URBANPETS SERVICES PRIVATE LIMITED,,93,Gnawlers,Sai International Pet Product Privet Limited,,,Gujarat,Ahmedabad
,Gnawlers,"Treats, Biscuits & Chews ",Treats  ,7515,TRANSFER-IN,5044,2026-06-17,2026-08-25,171.50,350.00,350.00,171.50,168.07,3,3,514.50,G7515-202,G7515-202,"1,050.00",2027-12-09,2027-12-09,,,86,17,URBANPETS SERVICES PRIVATE LIMITED,,93,Gnawlers,Sai International Pet Product Privet Limited,,,Gujarat,Ahmedabad
GN Hearty Roll 9 Inch,,,,,,,,,,,,,57.62,6,,352.80,,,720.00,,,,,,,,,,,,,,,
,Gnawlers,"Treats, Biscuits & Chews ",Treats  ,7536,TRANSFER-IN,5079,2026-08-18,2026-08-31,58.80,120.00,120.00,58.80,57.62,6,7,352.80,G7536-554,G7536-554,720.00,2028-03-30,2028-03-30,,,24,11,URBANPETS SERVICES PRIVATE LIMITED,,93,Gnawlers,Sai International Pet Product Privet Limited,,,Gujarat,Ahmedabad
GN No Choc-O-Bar Chicken Flavour 80gm,,,,,,,,,,,,,64.82,2,,132.30,,,270.00,,,,,,,,,,,,,,,
,Gnawlers,"Treats, Biscuits & Chews ",Treats  ,10649,TRANSFER-IN,4992,2026-07-21,2026-08-17,66.15,135.00,135.00,66.15,64.82,2,3,132.30,G10649-9745,G10649-9745,270.00,2028-03-25,2028-03-25,,,52,25,URBANPETS SERVICES PRIVATE LIMITED,,279,No Choc-O-Bar,Sai International Pet Product Privet Limited,,,Gujarat,Ahmedabad
GN Oat Bone (s) 225G -25 pcs,,,,,,,,,,,,,300.13,2,,612.50,,,"1,250.00",,,,,,,,,,,,,,,
,Gnawlers,"Treats, Biscuits & Chews ",Treats  ,7532,TRANSFER-IN,4682,2026-04-23,2026-06-29,306.25,625.00,625.00,306.25,300.13,2,2,612.50,G7532-7194,G7532-7194,"1,250.00",2030-01-30,2030-01-30,,,141,74,URBANPETS SERVICES PRIVATE LIMITED,,93,Gnawlers,Sai International Pet Product Privet Limited,,,Gujarat,Ahmedabad
GN Vegetable Bone,,,,,,,,,,,,,185.74,5,,516.66,,,860.00,,,,,,,,,,,,,,,
,Gnawlers,"Treats, Biscuits & Chews ",Treats  ,7516,PURCHASE,3428,2026-01-30,2026-01-30,101.70,160.00,160.00,120.01,101.70,1,4,120.01,G7516-9110,G7516-9110,160.00,2027-07-24,2027-07-24,,,224,224,URBANPETS SERVICES PRIVATE LIMITED,,93,Gnawlers,Shreeji Pet Shop,,,Gujarat,Ahmedabad
,Gnawlers,"Treats, Biscuits & Chews ",Treats  ,7516,TRANSFER-IN,4789,2026-06-17,2026-07-16,85.75,175.00,175.00,99.16,84.04,4,6,396.65,G7516-8158,G7516-8158,700.00,2028-01-14,2028-01-14,,,86,57,URBANPETS SERVICES PRIVATE LIMITED,,93,Gnawlers,Sai International Pet Product Privet Limited,,,Gujarat,Ahmedabad
Gnawlers thick and creamy tender duck pumpkin 100 gm,,,,,,,,,,,,,0.01,3,,0.04,,,270.00,,,,,,,,,,,,,,,
,Gnawlers,Dog Food,Wet Food ,11791,PURCHASE,3454,2026-01-31,2026-01-30,0.01,90.00,90.00,0.01,0.01,3,3,0.04,G11791-9865,G11791-9865,270.00,2026-10-11,2026-10-11,,,223,224,URBANPETS SERVICES PRIVATE LIMITED,,93,Gnawlers,Shreeji Pet Shop,,,Gujarat,Ahmedabad
Gnawlers Vege Bone 25 pieces small,,,,,,,,,,,,,300.13,1,,306.25,,,625.00,,,,,,,,,,,,,,,
,Gnawlers,"Treats, Biscuits & Chews ",Treats  ,11860,TRANSFER-IN,4630,2026-04-23,2026-06-20,306.25,625.00,625.00,306.25,300.13,1,5,306.25,G11860-6663,G11860-6663,625.00,2027-12-30,2027-12-30,,,141,83,URBANPETS SERVICES PRIVATE LIMITED,,93,Gnawlers,Sai International Pet Product Privet Limited,,,Gujarat,Ahmedabad
Goodies Denta Spiral 500G,,,,,,,,,,,,,365.47,2,,862.51,,,"1,150.00",,,,,,,,,,,,,,,
,Goodies,"Treats, Biscuits & Chews ",Treats  ,7386,PURCHASE,4254,2026-08-04,2026-08-04,365.47,575.00,575.00,431.26,365.47,2,6,862.51,G7386-9161,G7386-9161,"1,150.00",2027-07-03,2027-07-03,,,38,38,URBANPETS SERVICES PRIVATE LIMITED,,94,Goodies,MAHIMA ENTERPRISE,,,Gujarat,Ahmedabad
Goodies Spira Twist Sticks BBQ and Lamb 450G,,,,,,,,,,,,,"1,020.35",5,,"1,727.20",,,"3,525.00",,,,,,,,,,,,,,,
,Goodies,"Treats, Biscuits & Chews ",Treats  ,7496,TRANSFER-IN,4985,2026-04-11,2026-08-15,330.75,675.00,675.00,330.75,324.10,2,2,661.50,G7496-9686,G7496-9686,"1,350.00",2027-12-30,2027-12-30,,,153,27,URBANPETS SERVICES PRIVATE LIMITED,,94,Goodies,Sai International Pet Product Privet Limited,,,Gujarat,Ahmedabad
,Goodies,"Treats, Biscuits & Chews ",Treats  ,7496,TRANSFER-IN,4985,2026-06-10,2026-08-15,355.20,725.00,725.00,355.20,348.10,1,1,355.20,G7496-9687,G7496-9687,725.00,2028-02-17,2028-02-17,,,93,27,URBANPETS SERVICES PRIVATE LIMITED,,94,Goodies,Sai International Pet Product Privet Limited,,,Gujarat,Ahmedabad
,Goodies,"Treats, Biscuits & Chews ",Treats  ,7496,TRANSFER-IN,5120,2026-08-18,2026-09-08,355.25,725.00,725.00,355.25,348.15,2,2,710.50,G7496-973,G7496-973,"1,450.00",2028-06-30,2028-06-30,,,24,3,URBANPETS SERVICES PRIVATE LIMITED,,94,Goodies,Sai International Pet Product Privet Limited,,,Gujarat,Ahmedabad
Goodies Spira Twist Sticks Chicken Liver Bacon 450G,,,,,,,,,,,,,696.30,4,,"1,421.00",,,"2,900.00",,,,,,,,,,,,,,,
,Goodies,"Treats, Biscuits & Chews ",Treats  ,7497,TRANSFER-IN,5110,2026-08-18,2026-09-05,355.25,725.00,725.00,355.25,348.15,2,3,710.50,G7497-914,G7497-914,"1,450.00",2028-06-30,2028-06-30,,,24,6,URBANPETS SERVICES PRIVATE LIMITED,,94,Goodies,Sai International Pet Product Privet Limited,,,Gujarat,Ahmedabad
,Goodies,"Treats, Biscuits & Chews ",Treats  ,7497,TRANSFER-IN,5120,2026-08-18,2026-09-08,355.25,725.00,725.00,355.25,348.15,2,2,710.50,G7497-971,G7497-971,"1,450.00",2028-06-30,2028-06-30,,,24,3,URBANPETS SERVICES PRIVATE LIMITED,,94,Goodies,Sai International Pet Product Privet Limited,,,Gujarat,Ahmedabad
Goodies Spira Twist Sticks Milk and Cheese 450G,,,,,,,,,,,,,348.15,2,,710.50,,,"1,450.00",,,,,,,,,,,,,,,
,Goodies,"Treats, Biscuits & Chews ",Treats  ,7495,TRANSFER-IN,5120,2026-08-18,2026-09-08,355.25,725.00,725.00,355.25,348.15,2,2,710.50,G7495-972,G7495-972,"1,450.00",2028-06-30,2028-06-30,,,24,3,URBANPETS SERVICES PRIVATE LIMITED,,94,Goodies,Sai International Pet Product Privet Limited,,,Gujarat,Ahmedabad
Goodies Spiral twist sticks chlorophyll and mint 450G,,,,,,,,,,,,,672.25,5,,"1,702.75",,,"3,475.00",,,,,,,,,,,,,,,
,Goodies,"Treats, Biscuits & Chews ",Treats  ,7494,TRANSFER-IN,4985,2026-04-11,2026-08-15,330.75,675.00,675.00,330.75,324.10,3,3,992.25,G7494-9685,G7494-9685,"2,025.00",2027-12-30,2027-12-30,,,153,27,URBANPETS SERVICES PRIVATE LIMITED,,94,Goodies,Sai International Pet Product Privet Limited,,,Gujarat,Ahmedabad
,Goodies,"Treats, Biscuits & Chews ",Treats  ,7494,TRANSFER-IN,5120,2026-08-18,2026-09-08,355.25,725.00,725.00,355.25,348.15,2,2,710.50,G7494-974,G7494-974,"1,450.00",2028-06-30,2028-06-30,,,24,3,URBANPETS SERVICES PRIVATE LIMITED,,94,Goodies,Sai International Pet Product Privet Limited,,,Gujarat,Ahmedabad
Goodies Treat Chlorophyll 500G,,,,,,,,,,,,,624.16,3,,955.50,,,"1,950.00",,,,,,,,,,,,,,,
,Goodies,"Treats, Biscuits & Chews ",Treats  ,7475,TRANSFER-IN,4902,2026-07-21,2026-08-03,318.50,650.00,650.00,318.50,312.08,1,3,318.50,G7475-8990,G7475-8990,650.00,2027-03-27,2027-03-27,,,52,39,URBANPETS SERVICES PRIVATE LIMITED,,94,Goodies,Sai International Pet Product Privet Limited,,,Gujarat,Ahmedabad
,Goodies,"Treats, Biscuits & Chews ",Treats  ,7475,TRANSFER-IN,5052,2026-07-21,2026-08-26,318.50,650.00,650.00,318.50,312.08,2,2,637.00,G7475-277,G7475-277,"1,300.00",2027-03-27,2027-03-27,,,52,16,URBANPETS SERVICES PRIVATE LIMITED,,94,Goodies,Sai International Pet Product Privet Limited,,,Gujarat,Ahmedabad
Goodies Treat Cut Bone 500G,,,,,,,,,,,,,624.16,3,,955.50,,,"1,950.00",,,,,,,,,,,,,,,
,Goodies,"Treats, Biscuits & Chews ",Treats  ,7472,TRANSFER-IN,4892,2026-07-21,2026-08-01,318.50,650.00,650.00,318.50,312.08,1,3,318.50,G7472-8919,G7472-8919,650.00,2028-03-25,2028-03-25,,,52,41,URBANPETS SERVICES PRIVATE LIMITED,,94,Goodies,Sai International Pet Product Privet Limited,,,Gujarat,Ahmedabad
,Goodies,"Treats, Biscuits & Chews ",Treats  ,7472,TRANSFER-IN,5056,2026-07-21,2026-08-27,318.50,650.00,650.00,318.50,312.08,2,2,637.00,G7472-376,G7472-376,"1,300.00",2028-03-25,2028-03-25,,,52,15,URBANPETS SERVICES PRIVATE LIMITED,,94,Goodies,Sai International Pet Product Privet Limited,,,Gujarat,Ahmedabad
Goodies Treat Lamb 500G,,,,,,,,,,,,,311.91,1,,318.50,,,650.00,,,,,,,,,,,,,,,
,Goodies,"Treats, Biscuits & Chews ",Treats  ,7473,TRANSFER-IN,4554,2026-05-06,2026-06-12,318.50,650.00,650.00,318.50,311.91,1,2,318.50,G7473-6232,G7473-6232,650.00,2028-12-17,2028-12-17,,,128,91,URBANPETS SERVICES PRIVATE LIMITED,,94,Goodies,Sai International Pet Product Privet Limited,,,Gujarat,Ahmedabad
Goodies Treat Liver 500G,,,,,,,,,,,,,622.48,5,,"1,735.74",,,"3,250.00",,,,,,,,,,,,,,,
,Goodies,"Treats, Biscuits & Chews ",Treats  ,7476,PURCHASE,3428,2026-01-30,2026-01-30,310.38,650.00,650.00,366.25,310.38,3,4,"1,098.74",G7476-9104,G7476-9104,"1,950.00",2027-02-21,2027-02-21,,,224,224,URBANPETS SERVICES PRIVATE LIMITED,,94,Goodies,Shreeji Pet Shop,,,Gujarat,Ahmedabad
,Goodies,"Treats, Biscuits & Chews ",Treats  ,7476,TRANSFER-IN,4554,2026-04-11,2026-06-12,318.50,650.00,650.00,318.50,312.10,2,2,637.00,G7476-6231,G7476-6231,"1,300.00",2027-12-30,2027-12-30,,,153,91,URBANPETS SERVICES PRIVATE LIMITED,,94,Goodies,Sai International Pet Product Privet Limited,,,Gujarat,Ahmedabad
Goodies Treat Mix Stick 500G,,,,,,,,,,,,,312.08,2,,637.00,,,"1,300.00",,,,,,,,,,,,,,,
,Goodies,"Treats, Biscuits & Chews ",Treats  ,7483,TRANSFER-IN,5052,2026-07-21,2026-08-26,318.50,650.00,650.00,318.50,312.08,2,2,637.00,G7483-276,G7483-276,"1,300.00",2028-03-28,2028-03-28,,,52,16,URBANPETS SERVICES PRIVATE LIMITED,,94,Goodies,Sai International Pet Product Privet Limited,,,Gujarat,Ahmedabad
Goodies Treat Original 500Gm,,,,,,,,,,,,,621.08,4,,"1,242.16",,,"2,600.00",,,,,,,,,,,,,,,
,Goodies,"Treats, Biscuits & Chews ",Treats  ,7474,TRANSFER-IN,4648,2026-01-30,2026-06-24,310.54,650.00,650.00,310.54,310.54,1,3,310.54,G7474-6981,G7474-6981,650.00,2027-03-03,2027-03-03,,,224,79,URBANPETS SERVICES PRIVATE LIMITED,,94,Goodies,Shreeji Pet Shop,,,Gujarat,Ahmedabad
,Goodies,"Treats, Biscuits & Chews ",Treats  ,7474,TRANSFER-IN,5012,2026-01-30,2026-08-20,310.54,650.00,650.00,310.54,310.54,3,3,931.62,G7474-9913,G7474-9913,"1,950.00",2027-03-03,2027-03-03,,,224,22,URBANPETS SERVICES PRIVATE LIMITED,,94,Goodies,Shreeji Pet Shop,,,Gujarat,Ahmedabad
GR-005 Rubber Glove IMP 1,,,,,,,,,,,,,63.56,2,,150.00,,,300.00,,,,,,,,,,,,,,,
,other,Grooming,"Brushes, scissors & Comb ",10853,PURCHASE,4360,2026-08-24,2026-08-24,63.56,150.00,150.00,75.00,63.56,2,2,150.00,G10853-180,G10853-180,300.00,,,,,18,18,URBANPETS SERVICES PRIVATE LIMITED,,255,other,MAHIMA ENTERPRISE,,,Gujarat,Ahmedabad
Grain Zero Cat Adult 3 Kg,,,,,,,,,,,,,531.35,1,,626.99,,,949.99,,,,,,,,,,,,,,,
,Grain Zero,Cat Food,Dry Food ,11058,TRANSFER-IN,4730,2026-01-30,2026-07-06,531.35,949.99,949.99,626.99,531.35,1,1,626.99,G11058-7524,G11058-7524,949.99,2026-10-11,2026-10-11,,,224,67,URBANPETS SERVICES PRIVATE LIMITED,,296,Grain Zero,Shreeji Pet Shop,,,Gujarat,Ahmedabad
Gutwell 100gm,,,,,,,,,,,,,174.45,1,,205.85,,,350.00,,,,,,,,,,,,,,,
,Misc,Medicine & Supplements ,Supplements ,2832,PURCHASE,4217,2026-07-27,2026-07-27,237.35,350.00,350.00,205.85,174.45,1,40,205.85,G2832-8607,G2832-8607,350.00,2029-05-30,2029-05-30,,,46,46,URBANPETS SERVICES PRIVATE LIMITED,,136,Misc,FRIENDS MEDICINES,,,Gujarat,Ahmedabad
hairball Controln Treat with Benefits 50gm,,,,,,,,,,,,,110.25,11,,"1,431.05",,,"2,189.00",,,,,,,,,,,,,,,
,other,Cat Food,Treats  ,11346,PURCHASE,3446,2026-01-30,2026-01-30,110.25,199.00,199.00,130.10,110.25,11,12,"1,431.05",h11346-9588,h11346-9588,"2,189.00",2026-10-30,2026-10-30,,,224,224,URBANPETS SERVICES PRIVATE LIMITED,,255,other,Shreeji Pet Shop,,,Gujarat,Ahmedabad
Happi Dental Chew Zest Stawberry150gm,,,,,,,,,,,,,338.00,1,,398.84,,,499.00,,,,,,,,,,,,,,,
,HUFT,"Treats, Biscuits & Chews ",Treats  ,12117,PURCHASE,4242,2026-08-01,2026-08-01,338.00,499.00,499.00,398.84,338.00,1,4,398.84,H12117-8971,H12117-8971,499.00,2027-05-30,2027-05-30,,,41,41,URBANPETS SERVICES PRIVATE LIMITED,,319,HUFT,EARTH PAWS PRIVATE LIMITED,,,Gujarat,Ahmedabad
Hd Rope Leash - M,,,,,,,,,,,,,148.31,1,,175.01,,,350.00,,,,,,,,,,,,,,,
,Manufacturer,Walk Essentials,Leash,9733,PURCHASE,3444,2026-01-30,2026-01-30,148.31,350.00,350.00,175.01,148.31,1,1,175.01,H9733-9526,H9733-9526,350.00,,,,,224,224,URBANPETS SERVICES PRIVATE LIMITED,,1,Manufacturer,Shreeji Pet Shop,,,Gujarat,Ahmedabad
Healant Cream 100gm,,,,,,,,,,,,,185.50,4,,779.12,,,993.76,,,,,,,,,,,,,,,
,Virbac,Medicine & Supplements ,Medicine ,5953,PURCHASE,3810,2026-04-27,2026-04-27,189.29,248.44,248.44,194.78,185.50,4,10,779.12,H5953-4089,H5953-4089,993.76,2027-09-30,2027-09-30,,,137,137,URBANPETS SERVICES PRIVATE LIMITED,,236,Virbac,FRIENDS MEDICINES,,,Gujarat,Ahmedabad
Hepatate Tab,,,,,,,,,,,,,12.54,351,,"2,310.81",,,"4,071.60",,,,,,,,,,,,,,,
,other,Medicine & Supplements ,Medicine ,10392,PURCHASE,3636,2026-03-17,2026-03-17,6.27,11.60,11.60,6.58,6.27,3,"1,300",19.75,H10392-2019,H10392-2019,34.80,2027-04-30,2027-04-30,,,178,178,URBANPETS SERVICES PRIVATE LIMITED,,255,other,integrated healthcare,,,Gujarat,Ahmedabad
,other,Medicine & Supplements ,Medicine ,10392,PURCHASE,4241,2026-08-01,2026-08-01,6.27,11.60,11.60,6.58,6.27,348,500,"2,291.06",H10392-8958,H10392-8958,"4,036.80",2027-06-30,2027-06-30,,,41,41,URBANPETS SERVICES PRIVATE LIMITED,,255,other,integrated healthcare,,,Gujarat,Ahmedabad
Hester Cefshot TAzo 562.50mg,,,,,,,,,,,,,49.00,30,,"1,543.50",,,"2,531.40",,,,,,,,,,,,,,,
,other,Medicine & Supplements ,Medicine ,10850,PURCHASE,4374,2026-08-24,2026-08-24,49.00,84.38,84.38,51.45,49.00,30,30,"1,543.50",H10850-504,H10850-504,"2,531.40",2028-01-30,2028-01-30,,,18,18,URBANPETS SERVICES PRIVATE LIMITED,,255,other,Geeta Pharma,,,Gujarat,Ahmedabad
Himalaya Adult Meat and Rice 20KG,,,,,,,,,,,,,"2,658.25",1,,"3,136.74",,,"4,572.00",,,,,,,,,,,,,,,
,Himalaya,Dog Food,Dry Food ,7772,PURCHASE,4389,2026-08-29,2026-08-29,"2,712.50","4,572.00","4,572.00","3,136.74","2,658.25",1,2,"3,136.74",H7772-513,H7772-513,"4,572.00",2027-07-30,2027-07-30,,,13,13,URBANPETS SERVICES PRIVATE LIMITED,,98,Himalaya,FRIENDS MEDICINES,,,Gujarat,Ahmedabad
Himalaya Anxocare Tablet 60 TAB,,,,,,,,,,,,,280.00,12,,"1,764.04",,,"2,244.00",,,,,,,,,,,,,,,
,Himalaya,Medicine & Supplements ,Medicine ,7847,PURCHASE,3463,2026-02-03,2026-02-03,142.86,187.00,187.00,147.00,140.00,2,20,294.01,H7847-9952,H7847-9952,374.00,2028-08-30,2028-08-30,,,220,220,URBANPETS SERVICES PRIVATE LIMITED,,98,Himalaya,FRIENDS MEDICINES,,,Gujarat,Ahmedabad
,Himalaya,Medicine & Supplements ,Medicine ,7847,PURCHASE,4095,2026-06-25,2026-06-25,142.86,187.00,187.00,147.00,140.00,10,10,"1,470.03",H7847-7262,H7847-7262,"1,870.00",2028-10-30,2028-10-30,,,78,78,URBANPETS SERVICES PRIVATE LIMITED,,98,Himalaya,FRIENDS MEDICINES,,,Gujarat,Ahmedabad
Himalaya biscuit Adult 900 gm,,,,,,,,,,,,,236.17,1,,283.40,,,418.00,,,,,,,,,,,,,,,
,Himalaya,"Treats, Biscuits & Chews ",Biscuits ,7385,TRANSFER-IN,3693,2026-02-02,2026-02-05,283.40,418.00,418.00,283.40,236.17,1,2,283.40,H7385-9980,H7385-9980,418.00,2027-01-30,2027-01-30,,,221,218,URBANPETS SERVICES PRIVATE LIMITED,,98,Himalaya,FRIENDS MEDICINES,,,Gujarat,Ahmedabad
Himalaya Digyton Drop 30 ml,,,,,,,,,,,,,197.10,20,,"2,042.21",,,"2,724.00",,,,,,,,,,,,,,,
,Himalaya,Medicine & Supplements ,Medicine ,7875,PURCHASE,3440,2026-01-30,2026-01-30,100.00,140.00,140.00,105.00,100.00,1,3,105.00,H7875-9407,H7875-9407,140.00,2027-03-30,2027-03-30,,,224,224,URBANPETS SERVICES PRIVATE LIMITED,,98,Himalaya,Shreeji Pet Shop,,,Gujarat,Ahmedabad
,Himalaya,Medicine & Supplements ,Medicine ,7875,PURCHASE,3810,2026-04-27,2026-04-27,104.30,136.00,136.00,101.96,97.10,19,20,"1,937.21",H7875-4090,H7875-4090,"2,584.00",2028-12-30,2028-12-30,,,137,137,URBANPETS SERVICES PRIVATE LIMITED,,98,Himalaya,FRIENDS MEDICINES,,,Gujarat,Ahmedabad
Himalaya Digyton Plus Liquid 100ml,,,,,,,,,,,,,169.35,6,,"1,066.91",,,"1,458.00",,,,,,,,,,,,,,,
,Himalaya,Medicine & Supplements ,Medicine ,7874,PURCHASE,4095,2026-06-25,2026-06-25,185.15,243.00,243.00,177.82,169.35,6,15,"1,066.91",H7874-7263,H7874-7263,"1,458.00",2028-11-30,2028-11-30,,,78,78,URBANPETS SERVICES PRIVATE LIMITED,,98,Himalaya,FRIENDS MEDICINES,,,Gujarat,Ahmedabad
Himalaya Erina Coat Cleanser 450 ml,,,,,,,,,,,,,356.33,5,,"1,870.72",,,"2,650.00",,,,,,,,,,,,,,,
,Himalaya,Grooming,Shampoo & Conditioner ,7841,PURCHASE,3970,2026-05-30,2026-05-30,404.00,530.00,530.00,374.14,356.33,5,10,"1,870.72",H7841-5668,H7841-5668,"2,650.00",2028-06-30,2028-06-30,,,104,104,URBANPETS SERVICES PRIVATE LIMITED,,98,Himalaya,FRIENDS MEDICINES,,,Gujarat,Ahmedabad
Himalaya Erina Ep Powder 150gms,,,,,,,,,,,,,157.25,10,,"1,651.15",,,"2,340.00",,,,,,,,,,,,,,,
,Himalaya,Grooming,Shampoo & Conditioner ,7876,PURCHASE,4232,2026-07-31,2026-07-31,178.29,234.00,234.00,165.12,157.25,10,10,"1,651.15",H7876-8914,H7876-8914,"2,340.00",2028-08-30,2028-08-30,,,42,42,URBANPETS SERVICES PRIVATE LIMITED,,98,Himalaya,FRIENDS MEDICINES,,,Gujarat,Ahmedabad
Himalaya Erina EP Shampoo 450 ml,,,,,,,,,,,,,384.55,2,,807.56,,,"1,142.00",,,,,,,,,,,,,,,
,Himalaya,Grooming,Shampoo & Conditioner ,7844,PURCHASE,3970,2026-05-30,2026-05-30,436.00,571.00,571.00,403.78,384.55,2,10,807.56,H7844-5669,H7844-5669,"1,142.00",2029-01-31,2029-01-31,,,104,104,URBANPETS SERVICES PRIVATE LIMITED,,98,Himalaya,FRIENDS MEDICINES,,,Gujarat,Ahmedabad
Himalaya Erina Plus CCC 200ml,,,,,,,,,,,,,232.51,10,,"2,441.39",,,"3,460.00",,,,,,,,,,,,,,,
,Himalaya,Grooming,Shampoo & Conditioner ,7842,PURCHASE,4095,2026-06-25,2026-06-25,263.62,346.00,346.00,244.14,232.51,10,10,"2,441.39",H7842-7264,H7842-7264,"3,460.00",2029-01-30,2029-01-30,,,78,78,URBANPETS SERVICES PRIVATE LIMITED,,98,Himalaya,FRIENDS MEDICINES,,,Gujarat,Ahmedabad
Himalaya Erina Puppy Shampoo Conditioner 2 in 1 200 ml,,,,,,,,,,,,,203.84,9,,"1,926.29",,,"2,637.00",,,,,,,,,,,,,,,
,Himalaya,Grooming,Shampoo & Conditioner ,7922,PURCHASE,3970,2026-05-30,2026-05-30,208.00,293.00,293.00,214.03,203.84,9,10,"1,926.29",H7922-5670,H7922-5670,"2,637.00",2028-03-30,2028-03-30,,,104,104,URBANPETS SERVICES PRIVATE LIMITED,,98,Himalaya,FRIENDS MEDICINES,,,Gujarat,Ahmedabad
Himalaya Himpyrin Liquid 30 ml,,,,,,,,,,,,,109.02,4,,457.86,,,584.00,,,,,,,,,,,,,,,
,Himalaya,Medicine & Supplements ,Medicine ,7851,PURCHASE,4293,2026-08-10,2025-08-10,111.24,146.00,146.00,114.47,109.02,4,10,457.86,H7851-1064,H7851-1064,584.00,2029-01-30,2029-01-30,,,32,397,URBANPETS SERVICES PRIVATE LIMITED,,98,Himalaya,FRIENDS MEDICINES,,,Gujarat,Ahmedabad
Himalaya Immunol 100 ml,,,,,,,,,,,,,228.97,13,,"1,606.22",,,"2,090.00",,,,,,,,,,,,,,,
,Himalaya,Medicine & Supplements ,Supplements ,7850,PURCHASE,3431,2026-01-30,2026-01-30,108.57,160.00,160.00,114.00,108.57,3,17,341.99,H7850-9190,H7850-9190,480.00,2027-08-30,2027-08-30,,,224,224,URBANPETS SERVICES PRIVATE LIMITED,,98,Himalaya,Shreeji Pet Shop,,,Gujarat,Ahmedabad
,Himalaya,Medicine & Supplements ,Supplements ,7850,PURCHASE,4293,2026-08-10,2025-08-10,122.86,161.00,161.00,126.42,120.40,10,10,"1,264.23",H7850-1065,H7850-1065,"1,610.00",2028-11-30,2028-11-30,,,32,397,URBANPETS SERVICES PRIVATE LIMITED,,98,Himalaya,FRIENDS MEDICINES,,,Gujarat,Ahmedabad
Himalaya Liv 52 Drops 30 ml,,,,,,,,,,,,,120.52,12,,767.43,,,986.00,,,,,,,,,,,,,,,
,Himalaya,Medicine & Supplements ,Supplements ,7852,PURCHASE,3431,2026-01-30,2026-01-30,59.29,83.00,83.00,62.26,59.29,2,4,124.51,H7852-9192,H7852-9192,166.00,2027-06-30,2027-06-30,,,224,224,URBANPETS SERVICES PRIVATE LIMITED,,98,Himalaya,Shreeji Pet Shop,,,Gujarat,Ahmedabad
,Himalaya,Medicine & Supplements ,Supplements ,7852,PURCHASE,4095,2026-06-25,2026-06-25,62.48,82.00,82.00,64.29,61.23,10,10,642.92,H7852-7265,H7852-7265,820.00,2028-12-30,2028-12-30,,,78,78,URBANPETS SERVICES PRIVATE LIMITED,,98,Himalaya,FRIENDS MEDICINES,,,Gujarat,Ahmedabad
Himalaya Liv 52 Forte Tablets 60S,,,,,,,,,,,,,217.24,19,,"2,114.63",,,"2,815.00",,,,,,,,,,,,,,,
,Himalaya,Medicine & Supplements ,Supplements ,7849,PURCHASE,3431,2026-01-30,2026-01-30,101.50,145.00,145.00,106.58,101.50,13,14,"1,385.48",H7849-9189,H7849-9189,"1,885.00",2026-06-30,2026-06-30,,,224,224,URBANPETS SERVICES PRIVATE LIMITED,,98,Himalaya,Shreeji Pet Shop,,,Gujarat,Ahmedabad
,Himalaya,Medicine & Supplements ,Supplements ,7849,PURCHASE,3970,2026-05-30,2026-05-30,118.10,155.00,155.00,121.53,115.74,6,10,729.15,H7849-5671,H7849-5671,930.00,2028-11-30,2028-11-30,,,104,104,URBANPETS SERVICES PRIVATE LIMITED,,98,Himalaya,FRIENDS MEDICINES,,,Gujarat,Ahmedabad
Himalaya Liv 52 Liquid 200 ml,,,,,,,,,,,,,239.82,9,,"1,131.59",,,"1,696.00",,,,,,,,,,,,,,,
,Himalaya,Medicine & Supplements ,Supplements ,7848,PURCHASE,3431,2026-01-30,2026-01-30,120.12,200.00,200.00,126.13,120.12,1,4,126.13,H7848-9188,H7848-9188,200.00,2028-03-30,2028-03-30,,,224,224,URBANPETS SERVICES PRIVATE LIMITED,,98,Himalaya,Shreeji Pet Shop,,,Gujarat,Ahmedabad
,Himalaya,Medicine & Supplements ,Supplements ,7848,PURCHASE,3979,2026-06-03,2026-06-03,122.14,187.00,187.00,125.68,119.70,8,36,"1,005.46",H7848-6400,H7848-6400,"1,496.00",2029-01-31,2029-01-31,,,100,100,URBANPETS SERVICES PRIVATE LIMITED,,98,Himalaya,FRIENDS MEDICINES,,,Gujarat,Ahmedabad
Himalaya Mobility Plus Tab,,,,,,,,,,,,,90.65,15,,"1,604.51",,,"2,449.95",,,,,,,,,,,,,,,
,Himalaya,Medicine & Supplements ,Medicine ,7335,PURCHASE,4232,2026-07-31,2026-07-31,111.00,163.33,163.33,106.97,90.65,15,18,"1,604.51",H7335-8915,H7335-8915,"2,449.95",2027-11-30,2027-11-30,,,42,42,URBANPETS SERVICES PRIVATE LIMITED,,98,Himalaya,FRIENDS MEDICINES,,,Gujarat,Ahmedabad
Himalaya NEFROTEC DS Tablets,,,,,,,,,,,,,144.06,11,,"1,663.89",,,"2,112.00",,,,,,,,,,,,,,,
,Himalaya,Medicine & Supplements ,Medicine ,7861,PURCHASE,3810,2026-04-27,2026-04-27,147.00,192.00,192.00,151.26,144.06,11,20,"1,663.89",H7861-4091,H7861-4091,"2,112.00",2028-12-30,2028-12-30,,,137,137,URBANPETS SERVICES PRIVATE LIMITED,,98,Himalaya,FRIENDS MEDICINES,,,Gujarat,Ahmedabad
Himalaya Scavon Vet Cream 50G,,,,,,,,,,,,,51.07,12,,643.45,,,912.00,,,,,,,,,,,,,,,
,Himalaya,Medicine & Supplements ,Medicine ,7846,PURCHASE,3877,2026-05-12,2026-05-12,57.90,76.00,76.00,53.62,51.07,12,30,643.45,H7846-4680,H7846-4680,912.00,2029-01-30,2029-01-30,,,122,122,URBANPETS SERVICES PRIVATE LIMITED,,98,Himalaya,FRIENDS MEDICINES,,,Gujarat,Ahmedabad
Himalaya Scavon Vet Spray 100ml,,,,,,,,,,,,,102.71,10,,"1,078.42",,,"1,500.00",,,,,,,,,,,,,,,
,Himalaya,Medicine & Supplements ,Medicine ,7845,PURCHASE,4388,2026-08-27,2026-08-27,114.33,150.00,150.00,107.84,102.71,10,12,"1,078.42",H7845-511,H7845-511,"1,500.00",2029-01-30,2029-01-30,,,15,15,URBANPETS SERVICES PRIVATE LIMITED,,98,Himalaya,FRIENDS MEDICINES,,,Gujarat,Ahmedabad
Home Food Plus 250gm,,,,,,,,,,,,,468.13,8,,"1,874.79",,,"2,748.25",,,,,,,,,,,,,,,
,other,Medicine & Supplements ,Supplements ,11040,PURCHASE,3437,2026-01-30,2026-01-30,232.93,332.75,332.75,232.93,232.93,3,3,698.79,H11040-9353,H11040-9353,998.25,2026-04-30,2026-04-30,,,224,224,URBANPETS SERVICES PRIVATE LIMITED,,255,other,Shreeji Pet Shop,,,Gujarat,Ahmedabad
,other,Medicine & Supplements ,Supplements ,11040,PURCHASE,3922,2026-05-16,2026-05-16,280.00,350.00,350.00,235.20,235.20,5,7,"1,176.00",H11040-5187,H11040-5187,"1,750.00",2027-01-31,2027-01-31,,,118,118,URBANPETS SERVICES PRIVATE LIMITED,,255,other,FRIENDS MEDICINES,,,Gujarat,Ahmedabad
HUft  Chicken blend Bone Broth 150ml,,,,,,,,,,,,,134.96,5,,796.26,,,995.00,,,,,,,,,,,,,,,
,HUFT,Dog Food,Wet Food ,12178,PURCHASE,4385,2026-08-22,2026-08-22,134.96,199.00,199.00,159.25,134.96,5,5,796.26,H12178-503,H12178-503,995.00,2027-05-30,2027-05-30,,,20,20,URBANPETS SERVICES PRIVATE LIMITED,,319,HUFT,EARTH PAWS PRIVATE LIMITED,,,Gujarat,Ahmedabad
HUft  Lamb blend Bone Broth 150ml,,,,,,,,,,,,,155.25,5,,915.98,,,"1,145.00",,,,,,,,,,,,,,,
,HUFT,Dog Food,Wet Food ,12176,PURCHASE,4385,2026-08-22,2026-08-22,155.25,229.00,229.00,183.20,155.25,5,5,915.98,H12176-501,H12176-501,"1,145.00",2027-05-30,2027-05-30,,,20,20,URBANPETS SERVICES PRIVATE LIMITED,,319,HUFT,EARTH PAWS PRIVATE LIMITED,,,Gujarat,Ahmedabad
HUft  Rich Blend bone Broth 150ml,,,,,,,,,,,,,134.96,5,,796.26,,,995.00,,,,,,,,,,,,,,,
,HUFT,Dog Food,Wet Food ,12177,PURCHASE,4385,2026-08-22,2026-08-22,134.96,199.00,199.00,159.25,134.96,5,5,796.26,H12177-502,H12177-502,995.00,2027-05-30,2027-05-30,,,20,20,URBANPETS SERVICES PRIVATE LIMITED,,319,HUFT,EARTH PAWS PRIVATE LIMITED,,,Gujarat,Ahmedabad
Hug N Wag Shed Control 500ml,,,,,,,,,,,,,313.34,5,,"1,645.03",,,"3,150.00",,,,,,,,,,,,,,,
,TTK,Grooming,Shampoo & Conditioner ,2513,PURCHASE,3420,2026-01-30,2026-01-30,313.34,630.00,630.00,329.01,313.34,5,9,"1,645.03",H2513-8912,H2513-8912,"3,150.00",2027-04-30,2027-04-30,,,224,224,URBANPETS SERVICES PRIVATE LIMITED,,220,TTK,Shreeji Pet Shop,,,Gujarat,Ahmedabad
Hydra Extra Soft Facial Shampoo 1 Litre,,,,,,,,,,,,,"1,155.04",1,,"1,212.79",,,"2,100.00",,,,,,,,,,,,,,,
,Hydra  ,Grooming,Shampoo & Conditioner ,7954,PURCHASE,3440,2026-01-30,2026-01-30,"1,155.04","2,100.00","2,100.00","1,212.79","1,155.04",1,1,"1,212.79",H7954-9419,H7954-9419,"2,100.00",2027-10-10,2027-10-10,,,224,224,URBANPETS SERVICES PRIVATE LIMITED,,101,Hydra  ,Shreeji Pet Shop,,,Gujarat,Ahmedabad
Hydra Groomers Odor Neutralizzing Shampoo 1 Litre,,,,,,,,,,,,,"1,155.04",1,,"1,212.79",,,"2,100.00",,,,,,,,,,,,,,,
,Hydra  ,Grooming,Shampoo & Conditioner ,7944,PURCHASE,3440,2026-01-30,2026-01-30,"1,155.04","2,100.00","2,100.00","1,212.79","1,155.04",1,1,"1,212.79",H7944-9416,H7944-9416,"2,100.00",2027-11-10,2027-11-10,,,224,224,URBANPETS SERVICES PRIVATE LIMITED,,101,Hydra  ,Shreeji Pet Shop,,,Gujarat,Ahmedabad
IHP-S Syrup 200ml,,,,,,,,,,,,,227.00,4,,908.00,,,"1,240.00",,,,,,,,,,,,,,,
,Rectus Remedies,Medicine & Supplements ,Medicine ,11933,PURCHASE,3870,2026-05-06,2026-05-06,227.00,310.00,310.00,227.00,227.00,4,5,908.00,I11933-4705,I11933-4705,"1,240.00",2028-10-30,2028-10-30,,,128,128,URBANPETS SERVICES PRIVATE LIMITED,,189,Rectus Remedies,integrated healthcare,,,Gujarat,Ahmedabad
Imexion 100mg,,,,,,,,,,,,,234.31,33,,"8,118.81",,,"13,200.00",,,,,,,,,,,,,,,
,Vivaldis,Medicine & Supplements ,Medicine ,12196,PURCHASE,4441,2026-08-29,2026-08-29,263.00,400.00,400.00,246.02,234.31,33,33,"8,118.81",I12196-1145,I12196-1145,"13,200.00",2028-06-30,2028-06-30,,,13,13,URBANPETS SERVICES PRIVATE LIMITED,,239,Vivaldis,Vivaldis Health and food pvt Ltd,,,Gujarat,Ahmedabad
INTAS CEFPET  DRY SYRUP 30 ML,,,,,,,,,,,,,92.57,17,,"1,652.38",,,"2,550.00",,,,,,,,,,,,,,,
,Manufacturer,Medicine & Supplements ,Medicine ,2849,PURCHASE,3830,2026-04-28,2026-04-28,92.57,150.00,150.00,97.20,92.57,17,50,"1,652.38",I2849-4216,I2849-4216,"2,550.00",2028-01-31,2028-01-31,,,136,136,URBANPETS SERVICES PRIVATE LIMITED,,106,Intas,INTAS PHARMACEUTICALS LIMITED,,,Gujarat,Ahmedabad
INTAS CEFPET TABLET,,,,,,,,,,,,,11.86,314,,"3,910.24",,,"6,031.94",,,,,,,,,,,,,,,
,Manufacturer,Medicine & Supplements ,Medicine ,2870,PURCHASE,3830,2026-04-28,2026-04-28,11.86,19.21,19.21,12.45,11.86,314,400,"3,910.24",I2870-4214,I2870-4214,"6,031.94",2027-11-30,2027-11-30,,,136,136,URBANPETS SERVICES PRIVATE LIMITED,,1,Manufacturer,INTAS PHARMACEUTICALS LIMITED,,,Gujarat,Ahmedabad
INTAS CEFPET XL TABLET,,,,,,,,,,,,,19.96,292,,"6,119.74",,,"9,443.28",,,,,,,,,,,,,,,
,Hygiene,Medicine & Supplements ,Medicine ,2895,PURCHASE,3830,2026-04-28,2026-04-28,19.96,32.34,32.34,20.96,19.96,292,400,"6,119.74",I2895-4215,I2895-4215,"9,443.28",2027-12-31,2027-12-31,,,136,136,URBANPETS SERVICES PRIVATE LIMITED,,102,Hygiene,INTAS PHARMACEUTICALS LIMITED,,,Gujarat,Ahmedabad
INTAS Kiskin Lotion 100 ml,,,,,,,,,,,,,244.06,5,,732.15,,,960.95,,,,,,,,,,,,,,,
,Intas,Medicine & Supplements ,Medicine ,2838,TRANSFER-IN,4407,2026-04-23,2026-05-21,146.43,192.19,192.19,146.43,122.03,1,1,146.43,I2838-5168,I2838-5168,192.19,2027-12-31,2027-12-31,,,141,113,URBANPETS SERVICES PRIVATE LIMITED,,106,Intas,MAHIMA ENTERPRISE,,,Gujarat,Ahmedabad
,Intas,Medicine & Supplements ,Medicine ,2838,TRANSFER-IN,4407,2026-04-23,2026-05-21,146.43,192.19,192.19,146.43,122.03,4,4,585.72,I2838-5169,I2838-5169,768.76,2027-12-31,2027-12-31,,,141,113,URBANPETS SERVICES PRIVATE LIMITED,,106,Intas,MAHIMA ENTERPRISE,,,Gujarat,Ahmedabad
INTAS NEOMEC 10 MG TABLET,,,,,,,,,,,,,13.60,482,,"3,372.85",,,"5,894.65",,,,,,,,,,,,,,,
,Manufacturer,Medicine & Supplements ,Medicine ,2871,PURCHASE,3426,2026-01-30,2026-01-30,6.37,12.50,12.50,6.69,6.37,317,852,"2,120.25",I2871-9041,I2871-9041,"3,962.50",2028-01-30,2028-01-30,,,224,224,URBANPETS SERVICES PRIVATE LIMITED,,1,Manufacturer,Shreeji Pet Shop,,,Gujarat,Ahmedabad
,Manufacturer,Medicine & Supplements ,Medicine ,2871,PURCHASE,3830,2026-04-28,2026-04-28,7.23,11.71,11.71,7.59,7.23,165,500,"1,252.60",I2871-4211,I2871-4211,"1,932.15",2028-07-30,2028-07-30,,,136,136,URBANPETS SERVICES PRIVATE LIMITED,,1,Manufacturer,INTAS PHARMACEUTICALS LIMITED,,,Gujarat,Ahmedabad
INTAS ZYMOPET SYRUP 30ML,,,,,,,,,,,,,53.04,6,,334.15,,,540.00,,,,,,,,,,,,,,,
,Intas,Medicine & Supplements ,Medicine ,2883,PURCHASE,3426,2026-01-30,2026-01-30,53.04,90.00,90.00,55.69,53.04,6,13,334.15,I2883-9043,I2883-9043,540.00,2026-07-30,2026-07-30,,,224,224,URBANPETS SERVICES PRIVATE LIMITED,,102,Hygiene,Shreeji Pet Shop,,,Gujarat,Ahmedabad
Itradus 200,,,,,,,,,,,,,71.50,32,,"2,402.40",,,"7,560.00",,,,,,,,,,,,,,,
,zydus,Medicine & Supplements ,Medicine ,10585,PURCHASE,4311,2026-08-14,2026-08-14,71.50,236.25,236.25,75.08,71.50,32,40,"2,402.40",I10585-9718,I10585-9718,"7,560.00",2028-02-28,2028-02-28,,,28,28,URBANPETS SERVICES PRIVATE LIMITED,,273,zydus,A.S. Pharma,,,Gujarat,Ahmedabad
Ivtraz Shampoo 200ml,,,,,,,,,,,,,163.33,12,,"2,058.00",,,"3,937.56",,,,,,,,,,,,,,,
,other,Grooming,Shampoo & Conditioner ,10413,PURCHASE,3478,2026-02-06,2026-02-06,250.00,328.13,328.13,171.50,163.33,12,15,"2,058.00",I10413-156,I10413-156,"3,937.56",2027-09-30,2027-09-30,,,217,217,URBANPETS SERVICES PRIVATE LIMITED,,255,other,FRIENDS MEDICINES,,,Gujarat,Ahmedabad
Jalox CL Gel (Vet) 50gm,,,,,,,,,,,,,77.14,22,,"1,781.94",,,"3,168.00",,,,,,,,,,,,,,,
,Medicines,Medicine & Supplements ,Medicine ,2986,PURCHASE,3427,2026-01-30,2026-01-30,77.14,144.00,144.00,81.00,77.14,22,25,"1,781.94",J2986-9087,J2986-9087,"3,168.00",2028-04-30,2028-04-30,,,224,224,URBANPETS SERVICES PRIVATE LIMITED,,132,Medicines,Shreeji Pet Shop,,,Gujarat,Ahmedabad
Jerhigh Gold Chicken Jerky 300gm,,,,,,,,,,,,,527.74,4,,"2,154.04",,,"4,396.00",,,,,,,,,,,,,,,
,JerHigh,"Treats, Biscuits & Chews ",Treats  ,7711,TRANSFER-IN,4932,2026-06-17,2026-08-06,538.51,"1,099.00","1,099.00",538.51,527.74,4,5,"2,154.04",J7711-9205,J7711-9205,"4,396.00",2027-09-30,2027-09-30,,,86,36,URBANPETS SERVICES PRIVATE LIMITED,,107,JerHigh,Sai International Pet Product Privet Limited,,,Gujarat,Ahmedabad
JerHigh Gravy Chicken Grilled 120G,,,,,,,,,,,,,131.83,56,,"2,711.60",,,"4,480.00",,,,,,,,,,,,,,,
,JerHigh,Dog Food,Wet Food ,7657,TRANSFER-IN,4749,2026-05-07,2026-07-09,45.60,80.00,80.00,52.73,44.69,22,36,"1,160.10",J7657-7862,J7657-7862,"1,760.00",2028-05-30,2028-05-30,,,127,64,URBANPETS SERVICES PRIVATE LIMITED,,107,JerHigh,Sai International Pet Product Privet Limited,,,Gujarat,Ahmedabad
,JerHigh,Dog Food,Wet Food ,7657,TRANSFER-IN,4915,2026-05-07,2026-08-04,45.60,80.00,80.00,45.60,44.69,12,12,547.20,J7657-9089,J7657-9089,960.00,2028-05-30,2028-05-30,,,127,38,URBANPETS SERVICES PRIVATE LIMITED,,107,JerHigh,Sai International Pet Product Privet Limited,,,Gujarat,Ahmedabad
,JerHigh,Dog Food,Wet Food ,7657,TRANSFER-IN,5002,2026-07-16,2026-08-18,45.65,80.00,80.00,45.65,42.45,22,48,"1,004.30",J7657-9793,J7657-9793,"1,760.00",2028-05-12,2028-05-12,,,57,24,URBANPETS SERVICES PRIVATE LIMITED,,107,JerHigh,Sai International Pet Product Privet Limited,,,Gujarat,Ahmedabad
JerHigh Gravy Chicken Liver 120G,,,,,,,,,,,,,84.86,61,,"2,840.58",,,"4,880.00",,,,,,,,,,,,,,,
,JerHigh,Dog Food,Wet Food ,7656,TRANSFER-IN,4877,2026-07-16,2026-07-29,45.62,80.00,80.00,50.06,42.43,13,24,650.82,J7656-8714,J7656-8714,"1,040.00",2028-05-08,2028-05-08,,,57,44,URBANPETS SERVICES PRIVATE LIMITED,,107,JerHigh,Sai International Pet Product Privet Limited,,,Gujarat,Ahmedabad
,JerHigh,Dog Food,Wet Food ,7656,TRANSFER-IN,5002,2026-07-16,2026-08-18,45.62,80.00,80.00,45.62,42.43,48,48,"2,189.76",J7656-9791,J7656-9791,"3,840.00",2028-05-08,2028-05-08,,,57,24,URBANPETS SERVICES PRIVATE LIMITED,,107,JerHigh,Sai International Pet Product Privet Limited,,,Gujarat,Ahmedabad
JerHigh Gravy Chicken Vegetable 120G,,,,,,,,,,,,,129.59,54,,"2,469.30",,,"4,320.00",,,,,,,,,,,,,,,
,JerHigh,Dog Food,Wet Food ,7655,TRANSFER-IN,4486,2026-05-07,2026-06-04,45.60,80.00,80.00,45.60,44.69,5,24,228.00,J7655-5825,J7655-5825,400.00,2028-05-30,2028-05-30,,,127,99,URBANPETS SERVICES PRIVATE LIMITED,,107,JerHigh,Sai International Pet Product Privet Limited,,,Gujarat,Ahmedabad
,JerHigh,Dog Food,Wet Food ,7655,TRANSFER-IN,4877,2026-07-16,2026-07-29,45.65,80.00,80.00,50.10,42.45,1,24,50.10,J7655-8715,J7655-8715,80.00,2028-05-14,2028-05-14,,,57,44,URBANPETS SERVICES PRIVATE LIMITED,,107,JerHigh,Sai International Pet Product Privet Limited,,,Gujarat,Ahmedabad
,JerHigh,Dog Food,Wet Food ,7655,TRANSFER-IN,5048,2026-07-16,2026-08-26,45.65,80.00,80.00,45.65,42.45,48,48,"2,191.20",J7655-257,J7655-257,"3,840.00",2028-05-14,2028-05-14,,,57,16,URBANPETS SERVICES PRIVATE LIMITED,,107,JerHigh,Sai International Pet Product Privet Limited,,,Gujarat,Ahmedabad
Jerhigh Gravy Rosted Duck 120G,,,,,,,,,,,,,87.14,30,,"1,368.10",,,"2,400.00",,,,,,,,,,,,,,,
,JerHigh,Dog Food,Wet Food ,7652,TRANSFER-IN,4915,2026-05-07,2026-08-04,45.60,80.00,80.00,45.60,44.69,28,36,"1,276.80",J7652-9088,J7652-9088,"2,240.00",2028-05-30,2028-05-30,,,127,38,URBANPETS SERVICES PRIVATE LIMITED,,107,JerHigh,Sai International Pet Product Privet Limited,,,Gujarat,Ahmedabad
,JerHigh,Dog Food,Wet Food ,7652,TRANSFER-IN,5002,2026-07-16,2026-08-18,45.65,80.00,80.00,45.65,42.45,2,48,91.30,J7652-9792,J7652-9792,160.00,2028-05-05,2028-05-05,,,57,24,URBANPETS SERVICES PRIVATE LIMITED,,107,JerHigh,Sai International Pet Product Privet Limited,,,Gujarat,Ahmedabad
JerHigh Jelly Chicken Meat with liver 130gm,,,,,,,,,,,,,78.44,13,,581.50,,,"1,030.00",,,,,,,,,,,,,,,
,JerHigh,Dog Food,Wet Food ,11073,TRANSFER-IN,4099,2026-01-31,2026-04-04,33.70,70.00,70.00,33.70,33.70,1,12,33.70,J11073-2938,J11073-2938,70.00,2026-10-28,2026-10-28,,,223,160,URBANPETS SERVICES PRIVATE LIMITED,,107,JerHigh,Shreeji Pet Shop,,,Gujarat,Ahmedabad
,JerHigh,Dog Food,Wet Food ,11073,TRANSFER-IN,4961,2026-07-16,2026-08-11,45.65,80.00,80.00,45.65,44.74,12,12,547.80,J11073-9512,J11073-9512,960.00,2028-05-06,2028-05-06,,,57,31,URBANPETS SERVICES PRIVATE LIMITED,,107,JerHigh,Sai International Pet Product Privet Limited,,,Gujarat,Ahmedabad
JerHigh Jelly Chicken Meat with Riceberrry 120gm,,,,,,,,,,,,,78.39,8,,341.00,,,620.00,,,,,,,,,,,,,,,
,JerHigh,Dog Food,Wet Food ,11074,TRANSFER-IN,4099,2026-01-31,2026-04-04,33.70,70.00,70.00,33.70,33.70,2,12,67.40,J11074-2937,J11074-2937,140.00,2026-10-28,2026-10-28,,,223,160,URBANPETS SERVICES PRIVATE LIMITED,,107,JerHigh,Shreeji Pet Shop,,,Gujarat,Ahmedabad
,JerHigh,Dog Food,Wet Food ,11074,TRANSFER-IN,4961,2026-07-15,2026-08-11,45.60,80.00,80.00,45.60,44.69,6,12,273.60,J11074-9513,J11074-9513,480.00,2028-04-30,2028-04-30,,,58,31,URBANPETS SERVICES PRIVATE LIMITED,,107,JerHigh,Sai International Pet Product Privet Limited,,,Gujarat,Ahmedabad
JerHigh Jelly Chicken Meat with Rosted Duck 130gm,,,,,,,,,,,,,44.74,7,,319.55,,,560.00,,,,,,,,,,,,,,,
,JerHigh,Dog Food,Wet Food ,11075,TRANSFER-IN,4961,2026-07-16,2026-08-11,45.65,80.00,80.00,45.65,44.74,7,12,319.55,J11075-9514,J11075-9514,560.00,2028-05-13,2028-05-13,,,57,31,URBANPETS SERVICES PRIVATE LIMITED,,107,JerHigh,Sai International Pet Product Privet Limited,,,Gujarat,Ahmedabad
JerHigh Jelly Grilled Chicken Meat 130gm,,,,,,,,,,,,,78.39,11,,454.00,,,840.00,,,,,,,,,,,,,,,
,JerHigh,Dog Food,Wet Food ,11076,TRANSFER-IN,4099,2026-01-31,2026-04-04,33.70,70.00,70.00,33.70,33.70,4,12,134.80,J11076-2939,J11076-2939,280.00,2026-10-28,2026-10-28,,,223,160,URBANPETS SERVICES PRIVATE LIMITED,,107,JerHigh,Shreeji Pet Shop,,,Gujarat,Ahmedabad
,JerHigh,Dog Food,Wet Food ,11076,TRANSFER-IN,4961,2026-07-15,2026-08-11,45.60,80.00,80.00,45.60,44.69,7,12,319.20,J11076-9511,J11076-9511,560.00,2028-04-30,2028-04-30,,,58,31,URBANPETS SERVICES PRIVATE LIMITED,,107,JerHigh,Sai International Pet Product Privet Limited,,,Gujarat,Ahmedabad
Jerhigh Panna Cotta Chicken with Blueberry 70gm,,,,,,,,,,,,,89.12,1,,91.00,,,175.00,,,,,,,,,,,,,,,
,JerHigh,Dog Food,Wet Food ,11000,TRANSFER-IN,4630,2026-05-06,2026-06-20,91.00,175.00,175.00,91.00,89.12,1,4,91.00,J11000-6656,J11000-6656,175.00,2027-10-09,2027-10-09,,,128,83,URBANPETS SERVICES PRIVATE LIMITED,,107,JerHigh,Sai International Pet Product Privet Limited,,,Gujarat,Ahmedabad
Jerhigh Panna Cotta Chicken with Cranberry 70gm,,,,,,,,,,,,,89.18,4,,364.00,,,700.00,,,,,,,,,,,,,,,
,JerHigh,Dog Food,Wet Food ,11001,TRANSFER-IN,4979,2026-06-10,2026-08-14,91.00,175.00,175.00,91.00,89.18,4,4,364.00,J11001-9633,J11001-9633,700.00,2027-10-31,2027-10-31,,,93,28,URBANPETS SERVICES PRIVATE LIMITED,,107,JerHigh,Sai International Pet Product Privet Limited,,,Gujarat,Ahmedabad
Jerhigh Panna Cotta Chicken with Tuna 70gm,,,,,,,,,,,,,267.48,6,,546.00,,,"1,050.00",,,,,,,,,,,,,,,
,JerHigh,Dog Food,Wet Food ,11003,TRANSFER-IN,4630,2026-05-06,2026-06-20,91.00,175.00,175.00,91.00,89.12,2,4,182.00,J11003-6657,J11003-6657,350.00,2027-10-09,2027-10-09,,,128,83,URBANPETS SERVICES PRIVATE LIMITED,,107,JerHigh,Sai International Pet Product Privet Limited,,,Gujarat,Ahmedabad
,JerHigh,Dog Food,Wet Food ,11003,TRANSFER-IN,4979,2026-06-10,2026-08-14,91.00,175.00,175.00,91.00,89.18,3,3,273.00,J11003-9634,J11003-9634,525.00,2027-10-09,2027-10-09,,,93,28,URBANPETS SERVICES PRIVATE LIMITED,,107,JerHigh,Sai International Pet Product Privet Limited,,,Gujarat,Ahmedabad
,JerHigh,Dog Food,Wet Food ,11003,TRANSFER-IN,4979,2026-07-04,2026-08-14,91.00,175.00,175.00,91.00,89.18,1,1,91.00,J11003-9635,J11003-9635,175.00,2027-10-09,2027-10-09,,,69,28,URBANPETS SERVICES PRIVATE LIMITED,,107,JerHigh,Sai International Pet Product Privet Limited,,,Gujarat,Ahmedabad
Jeri pet cap,,,,,,,,,,,,,334.63,45,,"15,811.37",,,"24,705.00",,,,,,,,,,,,,,,
,other,Medicine & Supplements ,Medicine ,11923,PURCHASE,4252,2026-08-01,2026-08-01,418.29,549.00,549.00,351.36,334.63,45,60,"15,811.37",J11923-9155,J11923-9155,"24,705.00",2027-07-30,2027-07-30,,,41,41,URBANPETS SERVICES PRIVATE LIMITED,,255,other,shah and Kothari Brothers,,,Gujarat,Ahmedabad
JH 100 G Milky Stix,,,,,,,,,,,,,141.56,5,,722.75,,,"1,475.00",,,,,,,,,,,,,,,
,JerHigh,"Treats, Biscuits & Chews ",Treats  ,9736,TRANSFER-IN,4394,2026-05-06,2026-05-20,144.55,295.00,295.00,144.55,141.56,5,5,722.75,J9736-5104,J9736-5104,"1,475.00",2027-07-07,2027-07-07,,,128,114,URBANPETS SERVICES PRIVATE LIMITED,,107,JerHigh,Sai International Pet Product Privet Limited,,,Gujarat,Ahmedabad
JH 100G Banana,,,,,,,,,,,,,283.32,8,,"1,224.22",,,"2,360.00",,,,,,,,,,,,,,,
,JerHigh,"Treats, Biscuits & Chews ",Treats  ,7682,TRANSFER-IN,4821,2026-07-04,2026-07-21,144.55,295.00,295.00,167.16,141.66,3,3,501.47,J7682-8362,J7682-8362,885.00,2027-10-16,2027-10-16,,,69,52,URBANPETS SERVICES PRIVATE LIMITED,,107,JerHigh,Sai International Pet Product Privet Limited,,,Gujarat,Ahmedabad
,JerHigh,"Treats, Biscuits & Chews ",Treats  ,7682,TRANSFER-IN,5056,2026-07-04,2026-08-27,144.55,295.00,295.00,144.55,141.66,5,5,722.75,J7682-382,J7682-382,"1,475.00",2027-10-16,2027-10-16,,,69,15,URBANPETS SERVICES PRIVATE LIMITED,,107,JerHigh,Sai International Pet Product Privet Limited,,,Gujarat,Ahmedabad
JH 100G Carrot Stix 100G,,,,,,,,,,,,,141.66,3,,433.65,,,885.00,,,,,,,,,,,,,,,
,JerHigh,"Treats, Biscuits & Chews ",Treats  ,7641,TRANSFER-IN,5079,2026-08-18,2026-08-31,144.55,295.00,295.00,144.55,141.66,3,4,433.65,J7641-553,J7641-553,885.00,2027-11-30,2027-11-30,,,24,11,URBANPETS SERVICES PRIVATE LIMITED,,107,JerHigh,Sai International Pet Product Privet Limited,,,Gujarat,Ahmedabad
JH 100G Milk Stix Bite,,,,,,,,,,,,,141.56,3,,501.12,,,885.00,,,,,,,,,,,,,,,
,JerHigh,"Treats, Biscuits & Chews ",Treats  ,7640,TRANSFER-IN,4821,2026-05-06,2026-07-21,144.55,295.00,295.00,167.04,141.56,3,3,501.12,J7640-8354,J7640-8354,885.00,2027-07-07,2027-07-07,,,128,52,URBANPETS SERVICES PRIVATE LIMITED,,107,JerHigh,Sai International Pet Product Privet Limited,,,Gujarat,Ahmedabad
JH 100G Mini Burger,,,,,,,,,,,,,141.66,3,,501.47,,,885.00,,,,,,,,,,,,,,,
,JerHigh,"Treats, Biscuits & Chews ",Treats  ,7642,TRANSFER-IN,4821,2026-06-10,2026-07-21,144.55,295.00,295.00,167.16,141.66,3,3,501.47,J7642-8359,J7642-8359,885.00,2027-06-02,2027-06-02,,,93,52,URBANPETS SERVICES PRIVATE LIMITED,,107,JerHigh,Sai International Pet Product Privet Limited,,,Gujarat,Ahmedabad
JH 100G Strawberry,,,,,,,,,,,,,141.64,1,,144.55,,,295.00,,,,,,,,,,,,,,,
,JerHigh,"Treats, Biscuits & Chews ",Treats  ,7680,TRANSFER-IN,5034,2026-07-21,2026-08-24,144.55,295.00,295.00,144.55,141.64,1,3,144.55,J7680-159,J7680-159,295.00,2027-11-07,2027-11-07,,,52,18,URBANPETS SERVICES PRIVATE LIMITED,,107,JerHigh,Sai International Pet Product Privet Limited,,,Gujarat,Ahmedabad
JH 100G Variety Stix,,,,,,,,,,,,,264.11,3,,808.50,,,"1,650.00",,,,,,,,,,,,,,,
,JerHigh,"Treats, Biscuits & Chews ",Treats  ,7394,TRANSFER-IN,5072,2026-08-18,2026-08-29,269.50,550.00,550.00,269.50,264.11,3,6,808.50,J7394-462,J7394-462,"1,650.00",2027-11-30,2027-11-30,,,24,13,URBANPETS SERVICES PRIVATE LIMITED,,107,JerHigh,Sai International Pet Product Privet Limited,,,Gujarat,Ahmedabad
JH 70G Banana,,,,,,,,,,,,,208.35,5,,531.35,,,"1,095.00",,,,,,,,,,,,,,,
,JerHigh,"Treats, Biscuits & Chews ",Treats  ,7402,TRANSFER-IN,4938,2026-01-30,2026-08-07,100.30,210.00,210.00,100.30,100.30,2,3,200.60,J7402-9340,J7402-9340,420.00,2026-11-14,2026-11-14,,,224,35,URBANPETS SERVICES PRIVATE LIMITED,,107,JerHigh,Shreeji Pet Shop,,,Gujarat,Ahmedabad
,JerHigh,"Treats, Biscuits & Chews ",Treats  ,7402,TRANSFER-IN,5120,2026-06-17,2026-09-08,110.25,225.00,225.00,110.25,108.05,3,3,330.75,J7402-975,J7402-975,675.00,2027-10-16,2027-10-16,,,86,3,URBANPETS SERVICES PRIVATE LIMITED,,107,JerHigh,Sai International Pet Product Privet Limited,,,Gujarat,Ahmedabad
JH 70g Bed Time,,,,,,,,,,,,,216.10,5,,551.25,,,"1,125.00",,,,,,,,,,,,,,,
,JerHigh,"Treats, Biscuits & Chews ",Treats  ,6053,TRANSFER-IN,4554,2026-04-23,2026-06-12,110.25,225.00,225.00,110.25,108.05,1,5,110.25,J6053-6222,J6053-6222,225.00,2027-07-30,2027-07-30,,,141,91,URBANPETS SERVICES PRIVATE LIMITED,,107,JerHigh,Sai International Pet Product Privet Limited,,,Gujarat,Ahmedabad
,JerHigh,"Treats, Biscuits & Chews ",Treats  ,6053,TRANSFER-IN,4676,2026-04-23,2026-06-27,110.25,225.00,225.00,110.25,108.05,4,4,441.00,J6053-7166,J6053-7166,900.00,2027-07-30,2027-07-30,,,141,76,URBANPETS SERVICES PRIVATE LIMITED,,107,JerHigh,Sai International Pet Product Privet Limited,,,Gujarat,Ahmedabad
JH 70G Blueberry,,,,,,,,,,,,,198.57,6,,637.75,,,"1,320.00",,,,,,,,,,,,,,,
,JerHigh,"Treats, Biscuits & Chews ",Treats  ,7503,TRANSFER-IN,4784,2026-01-30,2026-07-15,100.32,210.00,210.00,118.38,100.32,2,3,236.75,J7503-8087,J7503-8087,420.00,2027-03-15,2027-03-15,,,224,58,URBANPETS SERVICES PRIVATE LIMITED,,107,JerHigh,Shreeji Pet Shop,,,Gujarat,Ahmedabad
,JerHigh,"Treats, Biscuits & Chews ",Treats  ,7503,TRANSFER-IN,5025,2026-06-10,2026-08-22,100.25,225.00,225.00,100.25,98.25,4,5,401.00,J7503-52,J7503-52,900.00,2027-09-06,2027-09-06,,,93,20,URBANPETS SERVICES PRIVATE LIMITED,,107,JerHigh,Sai International Pet Product Privet Limited,,,Gujarat,Ahmedabad
JH 70G Carrot Stick,,,,,,,,,,,,,108.05,3,,330.75,,,675.00,,,,,,,,,,,,,,,
,JerHigh,"Treats, Biscuits & Chews ",Treats  ,7645,TRANSFER-IN,5094,2026-07-04,2026-09-02,110.25,225.00,225.00,110.25,108.05,3,3,330.75,J7645-725,J7645-725,675.00,2027-10-30,2027-10-30,,,69,9,URBANPETS SERVICES PRIVATE LIMITED,,107,JerHigh,Sai International Pet Product Privet Limited,,,Gujarat,Ahmedabad
JH 70G Milky,,,,,,,,,,,,,216.10,4,,441.00,,,900.00,,,,,,,,,,,,,,,
,JerHigh,"Treats, Biscuits & Chews ",Treats  ,7666,TRANSFER-IN,5061,2026-08-18,2026-08-27,110.25,225.00,225.00,110.25,108.05,1,6,110.25,J7666-402,J7666-402,225.00,2027-11-30,2027-11-30,,,24,15,URBANPETS SERVICES PRIVATE LIMITED,,107,JerHigh,Sai International Pet Product Privet Limited,,,Gujarat,Ahmedabad
,JerHigh,"Treats, Biscuits & Chews ",Treats  ,7666,TRANSFER-IN,5094,2026-08-18,2026-09-02,110.25,225.00,225.00,110.25,108.05,3,3,330.75,J7666-724,J7666-724,675.00,2027-11-30,2027-11-30,,,24,9,URBANPETS SERVICES PRIVATE LIMITED,,107,JerHigh,Sai International Pet Product Privet Limited,,,Gujarat,Ahmedabad
JH 70g Morning Time Stick,,,,,,,,,,,,,108.05,5,,551.25,,,"1,125.00",,,,,,,,,,,,,,,
,JerHigh,"Treats, Biscuits & Chews ",Treats  ,7762,TRANSFER-IN,4945,2026-07-04,2026-08-08,110.25,225.00,225.00,110.25,108.05,5,5,551.25,J7762-9408,J7762-9408,"1,125.00",2027-10-10,2027-10-10,,,69,34,URBANPETS SERVICES PRIVATE LIMITED,,107,JerHigh,Sai International Pet Product Privet Limited,,,Gujarat,Ahmedabad
JH 70G Spinach,,,,,,,,,,,,,108.05,3,,330.75,,,675.00,,,,,,,,,,,,,,,
,JerHigh,"Treats, Biscuits & Chews ",Treats  ,7665,TRANSFER-IN,5018,2026-07-04,2026-08-21,110.25,225.00,225.00,110.25,108.05,3,4,330.75,J7665-7,J7665-7,675.00,2027-09-08,2027-09-08,,,69,21,URBANPETS SERVICES PRIVATE LIMITED,,107,JerHigh,Sai International Pet Product Privet Limited,,,Gujarat,Ahmedabad
JH 70G Strawberry,,,,,,,,,,,,,206.28,5,,521.25,,,"1,125.00",,,,,,,,,,,,,,,
,JerHigh,"Treats, Biscuits & Chews ",Treats  ,7663,TRANSFER-IN,4473,2026-04-11,2026-06-03,110.25,225.00,225.00,110.25,108.03,2,5,220.50,J7663-5775,J7663-5775,450.00,2027-03-30,2027-03-30,,,153,100,URBANPETS SERVICES PRIVATE LIMITED,,107,JerHigh,Sai International Pet Product Privet Limited,,,Gujarat,Ahmedabad
,JerHigh,"Treats, Biscuits & Chews ",Treats  ,7663,TRANSFER-IN,5094,2026-06-10,2026-09-02,100.25,225.00,225.00,100.25,98.25,3,3,300.75,J7663-726,J7663-726,675.00,2027-09-05,2027-09-05,,,93,9,URBANPETS SERVICES PRIVATE LIMITED,,107,JerHigh,Sai International Pet Product Privet Limited,,,Gujarat,Ahmedabad
JH Carrot Stick 420G,,,,,,,,,,,,,"1,548.48",9,,"4,740.75",,,"9,675.00",,,,,,,,,,,,,,,
,JerHigh,"Treats, Biscuits & Chews ",Treats  ,7674,TRANSFER-IN,5034,2026-07-04,2026-08-24,526.75,"1,075.00","1,075.00",526.75,516.22,2,3,"1,053.50",J7674-162,J7674-162,"2,150.00",2027-10-30,2027-10-30,,,69,18,URBANPETS SERVICES PRIVATE LIMITED,,107,JerHigh,Sai International Pet Product Privet Limited,,,Gujarat,Ahmedabad
,JerHigh,"Treats, Biscuits & Chews ",Treats  ,7674,TRANSFER-IN,5071,2026-07-21,2026-08-29,526.75,"1,075.00","1,075.00",526.75,516.13,5,5,"2,633.75",J7674-451,J7674-451,"5,375.00",2027-11-20,2027-11-20,,,52,13,URBANPETS SERVICES PRIVATE LIMITED,,107,JerHigh,Sai International Pet Product Privet Limited,,,Gujarat,Ahmedabad
,JerHigh,"Treats, Biscuits & Chews ",Treats  ,7674,TRANSFER-IN,5110,2026-07-21,2026-09-05,526.75,"1,075.00","1,075.00",526.75,516.13,2,2,"1,053.50",J7674-912,J7674-912,"2,150.00",2027-11-20,2027-11-20,,,52,6,URBANPETS SERVICES PRIVATE LIMITED,,107,JerHigh,Sai International Pet Product Privet Limited,,,Gujarat,Ahmedabad
JH Chicken Milky Stick 400G,,,,,,,,,,,,,516.22,4,,"2,107.00",,,"4,300.00",,,,,,,,,,,,,,,
,JerHigh,"Treats, Biscuits & Chews ",Treats  ,7671,TRANSFER-IN,4470,2026-05-21,2026-06-02,526.75,"1,075.00","1,075.00",526.75,516.22,4,4,"2,107.00",J7671-5740,J7671-5740,"4,300.00",2027-09-11,2027-09-11,,,113,101,URBANPETS SERVICES PRIVATE LIMITED,,107,JerHigh,Sai International Pet Product Privet Limited,,,Gujarat,Ahmedabad
JH Chicken Spinach Stick 400G,,,,,,,,,,,,,516.13,3,,"1,580.25",,,"3,225.00",,,,,,,,,,,,,,,
,JerHigh,"Treats, Biscuits & Chews ",Treats  ,7675,TRANSFER-IN,4908,2026-07-21,2026-08-04,526.75,"1,075.00","1,075.00",526.75,516.13,3,3,"1,580.25",J7675-9067,J7675-9067,"3,225.00",2027-11-21,2027-11-21,,,52,38,URBANPETS SERVICES PRIVATE LIMITED,,107,JerHigh,Sai International Pet Product Privet Limited,,,Gujarat,Ahmedabad
JH Chicken Strawberry Stick 400G,,,,,,,,,,,,,"1,548.65",7,,"3,687.25",,,"7,525.00",,,,,,,,,,,,,,,
,JerHigh,"Treats, Biscuits & Chews ",Treats  ,7676,TRANSFER-IN,4979,2026-07-04,2026-08-14,526.75,"1,075.00","1,075.00",526.75,516.22,2,4,"1,053.50",J7676-9639,J7676-9639,"2,150.00",2027-11-06,2027-11-06,,,69,28,URBANPETS SERVICES PRIVATE LIMITED,,107,JerHigh,Sai International Pet Product Privet Limited,,,Gujarat,Ahmedabad
,JerHigh,"Treats, Biscuits & Chews ",Treats  ,7676,TRANSFER-IN,5012,2026-07-04,2026-08-20,526.75,"1,075.00","1,075.00",526.75,516.22,2,2,"1,053.50",J7676-9909,J7676-9909,"2,150.00",2027-11-06,2027-11-06,,,69,22,URBANPETS SERVICES PRIVATE LIMITED,,107,JerHigh,Sai International Pet Product Privet Limited,,,Gujarat,Ahmedabad
,JerHigh,"Treats, Biscuits & Chews ",Treats  ,7676,TRANSFER-IN,5110,2026-08-18,2026-09-05,526.75,"1,075.00","1,075.00",526.75,516.21,3,3,"1,580.25",J7676-913,J7676-913,"3,225.00",2027-11-30,2027-11-30,,,24,6,URBANPETS SERVICES PRIVATE LIMITED,,107,JerHigh,Sai International Pet Product Privet Limited,,,Gujarat,Ahmedabad
JH Duo Stick Chicken Cheese Stick 50G,,,,,,,,,,,,,108.05,2,,220.50,,,450.00,,,,,,,,,,,,,,,
,JerHigh,"Treats, Biscuits & Chews ",Treats  ,7668,TRANSFER-IN,5071,2026-08-18,2026-08-29,110.25,225.00,225.00,110.25,108.05,2,12,220.50,J7668-452,J7668-452,450.00,2027-10-30,2027-10-30,,,24,13,URBANPETS SERVICES PRIVATE LIMITED,,107,JerHigh,Sai International Pet Product Privet Limited,,,Gujarat,Ahmedabad
JH Duo Stick Milky Banana Stick 50G,,,,,,,,,,,,,100.32,3,,355.13,,,630.00,,,,,,,,,,,,,,,
,JerHigh,"Treats, Biscuits & Chews ",Treats  ,7667,PURCHASE,3414,2026-01-30,2026-01-30,100.32,210.00,210.00,118.38,100.32,3,3,355.13,J7667-8735,J7667-8735,630.00,2026-10-11,2026-10-11,,,224,224,URBANPETS SERVICES PRIVATE LIMITED,,107,JerHigh,Shreeji Pet Shop,,,Gujarat,Ahmedabad
JH Duo Stick Milky Strawberry Stick 50G,,,,,,,,,,,,,208.37,5,,619.23,,,"1,095.00",,,,,,,,,,,,,,,
,JerHigh,"Treats, Biscuits & Chews ",Treats  ,7669,PURCHASE,3414,2026-01-30,2026-01-30,100.32,210.00,210.00,118.38,100.32,2,3,236.75,J7669-8736,J7669-8736,420.00,2026-10-12,2026-10-12,,,224,224,URBANPETS SERVICES PRIVATE LIMITED,,107,JerHigh,Shreeji Pet Shop,,,Gujarat,Ahmedabad
,JerHigh,"Treats, Biscuits & Chews ",Treats  ,7669,TRANSFER-IN,4821,2026-07-04,2026-07-21,110.25,225.00,225.00,127.49,108.05,3,3,382.48,J7669-8360,J7669-8360,675.00,2027-10-02,2027-10-02,,,69,52,URBANPETS SERVICES PRIVATE LIMITED,,107,JerHigh,Sai International Pet Product Privet Limited,,,Gujarat,Ahmedabad
JH Duo Stick Spinach Cheese Stick 50G,,,,,,,,,,,,,316.33,7,,780.46,,,"1,560.00",,,,,,,,,,,,,,,
,JerHigh,"Treats, Biscuits & Chews ",Treats  ,7672,PURCHASE,3417,2026-01-30,2026-01-30,100.81,210.00,210.00,118.96,100.81,1,1,118.96,J7672-8821,J7672-8821,210.00,2026-02-21,2026-02-21,,,224,224,URBANPETS SERVICES PRIVATE LIMITED,,107,JerHigh,Shreeji Pet Shop,,,Gujarat,Ahmedabad
,JerHigh,"Treats, Biscuits & Chews ",Treats  ,7672,TRANSFER-IN,4026,2026-03-12,2026-03-25,110.25,225.00,225.00,110.25,107.49,1,3,110.25,J7672-2455,J7672-2455,225.00,2027-05-30,2027-05-30,,,183,170,URBANPETS SERVICES PRIVATE LIMITED,,107,JerHigh,Sai International Pet Product Privet Limited,,,Gujarat,Ahmedabad
,JerHigh,"Treats, Biscuits & Chews ",Treats  ,7672,TRANSFER-IN,4889,2026-07-21,2026-07-31,110.25,225.00,225.00,110.25,108.03,5,5,551.25,J7672-8903,J7672-8903,"1,125.00",2027-09-11,2027-09-11,,,52,42,URBANPETS SERVICES PRIVATE LIMITED,,107,JerHigh,Sai International Pet Product Privet Limited,,,Gujarat,Ahmedabad
JH Hot Dog Bar Chicken 150G,,,,,,,,,,,,,190.63,15,,"1,462.65",,,"2,985.00",,,,,,,,,,,,,,,
,JerHigh,"Treats, Biscuits & Chews ",Treats  ,7633,TRANSFER-IN,4049,2026-02-26,2026-03-27,97.51,199.00,199.00,97.51,95.07,3,10,292.53,J7633-2683,J7633-2683,597.00,2027-02-28,2027-02-28,,,197,168,URBANPETS SERVICES PRIVATE LIMITED,,107,JerHigh,Sai International Pet Product Privet Limited,,,Gujarat,Ahmedabad
,JerHigh,"Treats, Biscuits & Chews ",Treats  ,7633,TRANSFER-IN,4992,2026-07-04,2026-08-17,97.51,199.00,199.00,97.51,95.56,12,12,"1,170.12",J7633-9740,J7633-9740,"2,388.00",2027-11-06,2027-11-06,,,69,25,URBANPETS SERVICES PRIVATE LIMITED,,107,JerHigh,Sai International Pet Product Privet Limited,,,Gujarat,Ahmedabad
JH Hot Dog Bar Liver 150G,,,,,,,,,,,,,95.56,12,,"1,170.12",,,"2,388.00",,,,,,,,,,,,,,,
,JerHigh,"Treats, Biscuits & Chews ",Treats  ,7399,TRANSFER-IN,4992,2026-07-04,2026-08-17,97.51,199.00,199.00,97.51,95.56,12,12,"1,170.12",J7399-9741,J7399-9741,"2,388.00",2027-11-07,2027-11-07,,,69,25,URBANPETS SERVICES PRIVATE LIMITED,,107,JerHigh,Sai International Pet Product Privet Limited,,,Gujarat,Ahmedabad
JH Meat as meals chicken 500 gm,,,,,,,,,,,,,527.74,2,,"1,245.47",,,"2,198.00",,,,,,,,,,,,,,,
,JerHigh,Dog Food,Dry Food ,10182,TRANSFER-IN,4850,2026-07-15,2026-07-27,538.51,"1,099.00","1,099.00",622.73,527.74,2,4,"1,245.47",J10182-8554,J10182-8554,"2,198.00",2027-11-30,2027-11-30,,,58,46,URBANPETS SERVICES PRIVATE LIMITED,,107,JerHigh,Sai International Pet Product Privet Limited,,,Gujarat,Ahmedabad
JH Meat as meals chicken pumpkin 500 gm,,,,,,,,,,,,,"1,580.48",2,,"1,245.47",,,"2,198.00",,,,,,,,,,,,,,,
,JerHigh,Dog Food,Dry Food ,10181,TRANSFER-IN,3664,2025-12-05,2026-01-30,538.51,"1,099.00","1,099.00",538.51,525.05,-1,5,-538.51,J10181-5956,J10181-5956,"-1,099.00",2027-09-13,2027-09-13,,,280,224,URBANPETS SERVICES PRIVATE LIMITED,,107,JerHigh,Sai International Pet Product Privet Limited,,,Gujarat,Ahmedabad
,JerHigh,Dog Food,Dry Food ,10181,TRANSFER-IN,4453,2026-04-11,2026-05-29,538.51,"1,099.00","1,099.00",538.51,527.69,1,4,538.51,J10181-5473,J10181-5473,"1,099.00",2030-08-30,2030-08-30,,,153,105,URBANPETS SERVICES PRIVATE LIMITED,,107,JerHigh,Sai International Pet Product Privet Limited,,,Gujarat,Ahmedabad
,JerHigh,Dog Food,Dry Food ,10181,TRANSFER-IN,4877,2026-07-15,2026-07-29,538.51,"1,099.00","1,099.00",622.74,527.74,2,2,"1,245.47",J10181-8721,J10181-8721,"2,198.00",2027-11-30,2027-11-30,,,58,44,URBANPETS SERVICES PRIVATE LIMITED,,107,JerHigh,Sai International Pet Product Privet Limited,,,Gujarat,Ahmedabad
JH Meat as Meals Grilled liver 500gm,,,,,,,,,,,,,519.89,2,,"1,226.94",,,"2,198.00",,,,,,,,,,,,,,,
,JerHigh,Dog Food,Dry Food ,10409,TRANSFER-IN,4784,2026-06-10,2026-07-15,530.50,"1,099.00","1,099.00",613.47,519.89,2,2,"1,226.94",J10409-8079,J10409-8079,"2,198.00",2027-01-02,2027-01-02,,,93,58,URBANPETS SERVICES PRIVATE LIMITED,,107,JerHigh,Sai International Pet Product Privet Limited,,,Gujarat,Ahmedabad
JOLLYFLEX PET TABLETS 30 S,,,,,,,,,,,,,332.64,52,,"17,297.28",,,"34,320.00",,,,,,,,,,,,,,,
,Bioline,Medicine & Supplements ,Medicine ,3036,PURCHASE,3652,2026-03-21,2026-03-21,475.20,660.00,660.00,332.64,332.64,52,108,"17,297.28",J3036-2198,J3036-2198,"34,320.00",2028-10-30,2028-10-30,,,174,174,URBANPETS SERVICES PRIVATE LIMITED,,31,Bioline,TTK Healthcare Limited,,,Gujarat,Ahmedabad
K9PEA,,,,,,,,,,,,,192.95,34,,"6,888.45",,,"11,194.16",,,,,,,,,,,,,,,
,Medicines,Medicine & Supplements ,Medicine ,11420,PURCHASE,3745,2026-04-14,2026-04-14,250.84,329.24,370.00,202.60,192.95,34,65,"6,888.45",K11420-3361,K11420-3361,"11,194.16",2027-02-28,2027-02-28,,,150,150,URBANPETS SERVICES PRIVATE LIMITED,,330,ENAVANT,Waterlily Enterprise,,,Gujarat,Ahmedabad
Kalsis 150 ml,,,,,,,,,,,,,977.06,3,,"3,458.79",,,"5,250.00",,,,,,,,,,,,,,,
,Hygiene,Medicine & Supplements ,Medicine ,3138,PURCHASE,3967,2026-05-26,2026-05-26,997.00,"1,750.00","1,750.00","1,152.93",977.06,3,10,"3,458.79",K3138-5647,K3138-5647,"5,250.00",2027-04-30,2027-04-30,,,108,108,URBANPETS SERVICES PRIVATE LIMITED,,102,Hygiene,Vivaldis Health and food pvt Ltd,,,Gujarat,Ahmedabad
KD D0 Chain No.0.5MM -60Inch,,,,,,,,,,,,,961.02,1,,"1,134.00",,,"1,620.00",,,,,,,,,,,,,,,
,Kennel Doggy,Walk Essentials,Chain & Chock chain ,9114,PURCHASE,3445,2026-01-30,2026-01-30,961.02,"1,620.00","1,620.00","1,134.00",961.02,1,1,"1,134.00",K9114-9562,K9114-9562,"1,620.00",,,,,224,224,URBANPETS SERVICES PRIVATE LIMITED,,111,Kennel Doggy,Shreeji Pet Shop,,,Gujarat,Ahmedabad
Kiltix Collor Medium Size,,,,,,,,,,,,,459.08,6,,"2,892.20",,,"4,350.00",,,,,,,,,,,,,,,
,Manufacturer,Medicine & Supplements ,Medicine ,3185,PURCHASE,3432,2026-01-30,2026-01-30,459.08,725.00,725.00,482.03,459.08,6,10,"2,892.20",K3185-9215,K3185-9215,"4,350.00",2027-06-30,2027-06-30,,,224,224,URBANPETS SERVICES PRIVATE LIMITED,,1,Manufacturer,Shreeji Pet Shop,,,Gujarat,Ahmedabad
Kittos Sunfish and Chicken Twirls Cat Treat 35 gm,,,,,,,,,,,,,55.54,1,,60.59,,,145.00,,,,,,,,,,,,,,,
,Kittos ,Cat Food,Treats  ,6938,TRANSFER-IN,4208,2026-03-17,2026-04-23,60.59,145.00,145.00,60.59,55.54,1,3,60.59,K6938-3810,K6938-3810,145.00,2027-07-07,2027-07-07,,,178,141,URBANPETS SERVICES PRIVATE LIMITED,,113,Kittos ,ABK Imports Pvt. Ltd,,,Gujarat,Ahmedabad
Kong Squeez Dental Bone -Medium,,,,,,,,,,,,,410.61,1,,410.61,,,999.00,,,,,,,,,,,,,,,
,M-Pets,Toys,Toys,11245,TRANSFER-IN,4186,2026-01-31,2026-04-18,410.61,999.00,999.00,410.61,410.61,1,1,410.61,K11245-3612,K11245-3612,999.00,2026-08-30,2026-08-30,,,223,146,URBANPETS SERVICES PRIVATE LIMITED,,117,Kong ,Shreeji Pet Shop,,,Gujarat,Ahmedabad
LAFK9,,,,,,,,,,,,,244.07,57,,"14,607.55",,,"29,640.00",,,,,,,,,,,,,,,
,Medicines,Medicine & Supplements ,Medicine ,11421,PURCHASE,4019,2026-06-12,2026-06-12,317.29,520.00,520.00,256.27,244.07,57,65,"14,607.55",L11421-6306,L11421-6306,"29,640.00",2028-01-30,2028-01-30,,,91,91,URBANPETS SERVICES PRIVATE LIMITED,,330,ENAVANT,UNIQUE LIFEPULSE,,,Gujarat,Ahmedabad
Lets bite chicken and veg 500 gm,,,,,,,,,,,,,37.37,2,,88.98,,,200.00,,,,,,,,,,,,,,,
,Drools,Dog Food,Dry Food ,11878,TRANSFER-IN,4588,2026-02-21,2026-06-17,44.49,100.00,100.00,44.49,37.37,2,36,88.98,L11878-6512,L11878-6512,200.00,2030-05-30,2030-05-30,,,202,86,URBANPETS SERVICES PRIVATE LIMITED,,67,Drools,PG INDIA LOGISTICS PRIVATE LIMITED,,,Gujarat,Ahmedabad
leyepet - pd eye drops 5 ml,,,,,,,,,,,,,67.14,5,,352.48,,,705.00,,,,,,,,,,,,,,,
,Drools,Medicine & Supplements ,Medicine ,11789,PURCHASE,3454,2026-01-31,2026-01-30,67.14,141.00,150.00,70.50,67.14,5,6,352.48,l11789-9863,l11789-9863,705.00,2027-03-30,2027-03-30,,,223,224,URBANPETS SERVICES PRIVATE LIMITED,,67,Drools,Shreeji Pet Shop,,,Gujarat,Ahmedabad
Lime and Coconut Shampoo Reduce Shedding 355 ml,,,,,,,,,,,,,469.02,1,,492.47,,,"1,150.00",,,,,,,,,,,,,,,
,Tropiclean ,Grooming,Shampoo & Conditioner ,7932,PURCHASE,3440,2026-01-30,2026-01-30,469.02,"1,150.00","1,150.00",492.47,469.02,1,2,492.47,L7932-9415,L7932-9415,"1,150.00",2029-03-09,2029-03-09,,,224,224,URBANPETS SERVICES PRIVATE LIMITED,,219,Tropiclean ,Shreeji Pet Shop,,,Gujarat,Ahmedabad
Livernova 200ml,,,,,,,,,,,,,116.46,34,,"3,959.64",,,"7,199.50",,,,,,,,,,,,,,,
,Medicines,Medicine & Supplements ,Medicine ,11931,PURCHASE,4312,2026-08-14,2026-08-14,116.46,211.75,211.75,116.46,116.46,34,36,"3,959.64",L11931-765,L11931-765,"7,199.50",2028-03-30,2028-03-30,,,28,28,URBANPETS SERVICES PRIVATE LIMITED,,255,other,MAHIMA ENTERPRISE,,,Gujarat,Ahmedabad
Lixen 300 mg,,,,,,,,,,,,,130.12,5,,683.13,,,"1,150.00",,,,,,,,,,,,,,,
,Hygiene,Medicine & Supplements ,Medicine ,3120,PURCHASE,3432,2026-01-30,2026-01-30,130.12,230.00,230.00,136.63,130.12,5,15,683.13,L3120-9199,L3120-9199,"1,150.00",2027-03-30,2027-03-30,,,224,224,URBANPETS SERVICES PRIVATE LIMITED,,102,Hygiene,Shreeji Pet Shop,,,Gujarat,Ahmedabad
Lixen 600 mg,,,,,,,,,,,,,495.44,21,,"3,834.80",,,"6,122.60",,,,,,,,,,,,,,,
,Manufacturer,Medicine & Supplements ,Medicine ,2856,PURCHASE,3423,2026-01-30,2026-01-30,164.06,290.63,290.63,172.26,164.06,1,1,172.26,L2856-8986,L2856-8986,290.63,2026-06-30,2026-06-30,,,224,224,URBANPETS SERVICES PRIVATE LIMITED,,1,Manufacturer,Shreeji Pet Shop,,,Gujarat,Ahmedabad
,Manufacturer,Medicine & Supplements ,Medicine ,2856,PURCHASE,3423,2026-01-30,2026-01-30,156.00,310.00,310.00,163.80,156.00,1,7,163.80,L2856-8987,L2856-8987,310.00,2027-04-30,2027-04-30,,,224,224,URBANPETS SERVICES PRIVATE LIMITED,,1,Manufacturer,Shreeji Pet Shop,,,Gujarat,Ahmedabad
,Manufacturer,Medicine & Supplements ,Medicine ,2856,PURCHASE,3813,2026-04-25,2026-04-25,199.29,290.63,290.63,184.14,175.38,19,28,"3,498.74",L2856-4100,L2856-4100,"5,521.97",2027-07-30,2027-07-30,,,139,139,URBANPETS SERVICES PRIVATE LIMITED,,1,Manufacturer,VIRBAC ANIMAL HEALTH INDIA PRIVATE LIMITED,,,Gujarat,Ahmedabad
Love Jerky Lamb 120gm,,,,,,,,,,,,,96.13,2,,226.87,,,450.00,,,,,,,,,,,,,,,
,Rena,"Treats, Biscuits & Chews ",Treats  ,7445,PURCHASE,3428,2026-01-30,2026-01-30,96.13,225.00,225.00,113.43,96.13,2,4,226.87,L7445-9090,L7445-9090,450.00,2026-10-10,2026-10-10,,,224,224,URBANPETS SERVICES PRIVATE LIMITED,,190,Rena,Shreeji Pet Shop,,,Gujarat,Ahmedabad
Love Roll chicken wrapped bbq rolls 7 Pcs,,,,,,,,,,,,,173.33,4,,792.36,,,"1,700.00",,,,,,,,,,,,,,,
,Rena,"Treats, Biscuits & Chews ",Treats  ,7443,TRANSFER-IN,5079,2026-05-15,2026-08-31,198.09,425.00,425.00,198.09,173.33,4,4,792.36,L7443-556,L7443-556,"1,700.00",2028-03-30,2028-03-30,,,119,11,URBANPETS SERVICES PRIVATE LIMITED,,190,Rena,ABK Imports Pvt. Ltd,,,Gujarat,Ahmedabad
Lozalo Body Splash Ocean 200ml,,,,,,,,,,,,,0.01,4,,0.04,,,"1,396.00",,,,,,,,,,,,,,,
,Lozalo,Grooming,Cream & Spray ,11279,TRANSFER-IN,3852,2026-01-31,2026-02-26,0.01,349.00,349.00,0.01,0.01,4,5,0.04,L11279-1104,L11279-1104,"1,396.00",2026-04-20,2026-04-20,,,223,197,URBANPETS SERVICES PRIVATE LIMITED,,256,Lozalo,Shreeji Pet Shop,,,Gujarat,Ahmedabad
Lozalo Body Splash Rose Bouquet 200 ml,,,,,,,,,,,,,0.01,3,,0.04,,,897.00,,,,,,,,,,,,,,,
,Lozalo,Grooming,Dry Bath & Perfumes ,10075,PURCHASE,3447,2026-01-30,2026-01-30,0.01,299.00,299.00,0.01,0.01,3,4,0.04,L10075-9595,L10075-9595,897.00,2028-05-30,2028-05-30,,,224,224,URBANPETS SERVICES PRIVATE LIMITED,,256,Lozalo,Shreeji Pet Shop,,,Gujarat,Ahmedabad
Lozalo Floral Orchid Shampoo 500ml,,,,,,,,,,,,,0.03,3,,834.03,,,"1,425.00",,,,,,,,,,,,,,,
,Lozalo,Hygiene,Hygiene ,11962,TRANSFER-IN,4562,2026-05-26,2026-06-13,278.01,475.00,475.00,278.01,0.03,3,3,834.03,L11962-6291,L11962-6291,"1,425.00",2026-10-30,2026-10-30,,,108,90,URBANPETS SERVICES PRIVATE LIMITED,,256,Lozalo,BEESPOT BRANDS PVT LTD,,,Gujarat,Ahmedabad
Lozalo Floral Rose Bouquet Shampoo 500ml,,,,,,,,,,,,,0.03,2,,556.02,,,950.00,,,,,,,,,,,,,,,
,Lozalo,Hygiene,Hygiene ,11964,TRANSFER-IN,4562,2026-05-26,2026-06-13,278.01,475.00,475.00,278.01,0.03,2,3,556.02,L11964-6293,L11964-6293,950.00,2027-10-30,2027-10-30,,,108,90,URBANPETS SERVICES PRIVATE LIMITED,,256,Lozalo,BEESPOT BRANDS PVT LTD,,,Gujarat,Ahmedabad
Lozalo Floral Tulip Shampoo 500ml,,,,,,,,,,,,,0.03,1,,278.01,,,475.00,,,,,,,,,,,,,,,
,Lozalo,Hygiene,Hygiene ,11965,TRANSFER-IN,4562,2026-05-26,2026-06-13,278.01,475.00,475.00,278.01,0.03,1,3,278.01,L11965-6292,L11965-6292,475.00,2027-10-30,2027-10-30,,,108,90,URBANPETS SERVICES PRIVATE LIMITED,,256,Lozalo,BEESPOT BRANDS PVT LTD,,,Gujarat,Ahmedabad
LUBRIVATE P EYE DROPS,,,,,,,,,,,,,58.93,26,,"1,608.93",,,"2,681.38",,,,,,,,,,,,,,,
,Manufacturer,Medicine & Supplements ,Medicine ,10634,PURCHASE,3792,2026-04-23,2026-04-23,78.58,103.13,103.13,61.88,58.93,26,60,"1,608.93",L10634-3901,L10634-3901,"2,681.38",2027-08-30,2027-08-30,,,141,141,URBANPETS SERVICES PRIVATE LIMITED,,276,ALL 4 PET,MAHIMA ENTERPRISE,,,Gujarat,Ahmedabad
Lulidila Oint 50gm,,,,,,,,,,,,,80.25,1,,84.26,,,407.81,,,,,,,,,,,,,,,
,Manufacturer,Medicine & Supplements ,Medicine ,10584,PURCHASE,3629,2026-03-10,2026-03-10,80.25,407.81,435.00,84.26,80.25,1,16,84.26,L10584-1945,L10584-1945,407.81,2027-03-30,2027-03-30,,,185,185,URBANPETS SERVICES PRIVATE LIMITED,,255,other,A.S. Pharma,,,Gujarat,Ahmedabad
LUSH ME UP 350ML,,,,,,,,,,,,,233.35,2,,490.04,,,980.00,,,,,,,,,,,,,,,
,Natural Remedies,Grooming,Shampoo & Conditioner ,5951,PURCHASE,3584,2026-03-06,2026-03-06,233.35,490.00,490.00,245.02,233.35,2,12,490.04,L5951-1390,L5951-1390,980.00,2027-08-30,2027-08-30,,,189,189,URBANPETS SERVICES PRIVATE LIMITED,,142,Natural Remedies,FRIENDS MEDICINES,,,Gujarat,Ahmedabad
M-Pets Carbon Training Pads - 30pcs (60x60,,,,,,,,,,,,,675.01,1,,675.01,,,"1,299.00",,,,,,,,,,,,,,,
,M-Pets,Hygiene,Diaper & Training Pads ,2735,TRANSFER-IN,4279,2026-01-30,2026-05-02,675.01,"1,299.00","1,299.00",675.01,675.01,1,1,675.01,M2735-4250,M2735-4250,"1,299.00",2027-10-11,2027-10-11,,,224,132,URBANPETS SERVICES PRIVATE LIMITED,,125,M-Pets,Shreeji Pet Shop,,,Gujarat,Ahmedabad
M-Pets Carbon Training Pads 15pcs 60x60cm,,,,,,,,,,,,,360.28,1,,371.42,,,650.00,,,,,,,,,,,,,,,
,M-Pets,Hygiene,Diaper & Training Pads ,9623,TRANSFER-IN,5040,2026-06-30,2026-08-25,371.42,650.00,650.00,371.42,360.28,1,2,371.42,M9623-194,M9623-194,650.00,2032-06-27,2032-06-27,,,73,17,URBANPETS SERVICES PRIVATE LIMITED,,125,M-Pets,Pet Like That Solutions Llp,,,Gujarat,Ahmedabad
M-Pets Carbon Training Pads Grey 30 pcs 90X60 cm,,,,,,,,,,,,,"1,080.85",1,,"1,134.90",,,"1,950.00",,,,,,,,,,,,,,,
,M-Pets,Hygiene,Diaper & Training Pads ,2740,TRANSFER-IN,4730,2026-06-30,2026-07-06,"1,114.28","1,950.00","1,950.00","1,134.90","1,080.85",1,2,"1,134.90",M2740-7537,M2740-7537,"1,950.00",2032-11-30,2032-11-30,,,73,67,URBANPETS SERVICES PRIVATE LIMITED,,125,M-Pets,Pet Like That Solutions Llp,,,Gujarat,Ahmedabad
M-Pets Cleaning Wipes 100% Bamboo 15X20cm 40 Pcs,,,,,,,,,,,,,154.13,1,,154.13,,,375.00,,,,,,,,,,,,,,,
,M-Pets,Hygiene,Towels & Wipes ,8024,TRANSFER-IN,5018,2026-01-30,2026-08-21,154.13,375.00,375.00,154.13,154.13,1,3,154.13,M8024-2,M8024-2,375.00,2028-08-30,2028-08-30,,,224,21,URBANPETS SERVICES PRIVATE LIMITED,,125,M-Pets,Shreeji Pet Shop,,,Gujarat,Ahmedabad
M-Pets Cleaning Wipes Avocado 15X20cm 40Pcs,,,,,,,,,,,,,122.90,2,,290.05,,,598.00,,,,,,,,,,,,,,,
,M-Pets,Hygiene,Towels & Wipes ,8023,PURCHASE,3440,2026-01-30,2026-01-30,122.90,299.00,299.00,145.02,122.90,2,3,290.05,M8023-9429,M8023-9429,598.00,2028-08-30,2028-08-30,,,224,224,URBANPETS SERVICES PRIVATE LIMITED,,125,M-Pets,Shreeji Pet Shop,,,Gujarat,Ahmedabad
M-Pets Diapers Female Dog L,,,,,,,,,,,,,281.22,2,,562.94,,,"1,300.00",,,,,,,,,,,,,,,
,M-Pets,Hygiene,Diaper & Training Pads ,9639,TRANSFER-IN,3949,2026-01-30,2026-03-12,281.47,650.00,650.00,281.47,281.22,2,2,562.94,M9639-1645,M9639-1645,"1,300.00",2028-08-30,2028-08-30,,,224,183,URBANPETS SERVICES PRIVATE LIMITED,,125,M-Pets,Shreeji Pet Shop,,,Gujarat,Ahmedabad
M-Pets Diapers Female Dog XL,,,,,,,,,,,,,604.84,2,,605.38,,,"1,398.00",,,,,,,,,,,,,,,
,M-Pets,Hygiene,Diaper & Training Pads ,9640,TRANSFER-IN,3949,2026-01-30,2026-03-12,302.69,699.00,699.00,302.69,302.42,1,2,302.69,M9640-1646,M9640-1646,699.00,2028-08-30,2028-08-30,,,224,183,URBANPETS SERVICES PRIVATE LIMITED,,125,M-Pets,Shreeji Pet Shop,,,Gujarat,Ahmedabad
,M-Pets,Hygiene,Diaper & Training Pads ,9640,TRANSFER-IN,4096,2026-01-30,2026-04-03,302.69,699.00,699.00,302.69,302.42,1,1,302.69,M9640-2904,M9640-2904,699.00,2028-08-30,2028-08-30,,,224,161,URBANPETS SERVICES PRIVATE LIMITED,,125,M-Pets,Shreeji Pet Shop,,,Gujarat,Ahmedabad
M-Pets Diapers Male Dog XL,,,,,,,,,,,,,367.75,1,,368.08,,,850.00,,,,,,,,,,,,,,,
,M-Pets,Hygiene,Diaper & Training Pads ,9635,TRANSFER-IN,4004,2026-01-30,2026-03-21,368.08,850.00,850.00,368.08,367.75,1,3,368.08,M9635-2112,M9635-2112,850.00,2028-08-30,2028-08-30,,,224,174,URBANPETS SERVICES PRIVATE LIMITED,,125,M-Pets,Shreeji Pet Shop,,,Gujarat,Ahmedabad
M-Pets Dog Waste Bags Lemon 4x15 bags,,,,,,,,,,,,,105.93,1,,105.93,,,250.00,,,,,,,,,,,,,,,
,M-Pets,Accessories,Others ,71,TRANSFER-IN,5033,2026-01-30,2026-08-24,105.93,250.00,250.00,105.93,105.93,1,2,105.93,M71-155,M71-155,250.00,,,,,224,18,URBANPETS SERVICES PRIVATE LIMITED,,125,M-Pets,Shreeji Pet Shop,,,Gujarat,Ahmedabad
M-Pets FISHBONE Slow Feed Bowl Oval - Green,,,,,,,,,,,,,328.38,1,,387.49,,,775.00,,,,,,,,,,,,,,,
,M-Pets,Bowls & Water Bottle ,Bowl,8143,PURCHASE,3441,2026-01-30,2026-01-30,328.38,775.00,775.00,387.49,328.38,1,1,387.49,M8143-9434,M8143-9434,775.00,,,,,224,224,URBANPETS SERVICES PRIVATE LIMITED,,125,M-Pets,Shreeji Pet Shop,,,Gujarat,Ahmedabad
M-Pets FISHBONE Slow Feed Bowl Oval Orange,,,,,,,,,,,,,328.39,1,,387.50,,,775.00,,,,,,,,,,,,,,,
,M-Pets,Bowls & Water Bottle ,Bowl,8185,PURCHASE,3441,2026-01-30,2026-01-30,328.39,775.00,775.00,387.50,328.39,1,1,387.50,M8185-9440,M8185-9440,775.00,,,,,224,224,URBANPETS SERVICES PRIVATE LIMITED,,125,M-Pets,Shreeji Pet Shop,,,Gujarat,Ahmedabad
M-Pets Grooming Mitt 18x24 cm,,,,,,,,,,,,,575.02,1,,678.52,,,"1,399.00",,,,,,,,,,,,,,,
,M-Pets,Grooming,"Brushes, scissors & Comb ",8148,TRANSFER-IN,4758,2026-01-30,2026-07-10,575.02,"1,399.00","1,399.00",678.52,575.02,1,1,678.52,M8148-7923,M8148-7923,"1,399.00",,,,,224,63,URBANPETS SERVICES PRIVATE LIMITED,,125,M-Pets,Shreeji Pet Shop,,,Gujarat,Ahmedabad
M-Pets Nail Clipper Small 5.5X12.5 cm,,,,,,,,,,,,,48.63,1,,57.38,,,350.00,,,,,,,,,,,,,,,
,M-Pets,Accessories,Trimmer & Nail Cutter ,9580,PURCHASE,3445,2026-01-30,2026-01-30,57.63,350.00,350.00,57.38,48.63,1,1,57.38,M9580-9567,M9580-9567,350.00,,,,,224,224,URBANPETS SERVICES PRIVATE LIMITED,,125,M-Pets,Shreeji Pet Shop,,,Gujarat,Ahmedabad
M-Pets On the Road Foldable Bowl Large 1230 ML,,,,,,,,,,,,,370.76,2,,874.99,,,"1,750.00",,,,,,,,,,,,,,,
,M-Pets,Toys,Toys,8152,PURCHASE,3441,2026-01-30,2026-01-30,370.76,875.00,875.00,437.50,370.76,2,2,874.99,M8152-9438,M8152-9438,"1,750.00",,,,,224,224,URBANPETS SERVICES PRIVATE LIMITED,,125,M-Pets,Shreeji Pet Shop,,,Gujarat,Ahmedabad
M-Pets Plastic Double Bowl Small 2x400ml,,,,,,,,,,,,,133.58,1,,157.62,,,325.00,,,,,,,,,,,,,,,
,M-Pets,Bowls & Water Bottle ,Bowl,8144,PURCHASE,3441,2026-01-30,2026-01-30,133.58,325.00,325.00,157.62,133.58,1,1,157.62,M8144-9435,M8144-9435,325.00,,,,,224,224,URBANPETS SERVICES PRIVATE LIMITED,,125,M-Pets,Shreeji Pet Shop,,,Gujarat,Ahmedabad
M-Pets Plastic Single Bowl (S) 475ML,,,,,,,,,,,,,92.48,2,,218.25,,,450.00,,,,,,,,,,,,,,,
,M-Pets,Bowls & Water Bottle ,Bowl,740,PURCHASE,3412,2026-01-30,2026-01-30,92.48,225.00,225.00,109.13,92.48,2,2,218.25,M740-8678,M740-8678,450.00,,,,,224,224,URBANPETS SERVICES PRIVATE LIMITED,,125,M-Pets,Shreeji Pet Shop,,,Gujarat,Ahmedabad
M-Pets Puppy Training Pads (50pcs) 90x60cm,,,,,,,,,,,,,"1,746.00",1,,"1,800.00",,,"3,150.00",,,,,,,,,,,,,,,
,M-Pets,Hygiene,Diaper & Training Pads ,9624,TRANSFER-IN,5051,2026-06-30,2026-08-26,"1,800.00","3,150.00","3,150.00","1,800.00","1,746.00",1,1,"1,800.00",M9624-266,M9624-266,"3,150.00",2031-12-27,2031-12-27,,,73,16,URBANPETS SERVICES PRIVATE LIMITED,,125,M-Pets,Pet Like That Solutions Llp,,,Gujarat,Ahmedabad
M-Pets Toothpaste Mint Flavour 100ml,,,,,,,,,,,,,122.90,2,,290.04,,,598.00,,,,,,,,,,,,,,,
,M-Pets,Grooming,Dental Care ,7966,PURCHASE,3440,2026-01-30,2026-01-30,122.90,299.00,299.00,145.02,122.90,2,2,290.04,M7966-9420,M7966-9420,598.00,2028-08-30,2028-08-30,,,224,224,URBANPETS SERVICES PRIVATE LIMITED,,125,M-Pets,Shreeji Pet Shop,,,Gujarat,Ahmedabad
Mankind hepamust syrup 200ml,,,,,,,,,,,,,129.94,6,,919.99,,,"1,380.00",,,,,,,,,,,,,,,
,MANKIND,Medicine & Supplements ,Medical Equipment,12159,PURCHASE,4320,2026-08-05,2026-08-05,155.93,230.00,230.00,153.33,129.94,6,6,919.99,M12159-9783,M12159-9783,"1,380.00",2027-05-30,2027-05-30,,,37,37,URBANPETS SERVICES PRIVATE LIMITED,,127,MANKIND,MAHIMA ENTERPRISE,,,Gujarat,Ahmedabad
Maxi Adult 20KG,,,,,,,,,,,,,"1,713.60",29,,"58,639.31",,,"86,971.00",,,,,,,,,,,,,,,
,Maxi,Dog Food,Dry Food ,7287,PURCHASE,4429,2026-09-05,2026-09-05,"2,033.22","2,999.00","2,999.00","2,022.05","1,713.60",29,40,"58,639.31",M7287-1004,M7287-1004,"86,971.00",2027-10-30,2027-10-30,,,6,6,URBANPETS SERVICES PRIVATE LIMITED,,130,Maxi,PG INDIA LOGISTICS PRIVATE LIMITED,,,Gujarat,Ahmedabad
Maxi Cat 20 KG,,,,,,,,,,,,,"1,671.56",2,,"5,151.18",,,"7,598.00",,,,,,,,,,,,,,,
,Maxi,Cat Food,Dry Food ,6907,TRANSFER-IN,5083,2026-08-26,2026-08-31,"2,575.59","3,799.00","3,799.00","2,575.59","1,671.56",2,2,"5,151.18",M6907-586,M6907-586,"7,598.00",2029-08-30,2029-08-30,,,16,11,URBANPETS SERVICES PRIVATE LIMITED,,130,Maxi,PG INDIA LOGISTICS PRIVATE LIMITED,,,Gujarat,Ahmedabad
Maxi Cat Food 500gm,,,,,,,,,,,,,117.69,11,,708.29,,,"1,045.00",,,,,,,,,,,,,,,
,Maxi,Cat Food,Dry Food ,11063,TRANSFER-IN,4518,2025-04-24,2026-06-08,64.39,95.00,95.00,64.39,64.39,3,40,193.17,M11063-5972,M11063-5972,285.00,2027-06-14,2027-06-14,,,505,95,URBANPETS SERVICES PRIVATE LIMITED,,130,Maxi,PG INDIA LOGISTICS PRIVATE LIMITED,,,Gujarat,Ahmedabad
,Maxi,Cat Food,Dry Food ,11063,TRANSFER-IN,4947,2026-07-16,2026-08-08,64.39,95.00,95.00,64.39,53.30,8,40,515.12,M11063-9428,M11063-9428,760.00,2030-10-10,2030-10-10,,,57,34,URBANPETS SERVICES PRIVATE LIMITED,,130,Maxi,PG INDIA LOGISTICS PRIVATE LIMITED,,,Gujarat,Ahmedabad
Maxi Maintenance Adult 20kg,,,,,,,,,,,,,"1,423.22",40,,"67,175.98",,,"111,960.00",,,,,,,,,,,,,,,
,Maxi,Dog Food,Dry Food ,12088,PURCHASE,4447,2026-09-11,2026-09-11,"1,423.22","2,799.00","2,799.00","1,679.40","1,423.22",40,40,"67,175.98",M12088-1170,M12088-1170,"111,960.00",2027-01-30,2027-01-30,,,0,0,URBANPETS SERVICES PRIVATE LIMITED,,130,Maxi,PG INDIA LOGISTICS PRIVATE LIMITED,,,Gujarat,Ahmedabad
Maxi Maintenance Adult 500gm,,,,,,,,,,,,,35.58,6,,213.48,,,510.00,,,,,,,,,,,,,,,
,Maxi,Dog Food,Dry Food ,12090,TRANSFER-IN,5073,2026-07-06,2026-08-29,35.58,85.00,85.00,35.58,35.58,6,6,213.48,M12090-465,M12090-465,510.00,2028-06-28,2028-06-28,,,67,13,URBANPETS SERVICES PRIVATE LIMITED,,130,Maxi,PG INDIA LOGISTICS PRIVATE LIMITED,,,Gujarat,Ahmedabad
Maxi Puppy 20KG,,,,,,,,,,,,,"1,698.46",1,,"2,101.02",,,"2,999.00",,,,,,,,,,,,,,,
,Maxi,Dog Food,Dry Food ,11811,TRANSFER-IN,5100,2026-06-16,2026-09-03,"2,101.02","2,999.00","2,999.00","2,101.02","1,698.46",1,2,"2,101.02",M11811-781,M11811-781,"2,999.00",2028-05-30,2028-05-30,,,87,8,URBANPETS SERVICES PRIVATE LIMITED,,130,Maxi,PG INDIA LOGISTICS PRIVATE LIMITED,,,Gujarat,Ahmedabad
Me-O Kitten Ocean Fish 2.8KG,,,,,,,,,,,,,"1,883.38",4,,"2,712.52",,,"4,110.00",,,,,,,,,,,,,,,
,ME-O,Cat Food,Dry Food ,6831,PURCHASE,3416,2026-01-30,2026-01-30,602.04,960.00,960.00,710.41,602.04,1,2,710.41,M6831-8776,M6831-8776,960.00,2027-02-12,2027-02-12,,,224,224,URBANPETS SERVICES PRIVATE LIMITED,,131,ME-O,Shreeji Pet Shop,,,Gujarat,Ahmedabad
,ME-O,Cat Food,Dry Food ,6831,TRANSFER-IN,5094,2026-08-19,2026-09-02,667.37,"1,050.00","1,050.00",667.37,640.67,1,2,667.37,M6831-729,M6831-729,"1,050.00",2027-12-26,2027-12-26,,,23,9,URBANPETS SERVICES PRIVATE LIMITED,,131,ME-O,Murlidhar Bansidhar,,,Gujarat,Ahmedabad
,ME-O,Cat Food,Dry Food ,6831,TRANSFER-IN,5120,2026-08-19,2026-09-08,667.37,"1,050.00","1,050.00",667.37,640.67,2,2,"1,334.74",M6831-962,M6831-962,"2,100.00",2027-12-26,2027-12-26,,,23,3,URBANPETS SERVICES PRIVATE LIMITED,,131,ME-O,Murlidhar Bansidhar,,,Gujarat,Ahmedabad
Me-O Kitten Ocean Fish 6.8KG,,,,,,,,,,,,,"1,372.88",4,,"5,720.32",,,"9,000.00",,,,,,,,,,,,,,,
,ME-O,Cat Food,Dry Food ,6832,TRANSFER-IN,5127,2026-08-25,2026-09-09,"1,430.08","2,250.00","2,250.00","1,430.08","1,372.88",4,5,"5,720.32",M6832-1016,M6832-1016,"9,000.00",2027-12-30,2027-12-30,,,17,2,URBANPETS SERVICES PRIVATE LIMITED,,131,ME-O,Murlidhar Bansidhar,,,Gujarat,Ahmedabad
Me-O Kitten Tuna Gravy 80G,,,,,,,,,,,,,202.94,4,,263.71,,,375.00,,,,,,,,,,,,,,,
,ME-O,Cat Food,Wet Food ,6782,PURCHASE,3442,2026-01-30,2026-01-30,144.91,225.00,225.00,170.99,144.91,1,1,170.99,M6782-9481,M6782-9481,225.00,2027-03-27,2027-03-27,,,224,224,URBANPETS SERVICES PRIVATE LIMITED,,131,ME-O,Shreeji Pet Shop,,,Gujarat,Ahmedabad
,ME-O,Cat Food,Wet Food ,6782,TRANSFER-IN,4217,2026-04-22,2026-04-24,29.56,50.00,50.00,29.56,29.56,2,36,59.12,M6782-3847,M6782-3847,100.00,2028-01-30,2028-01-30,,,142,140,URBANPETS SERVICES PRIVATE LIMITED,,131,ME-O,Castor and Pullox,,,Gujarat,Ahmedabad
,ME-O,Cat Food,Wet Food ,6782,TRANSFER-IN,4784,2026-07-08,2026-07-15,29.66,50.00,50.00,33.60,28.47,1,24,33.60,M6782-8086,M6782-8086,50.00,2028-03-13,2028-03-13,,,65,58,URBANPETS SERVICES PRIVATE LIMITED,,131,ME-O,Murlidhar Bansidhar,,,Gujarat,Ahmedabad
Me-O Mackeral In Jelly 80G,,,,,,,,,,,,,59.49,15,,468.30,,,735.00,,,,,,,,,,,,,,,
,ME-O,Cat Food,Wet Food ,6819,TRANSFER-IN,3830,2026-01-30,2026-02-24,28.98,45.00,45.00,28.98,28.98,3,12,86.94,M6819-949,M6819-949,135.00,2026-12-19,2026-12-19,,,224,199,URBANPETS SERVICES PRIVATE LIMITED,,131,ME-O,Shreeji Pet Shop,,,Gujarat,Ahmedabad
,ME-O,Cat Food,Wet Food ,6819,TRANSFER-IN,5101,2026-07-20,2026-09-03,31.78,50.00,50.00,31.78,30.51,12,12,381.36,M6819-788,M6819-788,600.00,2027-12-23,2027-12-23,,,53,8,URBANPETS SERVICES PRIVATE LIMITED,,131,ME-O,Murlidhar Bansidhar,,,Gujarat,Ahmedabad
Me-O Ocean Fish Gravy 80G,,,,,,,,,,,,,52.62,25,,829.77,,,"1,240.00",,,,,,,,,,,,,,,
,ME-O,Cat Food,Wet Food ,6808,PURCHASE,3442,2026-01-30,2026-01-30,24.15,45.00,45.00,28.50,24.15,2,12,56.99,M6808-9489,M6808-9489,90.00,2027-04-14,2027-04-14,,,224,224,URBANPETS SERVICES PRIVATE LIMITED,,131,ME-O,Shreeji Pet Shop,,,Gujarat,Ahmedabad
,ME-O,Cat Food,Wet Food ,6808,TRANSFER-IN,4804,2026-07-08,2026-07-18,29.66,50.00,50.00,33.60,28.47,23,48,772.78,M6808-8252,M6808-8252,"1,150.00",2028-03-30,2028-03-30,,,65,55,URBANPETS SERVICES PRIVATE LIMITED,,131,ME-O,Murlidhar Bansidhar,,,Gujarat,Ahmedabad
Me-O Tuna 3KG,,,,,,,,,,,,,646.78,2,,"1,347.46",,,"2,120.00",,,,,,,,,,,,,,,
,ME-O,Cat Food,Dry Food ,6825,TRANSFER-IN,5120,2026-08-25,2026-09-08,673.73,"1,060.00","1,060.00",673.73,646.78,2,2,"1,347.46",M6825-963,M6825-963,"2,120.00",2028-11-30,2028-11-30,,,17,3,URBANPETS SERVICES PRIVATE LIMITED,,131,ME-O,Murlidhar Bansidhar,,,Gujarat,Ahmedabad
Me-O Tuna In Jelly 80G,,,,,,,,,,,,,177.11,26,,"3,057.90",,,"4,100.00",,,,,,,,,,,,,,,
,ME-O,Cat Food,Wet Food ,6800,PURCHASE,3442,2026-01-30,2026-01-30,144.91,225.00,225.00,170.99,144.91,16,24,"2,735.90",M6800-9486,M6800-9486,"3,600.00",2026-12-11,2026-12-11,,,224,224,URBANPETS SERVICES PRIVATE LIMITED,,131,ME-O,Shreeji Pet Shop,,,Gujarat,Ahmedabad
,ME-O,Cat Food,Wet Food ,6800,TRANSFER-IN,4961,2026-02-11,2026-08-11,32.20,50.00,50.00,32.20,32.20,10,24,322.00,M6800-9515,M6800-9515,500.00,2027-08-30,2027-08-30,,,212,31,URBANPETS SERVICES PRIVATE LIMITED,,131,ME-O,Castor and Pullox,,,Gujarat,Ahmedabad
megaflex 100 GM,,,,,,,,,,,,,978.92,13,,"4,851.36",,,"8,541.00",,,,,,,,,,,,,,,
,Manufacturer,Medicine & Supplements ,Supplements ,3085,PURCHASE,3430,2026-01-30,2026-01-30,307.64,657.00,657.00,363.02,307.64,9,31,"3,267.14",m3085-9167,m3085-9167,"5,913.00",2026-12-31,2026-12-31,,,224,224,URBANPETS SERVICES PRIVATE LIMITED,,1,Manufacturer,Shreeji Pet Shop,,,Gujarat,Ahmedabad
,Manufacturer,Medicine & Supplements ,Supplements ,3085,PURCHASE,3432,2026-01-30,2026-01-30,335.64,657.00,657.00,396.06,335.64,2,2,792.11,m3085-9193,m3085-9193,"1,314.00",2026-12-31,2026-12-31,,,224,224,URBANPETS SERVICES PRIVATE LIMITED,,1,Manufacturer,Shreeji Pet Shop,,,Gujarat,Ahmedabad
,Manufacturer,Medicine & Supplements ,Supplements ,3085,PURCHASE,3432,2026-01-30,2026-01-30,335.64,657.00,657.00,396.06,335.64,2,2,792.11,m3085-9194,m3085-9194,"1,314.00",2026-12-31,2026-12-31,,,224,224,URBANPETS SERVICES PRIVATE LIMITED,,1,Manufacturer,Shreeji Pet Shop,,,Gujarat,Ahmedabad
Megmazid 600 MG Tab,,,,,,,,,,,,,84.00,265,,"5,843.25",,,"10,095.10",,,,,,,,,,,,,,,
,other,Medicine & Supplements ,Medicine ,10393,PURCHASE,3453,2026-01-30,2026-01-30,21.00,38.10,38.10,22.05,21.00,1,300,22.05,M10393-9754,M10393-9754,38.10,2027-07-30,2027-07-30,,,224,224,URBANPETS SERVICES PRIVATE LIMITED,,255,other,Shreeji Pet Shop,,,Gujarat,Ahmedabad
,other,Medicine & Supplements ,Medicine ,10393,PURCHASE,3909,2026-05-19,2026-05-19,21.00,37.40,38.10,22.05,21.00,1,250,22.05,M10393-5086,M10393-5086,37.40,2027-06-30,2027-06-30,,,115,115,URBANPETS SERVICES PRIVATE LIMITED,,255,other,integrated healthcare,,,Gujarat,Ahmedabad
,other,Medicine & Supplements ,Medicine ,10393,PURCHASE,4084,2026-06-27,2026-06-27,21.00,38.00,38.00,22.05,21.00,7,300,154.35,M10393-7156,M10393-7156,266.00,2027-11-30,2027-11-30,,,76,76,URBANPETS SERVICES PRIVATE LIMITED,,255,other,integrated healthcare,,,Gujarat,Ahmedabad
,other,Medicine & Supplements ,Medicine ,10393,PURCHASE,4327,2026-08-14,2026-08-14,21.00,38.10,38.10,22.05,21.00,256,300,"5,644.80",M10393-9836,M10393-9836,"9,753.60",2027-11-30,2027-11-30,,,28,28,URBANPETS SERVICES PRIVATE LIMITED,,255,other,integrated healthcare,,,Gujarat,Ahmedabad
MeO Creamy Treat Bonito 300G,,,,,,,,,,,,,253.92,3,,810.39,,,"1,275.00",,,,,,,,,,,,,,,
,ME-O,Cat Food,Treats  ,6840,TRANSFER-IN,5132,2026-08-25,2026-09-09,270.13,425.00,425.00,270.13,253.92,3,5,810.39,M6840-1039,M6840-1039,"1,275.00",2028-05-30,2028-05-30,,,17,2,URBANPETS SERVICES PRIVATE LIMITED,,131,ME-O,Murlidhar Bansidhar,,,Gujarat,Ahmedabad
MeO Creamy Treat Bonito 60G,,,,,,,,,,,,,65.72,2,,139.84,,,220.00,,,,,,,,,,,,,,,
,ME-O,Cat Food,Treats  ,6833,TRANSFER-IN,5132,2026-08-25,2026-09-09,69.92,110.00,110.00,69.92,65.72,2,10,139.84,M6833-1045,M6833-1045,220.00,2028-05-30,2028-05-30,,,17,2,URBANPETS SERVICES PRIVATE LIMITED,,131,ME-O,Murlidhar Bansidhar,,,Gujarat,Ahmedabad
MeO Creamy Treat Chicken and Liver 300G,,,,,,,,,,,,,253.92,1,,270.13,,,425.00,,,,,,,,,,,,,,,
,ME-O,Cat Food,Treats  ,6839,TRANSFER-IN,5132,2026-08-25,2026-09-09,270.13,425.00,425.00,270.13,253.92,1,5,270.13,M6839-1038,M6839-1038,425.00,2028-05-30,2028-05-30,,,17,2,URBANPETS SERVICES PRIVATE LIMITED,,131,ME-O,Murlidhar Bansidhar,,,Gujarat,Ahmedabad
MeO Creamy Treat Chicken and Liver 60G,,,,,,,,,,,,,125.47,3,,203.40,,,320.00,,,,,,,,,,,,,,,
,ME-O,Cat Food,Wet Food ,6922,TRANSFER-IN,4902,2026-07-20,2026-08-03,63.56,100.00,100.00,63.56,59.75,1,3,63.56,M6922-8996,M6922-8996,100.00,2028-01-30,2028-01-30,,,53,39,URBANPETS SERVICES PRIVATE LIMITED,,131,ME-O,Murlidhar Bansidhar,,,Gujarat,Ahmedabad
,ME-O,Cat Food,Wet Food ,6922,TRANSFER-IN,5132,2026-08-25,2026-09-09,69.92,110.00,110.00,69.92,65.72,2,10,139.84,M6922-1043,M6922-1043,220.00,2028-05-30,2028-05-30,,,17,2,URBANPETS SERVICES PRIVATE LIMITED,,131,ME-O,Murlidhar Bansidhar,,,Gujarat,Ahmedabad
MeO Creamy Treat Crab 300G,,,,,,,,,,,,,507.84,3,,810.39,,,"1,275.00",,,,,,,,,,,,,,,
,ME-O,Cat Food,Treats  ,6838,TRANSFER-IN,5095,2026-08-25,2026-09-02,270.13,425.00,425.00,270.13,253.92,1,5,270.13,M6838-730,M6838-730,425.00,2028-05-30,2028-05-30,,,17,9,URBANPETS SERVICES PRIVATE LIMITED,,131,ME-O,Murlidhar Bansidhar,,,Gujarat,Ahmedabad
,ME-O,Cat Food,Treats  ,6838,TRANSFER-IN,5132,2026-08-25,2026-09-09,270.13,425.00,425.00,270.13,253.92,2,2,540.26,M6838-1041,M6838-1041,850.00,2028-05-30,2028-05-30,,,17,2,URBANPETS SERVICES PRIVATE LIMITED,,131,ME-O,Murlidhar Bansidhar,,,Gujarat,Ahmedabad
MeO Creamy Treat Crab 60G,,,,,,,,,,,,,65.72,2,,139.84,,,220.00,,,,,,,,,,,,,,,
,ME-O,Cat Food,Treats  ,6921,TRANSFER-IN,5132,2026-08-25,2026-09-09,69.92,110.00,110.00,69.92,65.72,2,5,139.84,M6921-1042,M6921-1042,220.00,2028-05-30,2028-05-30,,,17,2,URBANPETS SERVICES PRIVATE LIMITED,,131,ME-O,Murlidhar Bansidhar,,,Gujarat,Ahmedabad
MeO Creamy Treat Salmon 300G,,,,,,,,,,,,,507.84,6,,"1,620.78",,,"2,550.00",,,,,,,,,,,,,,,
,ME-O,Cat Food,Treats  ,6837,TRANSFER-IN,5094,2026-08-25,2026-09-02,270.13,425.00,425.00,270.13,253.92,3,3,810.39,M6837-722,M6837-722,"1,275.00",2028-05-30,2028-05-30,,,17,9,URBANPETS SERVICES PRIVATE LIMITED,,131,ME-O,Murlidhar Bansidhar,,,Gujarat,Ahmedabad
,ME-O,Cat Food,Treats  ,6837,TRANSFER-IN,5132,2026-08-25,2026-09-09,270.13,425.00,425.00,270.13,253.92,3,3,810.39,M6837-1040,M6837-1040,"1,275.00",2028-05-30,2028-05-30,,,17,2,URBANPETS SERVICES PRIVATE LIMITED,,131,ME-O,Murlidhar Bansidhar,,,Gujarat,Ahmedabad
MeO Creamy Treats Salmon 60G,,,,,,,,,,,,,125.47,3,,203.40,,,320.00,,,,,,,,,,,,,,,
,ME-O,Cat Food,Treats  ,6920,TRANSFER-IN,4961,2026-07-20,2026-08-11,63.56,100.00,100.00,63.56,59.75,1,3,63.56,M6920-9521,M6920-9521,100.00,2028-03-06,2028-03-06,,,53,31,URBANPETS SERVICES PRIVATE LIMITED,,131,ME-O,Murlidhar Bansidhar,,,Gujarat,Ahmedabad
,ME-O,Cat Food,Treats  ,6920,TRANSFER-IN,5132,2026-08-25,2026-09-09,69.92,110.00,110.00,69.92,65.72,2,5,139.84,M6920-1044,M6920-1044,220.00,2028-05-30,2028-05-30,,,17,2,URBANPETS SERVICES PRIVATE LIMITED,,131,ME-O,Murlidhar Bansidhar,,,Gujarat,Ahmedabad
MeO Delight Tuna in Jelly 70G,,,,,,,,,,,,,90.16,3,,159.58,,,210.00,,,,,,,,,,,,,,,
,ME-O,Cat Food,Wet Food ,6842,PURCHASE,3416,2026-01-30,2026-01-30,45.08,70.00,70.00,53.19,45.08,1,21,53.19,M6842-8787,M6842-8787,70.00,2026-07-23,2026-07-23,,,224,224,URBANPETS SERVICES PRIVATE LIMITED,,131,ME-O,Shreeji Pet Shop,,,Gujarat,Ahmedabad
,ME-O,Cat Food,Wet Food ,6842,PURCHASE,3416,2026-01-30,2026-01-30,45.08,70.00,70.00,53.20,45.08,2,2,106.39,M6842-8788,M6842-8788,140.00,2026-08-30,2026-08-30,,,224,224,URBANPETS SERVICES PRIVATE LIMITED,,131,ME-O,Shreeji Pet Shop,,,Gujarat,Ahmedabad
Merical Pet D S 60 TABLET,,,,,,,,,,,,,395.30,105,,"24,783.41",,,"43,196.00",,,,,,,,,,,,,,,
,Hygiene,Medicine & Supplements ,Medicine ,2936,PURCHASE,3592,2026-03-06,2026-03-06,194.49,400.00,400.00,229.50,194.49,13,100,"2,983.48",M2936-6481,M2936-6481,"5,200.00",2027-03-30,2027-03-30,,,189,189,URBANPETS SERVICES PRIVATE LIMITED,,102,Hygiene,VETOQUINOL INDIA ANIAML HEALTH PRIVATE LIMITED,,,Gujarat,Ahmedabad
,Hygiene,Medicine & Supplements ,Medicine ,2936,PURCHASE,4253,2026-07-31,2026-07-31,200.81,413.00,413.00,236.96,200.81,92,100,"21,799.93",M2936-9160,M2936-9160,"37,996.00",2027-08-30,2027-08-30,,,42,42,URBANPETS SERVICES PRIVATE LIMITED,,102,Hygiene,VETOQUINOL INDIA ANIAML HEALTH PRIVATE LIMITED,,,Gujarat,Ahmedabad
MERICAL PET DS SYRUP,,,,,,,,,,,,,95.00,32,,"3,587.20",,,"6,336.00",,,,,,,,,,,,,,,
,Hygiene,Medicine & Supplements ,Supplements ,2794,PURCHASE,3423,2026-01-30,2026-01-30,95.00,198.00,198.00,112.10,95.00,32,50,"3,587.20",M2794-8965,M2794-8965,"6,336.00",2027-07-30,2027-07-30,,,224,224,URBANPETS SERVICES PRIVATE LIMITED,,102,Hygiene,Shreeji Pet Shop,,,Gujarat,Ahmedabad
Metal Cage 24 Inch,,,,,,,,,,,,,"1,228.81",1,,"1,450.00",,,"2,900.00",,,,,,,,,,,,,,,
,Manufacturer,Accessories,Cage & Crates,262,PURCHASE,3823,2026-04-27,2026-04-27,"1,228.81","2,900.00","2,900.00","1,450.00","1,228.81",1,1,"1,450.00",C262-4171,C262-4171,"2,900.00",,,,,137,137,URBANPETS SERVICES PRIVATE LIMITED,,1,Manufacturer,MAHIMA ENTERPRISE,,,Gujarat,Ahmedabad
Milbemax 12.5/125MG,,,,,,,,,,,,,129.17,267,,"36,213.64",,,"60,208.50",,,,,,,,,,,,,,,
,other,Medicine & Supplements ,Medicine ,10238,PURCHASE,4094,2026-06-25,2026-06-25,131.14,225.50,225.50,135.63,129.17,267,288,"36,213.64",M10238-7222,M10238-7222,"60,208.50",2027-12-30,2027-12-30,,,78,78,URBANPETS SERVICES PRIVATE LIMITED,,255,other,ELANCO INDIA PVT LTD ( Gujarat ),,,Gujarat,Ahmedabad
Milky Chew Bone Style 15pcs,,,,,,,,,,,,,170.48,1,,185.97,,,399.00,,,,,,,,,,,,,,,
,Dogaholic ,"Treats, Biscuits & Chews ",Treats  ,7732,TRANSFER-IN,4706,2026-06-16,2026-07-01,185.97,399.00,399.00,185.97,170.48,1,4,185.97,M7732-7298,M7732-7298,399.00,2028-03-09,2028-03-09,,,87,72,URBANPETS SERVICES PRIVATE LIMITED,,63,Dogaholic ,ABK Imports Pvt. Ltd,,,Gujarat,Ahmedabad
Milky Chew Chicken Bone Style 10pc,,,,,,,,,,,,,199.26,2,,442.80,,,950.00,,,,,,,,,,,,,,,
,Dogaholic ,"Treats, Biscuits & Chews ",Treats  ,7393,TRANSFER-IN,4971,2026-07-31,2026-08-13,221.40,475.00,475.00,221.40,199.26,2,3,442.80,M7393-9585,M7393-9585,950.00,2028-02-10,2028-02-10,,,42,29,URBANPETS SERVICES PRIVATE LIMITED,,63,Dogaholic ,ABK Imports Pvt. Ltd,,,Gujarat,Ahmedabad
Milky Chew Chicken Stick Style 10 pcs,,,,,,,,,,,,,398.52,5,,"1,107.00",,,"2,375.00",,,,,,,,,,,,,,,
,Dogaholic ,"Treats, Biscuits & Chews ",Treats  ,7434,TRANSFER-IN,4971,2026-07-31,2026-08-13,221.40,475.00,475.00,221.40,199.26,2,3,442.80,M7434-9586,M7434-9586,950.00,2028-04-09,2028-04-09,,,42,29,URBANPETS SERVICES PRIVATE LIMITED,,63,Dogaholic ,ABK Imports Pvt. Ltd,,,Gujarat,Ahmedabad
,Dogaholic ,"Treats, Biscuits & Chews ",Treats  ,7434,TRANSFER-IN,5056,2026-07-31,2026-08-27,221.40,475.00,475.00,221.40,199.26,3,3,664.20,M7434-380,M7434-380,"1,425.00",2028-04-09,2028-04-09,,,42,15,URBANPETS SERVICES PRIVATE LIMITED,,63,Dogaholic ,ABK Imports Pvt. Ltd,,,Gujarat,Ahmedabad
Milky Chew Stick Style 30pcs,,,,,,,,,,,,,369.74,5,,"1,000.71",,,"2,147.00",,,,,,,,,,,,,,,
,Dogaholic ,"Treats, Biscuits & Chews ",Treats  ,4649,TRANSFER-IN,4698,2026-06-16,2026-06-30,185.97,399.00,399.00,185.97,170.48,3,5,557.91,M4649-7255,M4649-7255,"1,197.00",2028-04-09,2028-04-09,,,87,73,URBANPETS SERVICES PRIVATE LIMITED,,63,Dogaholic ,ABK Imports Pvt. Ltd,,,Gujarat,Ahmedabad
,Dogaholic ,"Treats, Biscuits & Chews ",Treats  ,4649,TRANSFER-IN,5101,2026-07-31,2026-09-03,221.40,475.00,475.00,221.40,199.26,2,5,442.80,M4649-795,M4649-795,950.00,2028-04-09,2028-04-09,,,42,8,URBANPETS SERVICES PRIVATE LIMITED,,63,Dogaholic ,ABK Imports Pvt. Ltd,,,Gujarat,Ahmedabad
Moochie Gravy Boost Immune 85g,,,,,,,,,,,,,32.29,19,,626.05,,,"1,140.00",,,,,,,,,,,,,,,
,Moochie,Dog Food,Wet Food ,2215,TRANSFER-IN,5056,2026-06-10,2026-08-27,32.95,60.00,60.00,32.95,32.29,19,24,626.05,M2215-371,M2215-371,"1,140.00",2028-04-03,2028-04-03,,,93,15,URBANPETS SERVICES PRIVATE LIMITED,,137,Moochie,Shri Krishna International,,,Gujarat,Ahmedabad
Moochie Gravy Digestive Care 85g,,,,,,,,,,,,,32.29,19,,626.05,,,"1,140.00",,,,,,,,,,,,,,,
,Moochie,Dog Food,Wet Food ,2217,TRANSFER-IN,5056,2026-06-10,2026-08-27,32.95,60.00,60.00,32.95,32.29,19,24,626.05,M2217-372,M2217-372,"1,140.00",2028-04-03,2028-04-03,,,93,15,URBANPETS SERVICES PRIVATE LIMITED,,137,Moochie,Shri Krishna International,,,Gujarat,Ahmedabad
Moochie Gravy Fit Firm 85g,,,,,,,,,,,,,32.29,21,,691.95,,,"1,260.00",,,,,,,,,,,,,,,
,Moochie,Dog Food,Wet Food ,2214,TRANSFER-IN,5056,2026-06-10,2026-08-27,32.95,60.00,60.00,32.95,32.29,21,24,691.95,M2214-369,M2214-369,"1,260.00",2028-04-05,2028-04-05,,,93,15,URBANPETS SERVICES PRIVATE LIMITED,,137,Moochie,Shri Krishna International,,,Gujarat,Ahmedabad
Moochie Gravy Healthy Growth 85g,,,,,,,,,,,,,32.29,19,,626.05,,,"1,140.00",,,,,,,,,,,,,,,
,Moochie,Dog Food,Wet Food ,10169,TRANSFER-IN,5056,2026-06-10,2026-08-27,32.95,60.00,60.00,32.95,32.29,19,24,626.05,M10169-370,M10169-370,"1,140.00",2028-04-03,2028-04-03,,,93,15,URBANPETS SERVICES PRIVATE LIMITED,,137,Moochie,Shri Krishna International,,,Gujarat,Ahmedabad
Moochie gravy Skin Coat  85gm,,,,,,,,,,,,,32.29,19,,626.05,,,"1,140.00",,,,,,,,,,,,,,,
,Moochie,Dog Food,Wet Food ,2216,TRANSFER-IN,5056,2026-06-10,2026-08-27,32.95,60.00,60.00,32.95,32.29,19,24,626.05,M2216-368,M2216-368,"1,140.00",2028-04-06,2028-04-06,,,93,15,URBANPETS SERVICES PRIVATE LIMITED,,137,Moochie,Shri Krishna International,,,Gujarat,Ahmedabad
Moochie Gravy Weight Control 85g,,,,,,,,,,,,,32.29,19,,626.05,,,"1,140.00",,,,,,,,,,,,,,,
,Moochie,Dog Food,Wet Food ,10170,TRANSFER-IN,5056,2026-06-10,2026-08-27,32.95,60.00,60.00,32.95,32.29,19,24,626.05,M10170-373,M10170-373,"1,140.00",2028-04-05,2028-04-05,,,93,15,URBANPETS SERVICES PRIVATE LIMITED,,137,Moochie,Shri Krishna International,,,Gujarat,Ahmedabad
MPS Liposomal Apigenin  Tab 500mg,,,,,,,,,,,,,966.00,6,,"3,419.64",,,"5,700.00",,,,,,,,,,,,,,,
,Ecora,Medicine & Supplements ,Medicine ,11471,PURCHASE,4126,2026-07-04,2026-07-04,483.00,950.00,950.00,569.94,483.00,1,30,569.94,M11471-7497,M11471-7497,950.00,2027-08-31,2027-08-31,,,69,69,URBANPETS SERVICES PRIVATE LIMITED,,332,Ecora,integrated healthcare,,,Gujarat,Ahmedabad
,Ecora,Medicine & Supplements ,Medicine ,11471,PURCHASE,4327,2026-08-14,2026-08-14,483.00,950.00,950.00,569.94,483.00,5,30,"2,849.70",M11471-9837,M11471-9837,"4,750.00",2027-08-30,2027-08-30,,,28,28,URBANPETS SERVICES PRIVATE LIMITED,,332,Ecora,integrated healthcare,,,Gujarat,Ahmedabad
MPS Mullein Lung Support Tab 3500mg,,,,,,,,,,,,,936.00,19,,"7,077.64",,,"11,090.00",,,,,,,,,,,,,,,
,Ecora,Medicine & Supplements ,Medicine ,11472,PURCHASE,3909,2026-05-19,2026-05-19,340.00,630.00,630.00,401.20,340.00,8,10,"3,209.60",M11472-5084,M11472-5084,"5,040.00",2027-08-30,2027-08-30,,,115,115,URBANPETS SERVICES PRIVATE LIMITED,,332,Ecora,integrated healthcare,,,Gujarat,Ahmedabad
,Ecora,Medicine & Supplements ,Medicine ,11472,PURCHASE,3909,2026-05-19,2026-05-19,298.00,550.00,550.00,351.64,298.00,9,11,"3,164.76",M11472-5083,M11472-5083,"4,950.00",2027-04-30,2027-04-30,,,115,115,URBANPETS SERVICES PRIVATE LIMITED,,332,Ecora,integrated healthcare,,,Gujarat,Ahmedabad
,Ecora,Medicine & Supplements ,Medicine ,11472,PURCHASE,3449,2026-01-30,2026-01-30,298.00,550.00,550.00,351.64,298.00,2,13,703.28,M11472-9651,M11472-9651,"1,100.00",2026-09-30,2026-09-30,,,224,224,URBANPETS SERVICES PRIVATE LIMITED,,332,Ecora,Shreeji Pet Shop,,,Gujarat,Ahmedabad
mps nad precursor niconinamide riboside,,,,,,,,,,,,,791.00,4,,"3,733.52",,,"5,600.00",,,,,,,,,,,,,,,
,Medicines,Medicine & Supplements ,Medicine ,11822,PURCHASE,4158,2026-07-14,2026-07-14,791.00,"1,400.00","1,400.00",933.38,791.00,4,6,"3,733.52",m11822-8017,m11822-8017,"5,600.00",2027-07-30,2027-07-30,,,59,59,URBANPETS SERVICES PRIVATE LIMITED,,253,Integrated Healthcare,integrated healthcare,,,Gujarat,Ahmedabad
Muvera 15MG Tab.,,,,,,,,,,,,,72.75,2,,152.78,,,210.00,,,,,,,,,,,,,,,
,other,Medicine & Supplements ,Medicine ,10405,PURCHASE,3453,2026-01-30,2026-01-30,72.75,105.00,105.00,76.39,72.75,2,2,152.78,M10405-9756,M10405-9756,210.00,2026-10-30,2026-10-30,,,224,224,URBANPETS SERVICES PRIVATE LIMITED,,255,other,Shreeji Pet Shop,,,Gujarat,Ahmedabad
Muzzle Plastic S 17CM Black,,,,,,,,,,,,,469.15,6,,"1,100.16",,,"2,250.00",,,,,,,,,,,,,,,
,Trixie,Accessories,E-collar & Muzzle ,8317,PURCHASE,3441,2026-01-30,2026-01-30,158.90,375.00,375.00,187.50,158.90,1,2,187.50,M8317-9442,M8317-9442,375.00,,,,,224,224,URBANPETS SERVICES PRIVATE LIMITED,,218,Trixie,Shreeji Pet Shop,,,Gujarat,Ahmedabad
,Trixie,Accessories,E-collar & Muzzle ,8317,PURCHASE,3441,2026-01-30,2026-01-30,157.31,375.00,375.00,185.63,157.31,2,2,371.25,M8317-9443,M8317-9443,750.00,,,,,224,224,URBANPETS SERVICES PRIVATE LIMITED,,218,Trixie,Shreeji Pet Shop,,,Gujarat,Ahmedabad
,Trixie,Accessories,E-collar & Muzzle ,8317,PURCHASE,3441,2026-01-30,2026-01-30,152.94,375.00,375.00,180.47,152.94,3,3,541.41,M8317-9444,M8317-9444,"1,125.00",,,,,224,224,URBANPETS SERVICES PRIVATE LIMITED,,218,Trixie,Shreeji Pet Shop,,,Gujarat,Ahmedabad
My Beau Avian For Birds 300ML,,,,,,,,,,,,,620.51,2,,"1,464.40",,,"2,750.00",,,,,,,,,,,,,,,
,My Beau ,Medicine & Supplements ,Supplements ,3097,PURCHASE,3432,2026-01-30,2026-01-30,620.51,"1,375.00","1,375.00",732.20,620.51,2,2,"1,464.40",M3097-9195,M3097-9195,"2,750.00",2026-08-30,2026-08-30,,,224,224,URBANPETS SERVICES PRIVATE LIMITED,,139,My Beau ,Shreeji Pet Shop,,,Gujarat,Ahmedabad
My Beau Bone and Joint 300ML,,,,,,,,,,,,,"3,461.80",4,,"4,646.12",,,"8,475.00",,,,,,,,,,,,,,,
,My Beau ,Medicine & Supplements ,Supplements ,7333,TRANSFER-IN,4774,2026-02-18,2026-07-14,"1,093.16","2,025.00","2,025.00","1,093.16","1,093.16",1,1,"1,093.16",M7333-8026,M7333-8026,"2,025.00",2028-05-30,2028-05-30,,,205,59,URBANPETS SERVICES PRIVATE LIMITED,,29,Bharat International Pet Foods,Orange Pet Nutrition Pvt Ltd,,,Gujarat,Ahmedabad
,My Beau ,Medicine & Supplements ,Supplements ,7333,TRANSFER-IN,4938,2026-07-11,2026-08-07,"1,184.32","2,150.00","2,150.00","1,184.32","1,184.32",1,3,"1,184.32",M7333-9345,M7333-9345,"2,150.00",2028-03-13,2028-03-13,,,62,35,URBANPETS SERVICES PRIVATE LIMITED,,29,Bharat International Pet Foods,Orange Pet Nutrition Pvt Ltd,,,Gujarat,Ahmedabad
,My Beau ,Medicine & Supplements ,Supplements ,7333,TRANSFER-IN,5028,2026-07-11,2026-08-22,"1,184.32","2,150.00","2,150.00","1,184.32","1,184.32",2,2,"2,368.64",M7333-60,M7333-60,"4,300.00",2028-03-13,2028-03-13,,,62,20,URBANPETS SERVICES PRIVATE LIMITED,,29,Bharat International Pet Foods,Orange Pet Nutrition Pvt Ltd,,,Gujarat,Ahmedabad
My Beau Dental and Breath 300 ml,,,,,,,,,,,,,"1,093.16",3,,"3,869.78",,,"6,075.00",,,,,,,,,,,,,,,
,My Beau ,Medicine & Supplements ,Supplements ,11214,TRANSFER-IN,4774,2026-01-31,2026-07-14,"1,093.16","2,025.00","2,025.00","1,289.93","1,093.16",3,3,"3,869.78",M11214-8028,M11214-8028,"6,075.00",2028-06-01,2028-06-01,,,223,59,URBANPETS SERVICES PRIVATE LIMITED,,139,My Beau ,Shreeji Pet Shop,,,Gujarat,Ahmedabad
My Beau Skin and Hair 300ML,,,,,,,,,,,,,"2,368.64",4,,"4,737.28",,,"8,600.00",,,,,,,,,,,,,,,
,My Beau ,Medicine & Supplements ,Supplements ,7321,TRANSFER-IN,5028,2026-06-11,2026-08-22,"1,184.32","2,150.00","2,150.00","1,184.32","1,184.32",1,6,"1,184.32",M7321-59,M7321-59,"2,150.00",2028-01-30,2028-01-30,,,92,20,URBANPETS SERVICES PRIVATE LIMITED,,29,Bharat International Pet Foods,Orange Pet Nutrition Pvt Ltd,,,Gujarat,Ahmedabad
,My Beau ,Medicine & Supplements ,Supplements ,7321,TRANSFER-IN,5110,2026-07-11,2026-09-05,"1,184.32","2,150.00","2,150.00","1,184.32","1,184.32",3,3,"3,552.96",M7321-920,M7321-920,"6,450.00",2028-03-13,2028-03-13,,,62,6,URBANPETS SERVICES PRIVATE LIMITED,,29,Bharat International Pet Foods,Orange Pet Nutrition Pvt Ltd,,,Gujarat,Ahmedabad
My Beau Vision and Optics 300ML,,,,,,,,,,,,,"2,368.64",4,,"4,737.28",,,"8,600.00",,,,,,,,,,,,,,,
,My Beau ,Medicine & Supplements ,Supplements ,2772,TRANSFER-IN,4982,2026-08-05,2026-08-15,"1,184.32","2,150.00","2,150.00","1,184.32","1,184.32",1,4,"1,184.32",M2772-9680,M2772-9680,"2,150.00",2028-06-01,2028-06-01,,,37,27,URBANPETS SERVICES PRIVATE LIMITED,,139,My Beau ,Orange Pet Nutrition Pvt Ltd,,,Gujarat,Ahmedabad
,My Beau ,Medicine & Supplements ,Supplements ,2772,TRANSFER-IN,5092,2026-08-05,2026-09-02,"1,184.32","2,150.00","2,150.00","1,184.32","1,184.32",3,3,"3,552.96",M2772-703,M2772-703,"6,450.00",2028-06-01,2028-06-01,,,37,9,URBANPETS SERVICES PRIVATE LIMITED,,139,My Beau ,Orange Pet Nutrition Pvt Ltd,,,Gujarat,Ahmedabad
My Beau Vitamin & Mineral 300ML,,,,,,,,,,,,,"1,484.54",4,,"3,369.90",,,"5,500.00",,,,,,,,,,,,,,,
,My Beau ,Medicine & Supplements ,Supplements ,7322,TRANSFER-IN,4196,2026-01-30,2026-04-21,742.27,"1,375.00","1,375.00",742.27,742.27,1,2,742.27,M7322-3732,M7322-3732,"1,375.00",2027-10-10,2027-10-10,,,224,143,URBANPETS SERVICES PRIVATE LIMITED,,29,Bharat International Pet Foods,Shreeji Pet Shop,,,Gujarat,Ahmedabad
,My Beau ,Medicine & Supplements ,Supplements ,7322,TRANSFER-IN,4774,2026-01-30,2026-07-14,742.27,"1,375.00","1,375.00",875.88,742.27,3,3,"2,627.63",M7322-8027,M7322-8027,"4,125.00",2027-10-10,2027-10-10,,,224,59,URBANPETS SERVICES PRIVATE LIMITED,,29,Bharat International Pet Foods,Shreeji Pet Shop,,,Gujarat,Ahmedabad
N & D Cat GF LB BB Adult 1.5 KG,,,,,,,,,,,,,"1,885.42",1,,"2,224.80",,,"3,090.00",,,,,,,,,,,,,,,
,Farmina,Cat Food,Dry Food ,10618,PURCHASE,4194,2026-07-20,2026-07-20,"1,885.42","3,090.00","3,090.00","2,224.80","1,885.42",1,2,"2,224.80",N10618-8367,N10618-8367,"3,090.00",2027-08-02,2027-08-02,,,53,53,URBANPETS SERVICES PRIVATE LIMITED,,75,Farmina,MAHIMA SALES,,,Gujarat,Ahmedabad
N and D Dog Ocean PKN Cod/Ora Adult Mini 2.5kg,,,,,,,,,,,,,"1,964.75",1,,"2,318.41",,,"3,220.00",,,,,,,,,,,,,,,
,Farmina,Dog Food,Dry Food ,7118,PURCHASE,3480,2026-02-09,2026-02-09,"1,964.75","3,220.00","3,220.00","2,318.41","1,964.75",1,2,"2,318.41",N7118-160,N7118-160,"3,220.00",2027-04-08,2027-04-08,,,214,214,URBANPETS SERVICES PRIVATE LIMITED,,140,N & D,MAHIMA SALES,,,Gujarat,Ahmedabad
N and D GF PKN CP Adult Med-Maxi 12kg,,,,,,,,,,,,,"14,632.36",2,,"15,242.04",,,"24,980.00",,,,,,,,,,,,,,,
,Farmina,Dog Food,Dry Food ,7105,TRANSFER-IN,5127,2026-08-25,2026-09-09,"7,621.02","12,490.00","12,490.00","7,621.02","7,316.18",1,2,"7,621.02",N7105-1022,N7105-1022,"12,490.00",2027-10-30,2027-10-30,,,17,2,URBANPETS SERVICES PRIVATE LIMITED,,140,N & D,MAHIMA SALES,,,Gujarat,Ahmedabad
,Farmina,Dog Food,Dry Food ,7105,TRANSFER-IN,5132,2026-08-25,2026-09-09,"7,621.02","12,490.00","12,490.00","7,621.02","7,316.18",1,1,"7,621.02",N7105-1052,N7105-1052,"12,490.00",2027-10-30,2027-10-30,,,17,2,URBANPETS SERVICES PRIVATE LIMITED,,140,N & D,MAHIMA SALES,,,Gujarat,Ahmedabad
N and D GF PKN CP Adult Med-Maxi 2.5kg,,,,,,,,,,,,,"1,885.42",1,,"2,224.80",,,"3,090.00",,,,,,,,,,,,,,,
,Farmina,Dog Food,Dry Food ,7099,PURCHASE,4412,2026-09-01,2026-09-01,"1,885.42","3,090.00","3,090.00","2,224.80","1,885.42",1,4,"2,224.80",N7099-831,N7099-831,"3,090.00",2027-10-31,2027-10-31,,,10,10,URBANPETS SERVICES PRIVATE LIMITED,,140,N & D,MAHIMA SALES,,,Gujarat,Ahmedabad
N and D GF PKN CP Adult Mini 2.5 kg,,,,,,,,,,,,,"3,519.70",4,,"8,376.76",,,"12,060.00",,,,,,,,,,,,,,,
,Farmina,Dog Food,Dry Food ,1899,TRANSFER-IN,4562,2026-03-31,2026-06-13,"1,702.37","2,790.00","2,790.00","1,702.37","1,634.28",1,2,"1,702.37",N1899-6287,N1899-6287,"2,790.00",2027-03-28,2027-03-28,,,164,90,URBANPETS SERVICES PRIVATE LIMITED,,140,N & D,MAHIMA SALES,,,Gujarat,Ahmedabad
,Farmina,Dog Food,Dry Food ,1899,PURCHASE,4412,2026-09-01,2026-09-01,"1,885.42","3,090.00","3,090.00","2,224.80","1,885.42",3,4,"6,674.39",N1899-832,N1899-832,"9,270.00",2027-10-31,2027-10-31,,,10,10,URBANPETS SERVICES PRIVATE LIMITED,,140,N & D,MAHIMA SALES,,,Gujarat,Ahmedabad
N and D GF PKN CP Puppy Mini 2.5 KG,,,,,,,,,,,,,"3,831.87",5,,"11,628.02",,,"16,150.00",,,,,,,,,,,,,,,
,Farmina,Dog Food,Dry Food ,1944,PURCHASE,4194,2026-07-20,2026-07-20,"1,824.41","2,990.00","2,990.00","2,152.81","1,824.41",1,2,"2,152.81",N1944-8369,N1944-8369,"2,990.00",2027-04-30,2027-04-30,,,53,53,URBANPETS SERVICES PRIVATE LIMITED,,140,N & D,MAHIMA SALES,,,Gujarat,Ahmedabad
,Farmina,Dog Food,Dry Food ,1944,PURCHASE,4412,2026-09-01,2026-09-01,"2,007.46","3,290.00","3,290.00","2,368.80","2,007.46",4,4,"9,475.21",N1944-833,N1944-833,"13,160.00",2027-10-31,2027-10-31,,,10,10,URBANPETS SERVICES PRIVATE LIMITED,,140,N & D,MAHIMA SALES,,,Gujarat,Ahmedabad
N and D GF PKN CP Starter Puppy 2.5KG,,,,,,,,,,,,,"1,692.85",2,,"3,995.11",,,"5,780.00",,,,,,,,,,,,,,,
,Farmina,Dog Food,Dry Food ,7134,PURCHASE,3668,2026-03-25,2026-03-25,"1,763.38","2,890.00","2,890.00","1,997.56","1,692.85",2,10,"3,995.11",N7134-2557,N7134-2557,"5,780.00",2027-01-28,2027-01-28,,,170,170,URBANPETS SERVICES PRIVATE LIMITED,,140,N & D,MAHIMA SALES,,,Gujarat,Ahmedabad
N and D GF PKN CP Starter Puppy 800GM,,,,,,,,,,,,,713.90,3,,"2,527.21",,,"3,510.00",,,,,,,,,,,,,,,
,Farmina,Dog Food,Dry Food ,7137,PURCHASE,4185,2026-07-16,2026-07-16,713.90,"1,170.00","1,170.00",842.40,713.90,3,5,"2,527.21",N7137-8258,N7137-8258,"3,510.00",2027-07-30,2027-07-30,,,57,57,URBANPETS SERVICES PRIVATE LIMITED,,140,N & D,MAHIMA SALES,,,Gujarat,Ahmedabad
N and D GF PKN LB BB Adult Med-Maxi 12kg,,,,,,,,,,,,,"15,376.52",2,,"17,051.20",,,"25,740.00",,,,,,,,,,,,,,,
,Farmina,Dog Food,Dry Food ,7107,PURCHASE,4115,2026-07-03,2026-07-03,"7,474.58","12,250.00","12,250.00","8,820.01","7,474.58",1,2,"8,820.01",N7107-7408,N7107-7408,"12,250.00",2027-04-30,2027-04-30,,,70,70,URBANPETS SERVICES PRIVATE LIMITED,,140,N & D,MAHIMA SALES,,,Gujarat,Ahmedabad
,Farmina,Dog Food,Dry Food ,7107,TRANSFER-IN,5025,2026-08-15,2026-08-22,"8,231.19","13,490.00","13,490.00","8,231.19","7,901.94",1,1,"8,231.19",N7107-56,N7107-56,"13,490.00",2027-09-19,2027-09-19,,,27,20,URBANPETS SERVICES PRIVATE LIMITED,,140,N & D,MAHIMA SALES,,,Gujarat,Ahmedabad
N and D GF PKN LB BB Adult Med-Maxi 2.5kg,,,,,,,,,,,,,"4,332.20",5,,"12,779.99",,,"17,750.00",,,,,,,,,,,,,,,
,Farmina,Dog Food,Dry Food ,1910,PURCHASE,4194,2026-07-20,2026-07-20,"2,166.10","3,550.00","3,550.00","2,556.00","2,166.10",1,3,"2,556.00",N1910-8370,N1910-8370,"3,550.00",2027-09-09,2027-09-09,,,53,53,URBANPETS SERVICES PRIVATE LIMITED,,140,N & D,MAHIMA SALES,,,Gujarat,Ahmedabad
,Farmina,Dog Food,Dry Food ,1910,PURCHASE,4412,2026-09-01,2026-09-01,"2,166.10","3,550.00","3,550.00","2,556.00","2,166.10",4,4,"10,223.99",N1910-834,N1910-834,"14,200.00",2027-08-31,2027-08-31,,,10,10,URBANPETS SERVICES PRIVATE LIMITED,,140,N & D,MAHIMA SALES,,,Gujarat,Ahmedabad
N and D GF Quinoa Skin Coat Medium and Maxi Adult Dog Food 7 KG,,,,,,,,,,,,,"6,437.29",1,,"7,596.00",,,"10,550.00",,,,,,,,,,,,,,,
,Farmina,Dog Food,Dry Food ,11098,PURCHASE,4412,2026-09-01,2026-09-01,"6,437.29","10,550.00","10,550.00","7,596.00","6,437.29",1,1,"7,596.00",N11098-836,N11098-836,"10,550.00",2027-10-31,2027-10-31,,,10,10,URBANPETS SERVICES PRIVATE LIMITED,,75,Farmina,MAHIMA SALES,,,Gujarat,Ahmedabad
N and D Ocean Cat Herring and Orange 1.5kg,,,,,,,,,,,,,"3,770.84",2,,"4,449.60",,,"6,180.00",,,,,,,,,,,,,,,
,Farmina,Dog Food,Dry Food ,7121,PURCHASE,4136,2026-07-08,2026-07-08,"1,885.42","3,090.00","3,090.00","2,224.80","1,885.42",1,2,"2,224.80",N7121-7664,N7121-7664,"3,090.00",2027-08-30,2027-08-30,,,65,65,URBANPETS SERVICES PRIVATE LIMITED,,140,N & D,MAHIMA SALES,,,Gujarat,Ahmedabad
,Farmina,Dog Food,Dry Food ,7121,PURCHASE,4227,2026-07-28,2026-07-28,"1,885.42","3,090.00","3,090.00","2,224.80","1,885.42",1,1,"2,224.80",N7121-8833,N7121-8833,"3,090.00",2027-09-09,2027-09-09,,,45,45,URBANPETS SERVICES PRIVATE LIMITED,,140,N & D,MAHIMA SALES,,,Gujarat,Ahmedabad
N and D Prime Cat GF CP Adult 1.5 kg,,,,,,,,,,,,,"3,770.84",3,,"6,674.39",,,"9,270.00",,,,,,,,,,,,,,,
,Farmina,Cat Food,Dry Food ,917,PURCHASE,4157,2026-07-13,2026-07-13,"1,885.42","3,090.00","3,090.00","2,224.80","1,885.42",2,2,"4,449.59",N917-8013,N917-8013,"6,180.00",2027-07-30,2027-07-30,,,60,60,URBANPETS SERVICES PRIVATE LIMITED,,75,Farmina,MAHIMA SALES,,,Gujarat,Ahmedabad
,Farmina,Cat Food,Dry Food ,917,PURCHASE,4412,2026-09-01,2026-09-01,"1,885.42","3,090.00","3,090.00","2,224.80","1,885.42",1,1,"2,224.80",N917-830,N917-830,"3,090.00",2027-09-30,2027-09-30,,,10,10,URBANPETS SERVICES PRIVATE LIMITED,,75,Farmina,MAHIMA SALES,,,Gujarat,Ahmedabad
N and D Prime Cat GF CP Kitten 1.5 kg,,,,,,,,,,,,,"1,885.42",2,,"4,449.59",,,"6,180.00",,,,,,,,,,,,,,,
,Farmina,Cat Food,Dry Food ,6864,PURCHASE,4376,2026-08-25,2026-08-26,"1,885.42","3,090.00","3,090.00","2,224.80","1,885.42",2,2,"4,449.59",N6864-1083,N6864-1083,"6,180.00",2027-09-01,2027-09-01,,,17,16,URBANPETS SERVICES PRIVATE LIMITED,,75,Farmina,MAHIMA SALES,,,Gujarat,Ahmedabad
N and D Quin Dog GF Skin Coat Duck Adult 2.5Kg,,,,,,,,,,,,,"2,428.47",1,,"2,865.60",,,"3,980.00",,,,,,,,,,,,,,,
,Farmina,Dog Food,Dry Food ,7126,PURCHASE,3424,2026-01-30,2026-01-30,"2,428.47","3,980.00","3,980.00","2,865.60","2,428.47",1,2,"2,865.60",N7126-9001,N7126-9001,"3,980.00",2026-12-30,2026-12-30,,,224,224,URBANPETS SERVICES PRIVATE LIMITED,,140,N & D,Shreeji Pet Shop,,,Gujarat,Ahmedabad
N and D Quin Dog GF Skin Coat Duck Adult 7Kg,,,,,,,,,,,,,"12,264.41",2,,"12,264.41",,,"20,100.00",,,,,,,,,,,,,,,
,Farmina,Dog Food,Dry Food ,7127,TRANSFER-IN,4446,2026-05-16,2026-05-28,"6,437.29","10,550.00","10,550.00","6,437.29","6,437.29",1,1,"6,437.29",N7127-5417,N7127-5417,"10,550.00",2027-03-30,2027-03-30,,,118,106,URBANPETS SERVICES PRIVATE LIMITED,,140,N & D,MAHIMA SALES,,,Gujarat,Ahmedabad
,Farmina,Dog Food,Dry Food ,7127,TRANSFER-IN,4539,2026-06-08,2026-06-11,"5,827.12","9,550.00","9,550.00","5,827.12","5,827.12",1,1,"5,827.12",N7127-6143,N7127-6143,"9,550.00",2027-07-30,2027-07-30,,,95,92,URBANPETS SERVICES PRIVATE LIMITED,,140,N & D,MAHIMA SALES,,,Gujarat,Ahmedabad
N and D Quin Dog Weight-M Lamb Adult 2.5Kg,,,,,,,,,,,,,"5,107.11",2,,"6,026.39",,,"8,370.00",,,,,,,,,,,,,,,
,Farmina,Dog Food,Dry Food ,7130,PURCHASE,4194,2026-07-20,2026-07-20,"2,678.64","4,390.00","4,390.00","3,160.80","2,678.64",1,2,"3,160.80",N7130-8371,N7130-8371,"4,390.00",2027-09-09,2027-09-09,,,53,53,URBANPETS SERVICES PRIVATE LIMITED,,140,N & D,MAHIMA SALES,,,Gujarat,Ahmedabad
,Farmina,Dog Food,Dry Food ,7130,PURCHASE,4412,2026-09-01,2026-09-01,"2,428.47","3,980.00","3,980.00","2,865.59","2,428.47",1,1,"2,865.59",N7130-835,N7130-835,"3,980.00",2027-08-31,2027-08-31,,,10,10,URBANPETS SERVICES PRIVATE LIMITED,,140,N & D,MAHIMA SALES,,,Gujarat,Ahmedabad
N and D Tropical Chicken Adult Medium and Maxi 2 Kg,,,,,,,,,,,,,"1,092.82",2,,"2,579.06",,,"3,980.00",,,,,,,,,,,,,,,
,Farmina,Dog Food,Dry Food ,11465,PURCHASE,3449,2026-01-30,2026-01-30,"1,092.82","1,990.00","1,990.00","1,289.53","1,092.82",2,2,"2,579.06",N11465-9649,N11465-9649,"3,980.00",2026-07-30,2026-07-30,,,224,224,URBANPETS SERVICES PRIVATE LIMITED,,75,Farmina,Shreeji Pet Shop,,,Gujarat,Ahmedabad
NATLIFE 30ML,,,,,,,,,,,,,287.92,3,,"1,019.24",,,"1,560.00",,,,,,,,,,,,,,,
,Hygiene,Medicine & Supplements ,Supplements ,9672,PURCHASE,3444,2026-01-30,2026-01-30,287.92,520.00,520.00,339.75,287.92,3,7,"1,019.24",N9672-9525,N9672-9525,"1,560.00",2026-10-30,2026-10-30,,,224,224,URBANPETS SERVICES PRIVATE LIMITED,,102,Hygiene,Shreeji Pet Shop,,,Gujarat,Ahmedabad
Natural Flea  and  tick Shampoo maximum strength 592 ml,,,,,,,,,,,,,672.94,1,,672.94,,,"1,650.00",,,,,,,,,,,,,,,
,Tropiclean ,Grooming,Shampoo & Conditioner ,7897,TRANSFER-IN,3729,2026-01-30,2026-02-10,672.94,"1,650.00","1,650.00",672.94,672.94,1,2,672.94,N7897-191,N7897-191,"1,650.00",2029-08-30,2029-08-30,,,224,213,URBANPETS SERVICES PRIVATE LIMITED,,219,Tropiclean ,Shreeji Pet Shop,,,Gujarat,Ahmedabad
Neeri KFT Pet Liq 200ml,,,,,,,,,,,,,382.63,7,,"2,812.33",,,"3,906.00",,,,,,,,,,,,,,,
,Manufacturer,Medicine & Supplements ,Medicine ,6134,PURCHASE,4070,2026-06-24,2026-06-24,382.63,558.00,558.00,401.76,382.63,7,12,"2,812.33",N6134-7010,N6134-7010,"3,906.00",2028-12-30,2028-12-30,,,79,79,URBANPETS SERVICES PRIVATE LIMITED,,1,Manufacturer,MAHIMA ENTERPRISE,,,Gujarat,Ahmedabad
Neeri Pet 30 tablet,,,,,,,,,,,,,83.81,2,,176.00,,,320.00,,,,,,,,,,,,,,,
,Medicines,Medicine & Supplements ,Medicine ,11719,PURCHASE,3452,2026-01-31,2026-01-31,83.81,160.00,160.00,88.00,83.81,2,2,176.00,N11719-9739,N11719-9739,320.00,2026-02-28,2026-02-28,,,223,223,URBANPETS SERVICES PRIVATE LIMITED,,132,Medicines,Shreeji Pet Shop,,,Gujarat,Ahmedabad
Nephroways Syrup,,,,,,,,,,,,,339.00,5,,969.54,,,"1,500.00",,,,,,,,,,,,,,,
,MANKIND,Medicine & Supplements ,Medicine ,3038,PURCHASE,3430,2026-01-30,2026-01-30,169.50,300.00,300.00,200.01,169.50,4,5,800.04,N3038-9151,N3038-9151,"1,200.00",2027-04-30,2027-04-30,,,224,224,URBANPETS SERVICES PRIVATE LIMITED,,127,MANKIND,Shreeji Pet Shop,,,Gujarat,Ahmedabad
,MANKIND,Medicine & Supplements ,Medicine ,3038,TRANSFER-IN,4187,2026-01-30,2026-04-18,169.50,300.00,300.00,169.50,169.50,1,1,169.50,N3038-3617,N3038-3617,300.00,2026-05-30,2026-05-30,,,224,146,URBANPETS SERVICES PRIVATE LIMITED,,127,MANKIND,Shreeji Pet Shop,,,Gujarat,Ahmedabad
NEPOCEF- CV 162.5 Tabs.  5X10s,,,,,,,,,,,,,20.27,"1,059",,"11,035.32",,,"21,859.00",,,,,,,,,,,,,,,
,NEPOCEF,Medicine & Supplements ,Medicine ,3073,PURCHASE,3430,2026-01-30,2026-01-30,10.37,21.00,21.00,10.89,10.37,59,518,642.42,N3073-9159,N3073-9159,"1,239.00",2027-06-30,2027-06-30,,,224,224,URBANPETS SERVICES PRIVATE LIMITED,,144,NEPOCEF,Shreeji Pet Shop,,,Gujarat,Ahmedabad
,NEPOCEF,Medicine & Supplements ,Medicine ,3073,PURCHASE,4442,2026-09-08,2026-09-08,14.14,20.62,20.62,10.39,9.90,"1,000","1,000","10,392.90",N3073-1147,N3073-1147,"20,620.00",2027-08-30,2027-08-30,,,3,3,URBANPETS SERVICES PRIVATE LIMITED,,144,NEPOCEF,TTK Healthcare Limited,,,Gujarat,Ahmedabad
Neuro 60 Tab,,,,,,,,,,,,,222.00,14,,"3,108.00",,,"4,200.00",,,,,,,,,,,,,,,
,Hygiene,Medicine & Supplements ,Supplements ,3118,PURCHASE,3783,2026-04-15,2026-04-15,222.00,300.00,300.00,222.00,222.00,14,14,"3,108.00",N3118-3838,N3118-3838,"4,200.00",2028-07-30,2028-07-30,,,149,149,URBANPETS SERVICES PRIVATE LIMITED,,102,Hygiene,Vet Grow Animal Heath Care,,,Gujarat,Ahmedabad
Neuroimpact  30 Tablet,,,,,,,,,,,,,355.50,21,,"4,404.65",,,"7,350.00",,,,,,,,,,,,,,,
,mahima enterprise,Medicine & Supplements ,Medicine ,11882,PURCHASE,4071,2026-06-23,2026-06-23,237.00,350.00,350.00,209.75,177.75,1,20,209.75,N11882-7014,N11882-7014,350.00,2028-04-30,2028-04-30,,,80,80,URBANPETS SERVICES PRIVATE LIMITED,,338,mahima enterprise,MAHIMA ENTERPRISE,,,Gujarat,Ahmedabad
,mahima enterprise,Medicine & Supplements ,Medicine ,11882,PURCHASE,4360,2026-08-24,2026-08-24,237.00,350.00,350.00,209.75,177.75,20,20,"4,194.90",N11882-181,N11882-181,"7,000.00",2028-04-30,2028-04-30,,,18,18,URBANPETS SERVICES PRIVATE LIMITED,,338,mahima enterprise,MAHIMA ENTERPRISE,,,Gujarat,Ahmedabad
Neuroqik Oral 200,,,,,,,,,,,,,177.73,11,,"2,306.95",,,"3,531.00",,,,,,,,,,,,,,,
,Manufacturer,Medicine & Supplements ,Medicine ,2769,PURCHASE,4334,2026-08-17,2026-08-17,217.63,321.00,321.00,209.72,177.73,11,12,"2,306.95",N2769-9875,N2769-9875,"3,531.00",2029-03-30,2029-03-30,,,25,25,URBANPETS SERVICES PRIVATE LIMITED,,1,Manufacturer,FRIENDS MEDICINES,,,Gujarat,Ahmedabad
NP Carrot Stix 300G,,,,,,,,,,,,,57.21,1,,67.51,,,150.00,,,,,,,,,,,,,,,
,Naughty Pet,"Treats, Biscuits & Chews ",Biscuits ,7424,PURCHASE,3425,2026-01-30,2026-01-30,57.21,150.00,150.00,67.51,57.21,1,1,67.51,N7424-9027,N7424-9027,150.00,2026-08-23,2026-08-23,,,224,224,URBANPETS SERVICES PRIVATE LIMITED,,143,Naughty Pet,Shreeji Pet Shop,,,Gujarat,Ahmedabad
NP Chew Bix Non Veg 800G,,,,,,,,,,,,,148.73,5,,377.54,,,990.00,,,,,,,,,,,,,,,
,Naughty Pet,"Treats, Biscuits & Chews ",Biscuits ,7346,TRANSFER-IN,4961,2026-06-15,2026-08-11,72.46,190.00,190.00,72.46,72.46,1,3,72.46,N7346-9526,N7346-9526,190.00,2027-06-13,2027-06-13,,,88,31,URBANPETS SERVICES PRIVATE LIMITED,,143,Naughty Pet,Naughty Pet,,,Gujarat,Ahmedabad
,Naughty Pet,"Treats, Biscuits & Chews ",Biscuits ,7346,TRANSFER-IN,5120,2026-08-17,2026-09-08,76.27,200.00,200.00,76.27,76.27,4,4,305.08,N7346-976,N7346-976,800.00,2027-08-16,2027-08-16,,,25,3,URBANPETS SERVICES PRIVATE LIMITED,,143,Naughty Pet,Naughty Pet,,,Gujarat,Ahmedabad
NP Chew Bix Veg 800G,,,,,,,,,,,,,148.73,6,,453.81,,,"1,190.00",,,,,,,,,,,,,,,
,Naughty Pet,"Treats, Biscuits & Chews ",Biscuits ,7349,TRANSFER-IN,4118,2026-02-09,2026-04-08,72.46,190.00,190.00,72.46,72.46,1,5,72.46,N7349-3060,N7349-3060,190.00,2028-05-30,2028-05-30,,,214,156,URBANPETS SERVICES PRIVATE LIMITED,,143,Naughty Pet,Naughty Pet,,,Gujarat,Ahmedabad
,Naughty Pet,"Treats, Biscuits & Chews ",Biscuits ,7349,TRANSFER-IN,5101,2026-08-17,2026-09-03,76.27,200.00,200.00,76.27,76.27,5,5,381.35,N7349-802,N7349-802,"1,000.00",2027-08-18,2027-08-18,,,25,8,URBANPETS SERVICES PRIVATE LIMITED,,143,Naughty Pet,Naughty Pet,,,Gujarat,Ahmedabad
NP Chicken Drum Stik Biscuits 800G,,,,,,,,,,,,,228.83,7,,575.11,,,"1,400.00",,,,,,,,,,,,,,,
,Naughty Pet,"Treats, Biscuits & Chews ",Biscuits ,4066,TRANSFER-IN,4784,2026-06-15,2026-07-15,76.28,200.00,200.00,90.01,76.28,1,3,90.01,N4066-8088,N4066-8088,200.00,2027-06-05,2027-06-05,,,88,58,URBANPETS SERVICES PRIVATE LIMITED,,143,Naughty Pet,Naughty Pet,,,Gujarat,Ahmedabad
,Naughty Pet,"Treats, Biscuits & Chews ",Biscuits ,4066,TRANSFER-IN,4877,2026-06-15,2026-07-29,76.28,200.00,200.00,90.01,76.28,2,2,180.02,N4066-8719,N4066-8719,400.00,2027-06-05,2027-06-05,,,88,44,URBANPETS SERVICES PRIVATE LIMITED,,143,Naughty Pet,Naughty Pet,,,Gujarat,Ahmedabad
,Naughty Pet,"Treats, Biscuits & Chews ",Biscuits ,4066,TRANSFER-IN,5101,2026-08-17,2026-09-03,76.27,200.00,200.00,76.27,76.27,4,4,305.08,N4066-801,N4066-801,800.00,2027-08-18,2027-08-18,,,25,8,URBANPETS SERVICES PRIVATE LIMITED,,143,Naughty Pet,Naughty Pet,,,Gujarat,Ahmedabad
NP Little Pup Veg 800G,,,,,,,,,,,,,163.98,9,,514.97,,,"1,300.00",,,,,,,,,,,,,,,
,Naughty Pet,"Treats, Biscuits & Chews ",Biscuits ,4094,TRANSFER-IN,4853,2026-06-15,2026-07-27,53.39,140.00,140.00,63.00,53.39,2,4,126.00,N4094-8560,N4094-8560,280.00,2027-06-14,2027-06-14,,,88,46,URBANPETS SERVICES PRIVATE LIMITED,,143,Naughty Pet,Naughty Pet,,,Gujarat,Ahmedabad
,Naughty Pet,"Treats, Biscuits & Chews ",Biscuits ,4094,TRANSFER-IN,4985,2026-06-15,2026-08-15,53.39,140.00,140.00,53.39,53.39,3,3,160.17,N4094-9688,N4094-9688,420.00,2027-06-14,2027-06-14,,,88,27,URBANPETS SERVICES PRIVATE LIMITED,,143,Naughty Pet,Naughty Pet,,,Gujarat,Ahmedabad
,Naughty Pet,"Treats, Biscuits & Chews ",Biscuits ,4094,TRANSFER-IN,5120,2026-08-17,2026-09-08,57.20,150.00,150.00,57.20,57.20,4,5,228.80,N4094-977,N4094-977,600.00,2027-08-18,2027-08-18,,,25,3,URBANPETS SERVICES PRIVATE LIMITED,,143,Naughty Pet,Naughty Pet,,,Gujarat,Ahmedabad
NP Mix Non Veg (Large) 550G,,,,,,,,,,,,,104.88,3,,314.64,,,825.00,,,,,,,,,,,,,,,
,Naughty Pet,"Treats, Biscuits & Chews ",Biscuits ,4083,TRANSFER-IN,5101,2026-08-17,2026-09-03,104.88,275.00,275.00,104.88,104.88,3,3,314.64,N4083-794,N4083-794,825.00,2027-08-18,2027-08-18,,,25,8,URBANPETS SERVICES PRIVATE LIMITED,,143,Naughty Pet,Naughty Pet,,,Gujarat,Ahmedabad
NP Mix Non Veg (Medium) 550G,,,,,,,,,,,,,104.88,3,,314.64,,,825.00,,,,,,,,,,,,,,,
,Naughty Pet,"Treats, Biscuits & Chews ",Biscuits ,4093,TRANSFER-IN,5100,2026-08-17,2026-09-03,104.88,275.00,275.00,104.88,104.88,3,3,314.64,N4093-785,N4093-785,825.00,2027-08-18,2027-08-18,,,25,8,URBANPETS SERVICES PRIVATE LIMITED,,143,Naughty Pet,Naughty Pet,,,Gujarat,Ahmedabad
NP Mix Non Veg (Mini) 550G,,,,,,,,,,,,,95.34,3,,286.02,,,750.00,,,,,,,,,,,,,,,
,Naughty Pet,"Treats, Biscuits & Chews ",Biscuits ,4102,TRANSFER-IN,5101,2026-08-17,2026-09-03,95.34,250.00,250.00,95.34,95.34,3,3,286.02,N4102-793,N4102-793,750.00,2027-08-18,2027-08-18,,,25,8,URBANPETS SERVICES PRIVATE LIMITED,,143,Naughty Pet,Naughty Pet,,,Gujarat,Ahmedabad
NP Mix Non Veg (Small) 550G,,,,,,,,,,,,,95.34,3,,286.02,,,750.00,,,,,,,,,,,,,,,
,Naughty Pet,"Treats, Biscuits & Chews ",Biscuits ,4092,TRANSFER-IN,5101,2026-08-17,2026-09-03,95.34,250.00,250.00,95.34,95.34,3,3,286.02,N4092-792,N4092-792,750.00,2027-08-18,2027-08-18,,,25,8,URBANPETS SERVICES PRIVATE LIMITED,,143,Naughty Pet,Naughty Pet,,,Gujarat,Ahmedabad
NP Mix Veg 550G  (L),,,,,,,,,,,,,104.88,2,,209.76,,,550.00,,,,,,,,,,,,,,,
,Naughty Pet,"Treats, Biscuits & Chews ",Biscuits ,4058,TRANSFER-IN,5101,2026-08-17,2026-09-03,104.88,275.00,275.00,104.88,104.88,2,3,209.76,N4058-796,N4058-796,550.00,2027-08-18,2027-08-18,,,25,8,URBANPETS SERVICES PRIVATE LIMITED,,143,Naughty Pet,Naughty Pet,,,Gujarat,Ahmedabad
NP Mix Veg 550G (M),,,,,,,,,,,,,104.88,3,,314.64,,,825.00,,,,,,,,,,,,,,,
,Naughty Pet,"Treats, Biscuits & Chews ",Biscuits ,4074,TRANSFER-IN,5101,2026-08-17,2026-09-03,104.88,275.00,275.00,104.88,104.88,3,3,314.64,N4074-798,N4074-798,825.00,2027-08-18,2027-08-18,,,25,8,URBANPETS SERVICES PRIVATE LIMITED,,143,Naughty Pet,Naughty Pet,,,Gujarat,Ahmedabad
NP Mix Veg 550G (S),,,,,,,,,,,,,195.34,5,,486.02,,,"1,250.00",,,,,,,,,,,,,,,
,Naughty Pet,"Treats, Biscuits & Chews ",Biscuits ,4076,TRANSFER-IN,4887,2026-06-15,2026-07-31,100.00,250.00,250.00,100.00,100.00,2,3,200.00,N4076-8892,N4076-8892,500.00,2027-06-10,2027-06-10,,,88,42,URBANPETS SERVICES PRIVATE LIMITED,,143,Naughty Pet,Naughty Pet,,,Gujarat,Ahmedabad
,Naughty Pet,"Treats, Biscuits & Chews ",Biscuits ,4076,TRANSFER-IN,5101,2026-08-17,2026-09-03,95.34,250.00,250.00,95.34,95.34,3,3,286.02,N4076-797,N4076-797,750.00,2027-08-18,2027-08-18,,,25,8,URBANPETS SERVICES PRIVATE LIMITED,,143,Naughty Pet,Naughty Pet,,,Gujarat,Ahmedabad
NP Mix Veg Mini 550G,,,,,,,,,,,,,95.34,2,,190.68,,,500.00,,,,,,,,,,,,,,,
,Naughty Pet,"Treats, Biscuits & Chews ",Biscuits ,4084,TRANSFER-IN,5100,2026-08-17,2026-09-03,95.34,250.00,250.00,95.34,95.34,2,3,190.68,N4084-786,N4084-786,500.00,2027-08-18,2027-08-18,,,25,8,URBANPETS SERVICES PRIVATE LIMITED,,143,Naughty Pet,Naughty Pet,,,Gujarat,Ahmedabad
NP Picnic Biscuits 900G,,,,,,,,,,,,,76.27,4,,305.08,,,800.00,,,,,,,,,,,,,,,
,Naughty Pet,"Treats, Biscuits & Chews ",Biscuits ,4117,TRANSFER-IN,5101,2026-08-17,2026-09-03,76.27,200.00,200.00,76.27,76.27,4,4,305.08,N4117-800,N4117-800,800.00,2027-08-18,2027-08-18,,,25,8,URBANPETS SERVICES PRIVATE LIMITED,,143,Naughty Pet,Naughty Pet,,,Gujarat,Ahmedabad
NR Orthoron Tablet 28,,,,,,,,,,,,,676.20,5,,"3,989.58",,,"7,400.00",,,,,,,,,,,,,,,
,Natural Remedies,Medicine & Supplements ,Medicine ,7336,PURCHASE,4351,2026-08-20,2026-08-20,690.00,"1,480.00","1,480.00",797.92,676.20,5,12,"3,989.58",N7336-79,N7336-79,"7,400.00",2027-09-30,2027-09-30,,,22,22,URBANPETS SERVICES PRIVATE LIMITED,,142,Natural Remedies,FRIENDS MEDICINES,,,Gujarat,Ahmedabad
nulura  20 - 40kg,,,,,,,,,,,,,822.85,10,,"8,639.90",,,"15,000.00",,,,,,,,,,,,,,,
,Sava Vet ,Medicine & Supplements ,Medicine ,11885,PURCHASE,4201,2026-07-07,2026-07-07,"1,028.56","1,500.00","1,500.00",863.99,822.85,10,10,"8,639.90",n11885-8425,n11885-8425,"15,000.00",2027-05-30,2027-05-30,,,66,66,URBANPETS SERVICES PRIVATE LIMITED,,197,Sava Vet ,SAVA HEALTHCARE LIMITED,,,Gujarat,Ahmedabad
Nulura 10-20kg,,,,,,,,,,,,,822.85,10,,"8,639.90",,,"15,000.00",,,,,,,,,,,,,,,
,Sava Vet ,Medicine & Supplements ,Medicine ,12105,PURCHASE,4201,2026-07-07,2026-07-07,"1,028.56","1,500.00","1,500.00",863.99,822.85,10,10,"8,639.90",N12105-8426,N12105-8426,"15,000.00",2027-04-30,2027-04-30,,,66,66,URBANPETS SERVICES PRIVATE LIMITED,,197,Sava Vet ,SAVA HEALTHCARE LIMITED,,,Gujarat,Ahmedabad
Nulura 4.5 -10kg,,,,,,,,,,,,,642.85,10,,"6,749.90",,,"12,500.00",,,,,,,,,,,,,,,
,Sava Vet ,Medicine & Supplements ,Medicine ,12106,PURCHASE,4201,2026-07-07,2026-07-07,803.56,"1,250.00","1,250.00",674.99,642.85,10,10,"6,749.90",N12106-8427,N12106-8427,"12,500.00",2027-04-30,2027-04-30,,,66,66,URBANPETS SERVICES PRIVATE LIMITED,,197,Sava Vet ,SAVA HEALTHCARE LIMITED,,,Gujarat,Ahmedabad
Nulura 40  - 56kg,,,,,,,,,,,,,977.14,10,,"10,259.93",,,"17,812.50",,,,,,,,,,,,,,,
,Sava Vet ,Medicine & Supplements ,Medicine ,12107,PURCHASE,4201,2026-07-07,2026-07-07,"1,221.42","1,781.25","1,781.25","1,025.99",977.14,10,10,"10,259.93",N12107-8428,N12107-8428,"17,812.50",2027-05-30,2027-05-30,,,66,66,URBANPETS SERVICES PRIVATE LIMITED,,197,Sava Vet ,SAVA HEALTHCARE LIMITED,,,Gujarat,Ahmedabad
Nurokind Pet Syrup,,,,,,,,,,,,,109.21,14,,"1,605.34",,,"3,010.00",,,,,,,,,,,,,,,
,MANKIND,Medicine & Supplements ,Medicine ,3040,PURCHASE,4320,2026-08-05,2026-08-05,163.81,215.00,215.00,114.67,109.21,14,15,"1,605.34",N3040-9784,N3040-9784,"3,010.00",2027-07-30,2027-07-30,,,37,37,URBANPETS SERVICES PRIVATE LIMITED,,127,MANKIND,MAHIMA ENTERPRISE,,,Gujarat,Ahmedabad
Nutrich Tabs 60pcs,,,,,,,,,,,,,265.01,32,,"10,006.65",,,"15,616.00",,,,,,,,,,,,,,,
,S.R.K. Pharma,Medicine & Supplements ,Medicine ,3019,PURCHASE,3640,2026-03-19,2026-03-19,297.76,488.00,488.00,312.71,265.01,32,40,"10,006.65",N3019-2097,N3019-2097,"15,616.00",2028-02-28,2028-02-28,,,176,176,URBANPETS SERVICES PRIVATE LIMITED,,195,S.R.K. Pharma,VIRBAC ANIMAL HEALTH INDIA PRIVATE LIMITED,,,Gujarat,Ahmedabad
Nutrisource Adult All Breed 3.5 KG,,,,,,,,,,,,,"2,541.34",3,,"6,353.37",,,"7,497.00",,,,,,,,,,,,,,,
,Nutrisource,Dog Food,Dry Food ,10870,TRANSFER-IN,5104,2026-08-29,2026-09-04,"2,117.79","2,499.00","2,499.00","2,117.79","1,270.67",2,10,"4,235.58",N10870-844,N10870-844,"4,998.00",2028-01-30,2028-01-30,,,13,7,URBANPETS SERVICES PRIVATE LIMITED,,299,Nutrisource,Shreeji Enterprise,,,Gujarat,Ahmedabad
,Nutrisource,Dog Food,Dry Food ,10870,TRANSFER-IN,5108,2026-08-29,2026-09-05,"2,117.79","2,499.00","2,499.00","2,117.79","1,270.67",1,1,"2,117.79",N10870-896,N10870-896,"2,499.00",2028-01-30,2028-01-30,,,13,6,URBANPETS SERVICES PRIVATE LIMITED,,299,Nutrisource,Shreeji Enterprise,,,Gujarat,Ahmedabad
Nutrisource Adult Mini and Toy Breed 3.5 KG,,,,,,,,,,,,,"1,270.67",3,,"6,353.37",,,"7,497.00",,,,,,,,,,,,,,,
,Nutrisource,Dog Food,Dry Food ,10869,TRANSFER-IN,5093,2026-08-18,2026-09-02,"2,117.79","2,499.00","2,499.00","2,117.79","1,270.67",3,3,"6,353.37",N10869-707,N10869-707,"7,497.00",2027-08-20,2027-08-20,,,24,9,URBANPETS SERVICES PRIVATE LIMITED,,299,Nutrisource,Shreeji Enterprise,,,Gujarat,Ahmedabad
Nutrisource Puppy All Breed 3.5 KG,,,,,,,,,,,,,"1,372.37",4,,"9,149.12",,,"10,796.00",,,,,,,,,,,,,,,
,Nutrisource,Dog Food,Dry Food ,10871,TRANSFER-IN,5093,2026-08-18,2026-09-02,"2,287.28","2,699.00","2,699.00","2,287.28","1,372.37",4,4,"9,149.12",N10871-706,N10871-706,"10,796.00",2027-08-18,2027-08-18,,,24,9,URBANPETS SERVICES PRIVATE LIMITED,,299,Nutrisource,Shreeji Enterprise,,,Gujarat,Ahmedabad
Oatmeal and Tea Tree Shampoo 355 ml,,,,,,,,,,,,,469.02,1,,492.47,,,"1,150.00",,,,,,,,,,,,,,,
,Tropiclean ,Grooming,Shampoo & Conditioner ,7898,TRANSFER-IN,4795,2026-01-30,2026-07-17,469.02,"1,150.00","1,150.00",492.47,469.02,1,1,492.47,O7898-8197,O7898-8197,"1,150.00",2029-03-09,2029-03-09,,,224,56,URBANPETS SERVICES PRIVATE LIMITED,,219,Tropiclean ,Shreeji Pet Shop,,,Gujarat,Ahmedabad
Obex 150ml,,,,,,,,,,,,,915.99,9,,"9,727.81",,,"15,750.00",,,,,,,,,,,,,,,
,Obex,Medicine & Supplements ,Medicine ,3079,PURCHASE,3430,2026-01-30,2026-01-30,915.99,"1,750.00","1,750.00","1,080.87",915.99,9,9,"9,727.81",O3079-9165,O3079-9165,"15,750.00",2026-10-31,2026-10-31,,,224,224,URBANPETS SERVICES PRIVATE LIMITED,,149,Obex,Shreeji Pet Shop,,,Gujarat,Ahmedabad
Obipet weight management tablet,,,,,,,,,,,,,518.95,16,,"8,718.44",,,"15,984.00",,,,,,,,,,,,,,,
,Medicines,Medicine & Supplements ,Medicine ,11790,PURCHASE,4415,2026-08-26,2026-08-26,570.85,999.00,999.00,544.90,518.95,16,22,"8,718.44",O11790-825,O11790-825,"15,984.00",2029-01-31,2029-01-31,,,16,16,URBANPETS SERVICES PRIVATE LIMITED,,132,Medicines,integrated healthcare,,,Gujarat,Ahmedabad
Ocoxin 150ml,,,,,,,,,,,,,"2,038.40",13,,"15,883.15",,,"24,100.00",,,,,,,,,,,,,,,
,Hygiene,Medicine & Supplements ,Medicine ,2919,PURCHASE,3426,2026-01-30,2026-01-30,977.06,"1,750.00","1,750.00","1,152.93",977.06,4,10,"4,611.72",O2919-9058,O2919-9058,"7,000.00",2028-01-01,2028-01-01,,,224,224,URBANPETS SERVICES PRIVATE LIMITED,,102,Hygiene,Shreeji Pet Shop,,,Gujarat,Ahmedabad
,Hygiene,Medicine & Supplements ,Medicine ,2919,PURCHASE,3967,2026-05-26,2026-05-26,"1,083.00","1,900.00","1,900.00","1,252.38","1,061.34",9,10,"11,271.43",O2919-5649,O2919-5649,"17,100.00",2028-10-31,2028-10-31,,,108,108,URBANPETS SERVICES PRIVATE LIMITED,,102,Hygiene,Vivaldis Health and food pvt Ltd,,,Gujarat,Ahmedabad
Opthocare Eye Drops 5ml,,,,,,,,,,,,,153.07,9,,"1,446.48",,,"2,952.00",,,,,,,,,,,,,,,
,Shreeji Pet Shop,Medicine & Supplements ,Medicine ,3008,PURCHASE,4050,2026-06-20,2026-06-20,156.19,328.00,328.00,160.72,153.07,9,20,"1,446.48",O3008-6756,O3008-6756,"2,952.00",2027-10-30,2027-10-30,,,83,83,URBANPETS SERVICES PRIVATE LIMITED,,201,Shreeji Pet Shop,CORISE HEALTHCARE PVT LTD,,,Gujarat,Ahmedabad
OPTHOCARE MONO EYE DROP 5ML,,,,,,,,,,,,,144.20,47,,"3,516.18",,,"7,506.00",,,,,,,,,,,,,,,
,CORISE,Medicine & Supplements ,Medicine ,3063,PURCHASE,3430,2026-01-30,2026-01-30,70.00,160.00,160.00,73.50,70.00,33,33,"2,425.50",O3063-9157,O3063-9157,"5,280.00",2026-03-30,2026-03-30,,,224,224,URBANPETS SERVICES PRIVATE LIMITED,,56,CORISE,Shreeji Pet Shop,,,Gujarat,Ahmedabad
,CORISE,Medicine & Supplements ,Medicine ,3063,PURCHASE,3649,2026-03-18,2026-03-18,75.71,159.00,159.00,77.91,74.20,14,20,"1,090.68",O3063-2181,O3063-2181,"2,226.00",2027-11-30,2027-11-30,,,177,177,URBANPETS SERVICES PRIVATE LIMITED,,56,CORISE,CORISE HEALTHCARE PVT LTD,,,Gujarat,Ahmedabad
OPTHOCARE PETA EYE DROPS,,,,,,,,,,,,,183.34,6,,576.66,,,"1,190.00",,,,,,,,,,,,,,,
,Manufacturer,Medicine & Supplements ,Medicine ,5985,PURCHASE,3436,2026-01-30,2026-01-30,91.88,210.00,210.00,96.48,91.88,1,4,96.48,O5985-9312,O5985-9312,210.00,2026-03-30,2026-03-30,,,224,224,URBANPETS SERVICES PRIVATE LIMITED,,1,Manufacturer,Shreeji Pet Shop,,,Gujarat,Ahmedabad
,Manufacturer,Medicine & Supplements ,Medicine ,5985,PURCHASE,3649,2026-03-18,2026-03-18,93.33,196.00,196.00,96.04,91.46,5,20,480.18,O5985-2180,O5985-2180,980.00,2027-09-30,2027-09-30,,,177,177,URBANPETS SERVICES PRIVATE LIMITED,,1,Manufacturer,CORISE HEALTHCARE PVT LTD,,,Gujarat,Ahmedabad
Opthocare XT Eye Drops 5ml,,,,,,,,,,,,,144.20,10,,"1,514.07",,,"3,090.00",,,,,,,,,,,,,,,
,Shreeji Pet Shop,Medicine & Supplements ,Medicine ,3017,PURCHASE,4050,2026-06-20,2026-06-20,147.14,309.00,309.00,151.41,144.20,10,20,"1,514.07",O3017-6757,O3017-6757,"3,090.00",2027-11-30,2027-11-30,,,83,83,URBANPETS SERVICES PRIVATE LIMITED,,201,Shreeji Pet Shop,CORISE HEALTHCARE PVT LTD,,,Gujarat,Ahmedabad
Opthocare-KT- Eye Drops 5ml,,,,,,,,,,,,,290.48,32,,"2,503.37",,,"5,485.00",,,,,,,,,,,,,,,
,Shreeji Pet Shop,Medicine & Supplements ,Medicine ,3006,PURCHASE,3429,2026-01-30,2026-01-30,74.37,170.00,170.00,78.09,74.37,4,6,312.35,O3006-9124,O3006-9124,680.00,2027-11-30,2027-11-30,,,224,224,URBANPETS SERVICES PRIVATE LIMITED,,201,Shreeji Pet Shop,Shreeji Pet Shop,,,Gujarat,Ahmedabad
,Shreeji Pet Shop,Medicine & Supplements ,Medicine ,3006,PURCHASE,3429,2026-01-30,2026-01-30,63.00,180.00,180.00,66.15,63.00,7,50,463.05,O3006-9125,O3006-9125,"1,260.00",2027-06-30,2027-06-30,,,224,224,URBANPETS SERVICES PRIVATE LIMITED,,201,Shreeji Pet Shop,Shreeji Pet Shop,,,Gujarat,Ahmedabad
,Shreeji Pet Shop,Medicine & Supplements ,Medicine ,3006,PURCHASE,3831,2026-04-21,2026-04-21,80.35,168.75,168.75,82.68,78.74,20,20,"1,653.60",O3006-4222,O3006-4222,"3,375.00",2027-05-30,2027-05-30,,,143,143,URBANPETS SERVICES PRIVATE LIMITED,,201,Shreeji Pet Shop,CORISE HEALTHCARE PVT LTD,,,Gujarat,Ahmedabad
,Shreeji Pet Shop,Medicine & Supplements ,Medicine ,3006,TRANSFER-IN,5010,2026-01-30,2026-08-19,74.37,170.00,170.00,74.37,74.37,1,2,74.37,O3006-9869,O3006-9869,170.00,2026-11-30,2026-11-30,,,224,23,URBANPETS SERVICES PRIVATE LIMITED,,201,Shreeji Pet Shop,Shreeji Pet Shop,,,Gujarat,Ahmedabad
OPUS OPULENCE H CARE TAB,,,,,,,,,,,,,180.79,13,,"2,773.32",,,"5,200.00",,,,,,,,,,,,,,,
,OPUS,Medicine & Supplements ,Medicine ,3057,PURCHASE,3430,2026-01-30,2026-01-30,180.79,400.00,400.00,213.33,180.79,13,16,"2,773.32",O3057-9155,O3057-9155,"5,200.00",2026-10-30,2026-10-30,,,224,224,URBANPETS SERVICES PRIVATE LIMITED,,151,OPUS,Shreeji Pet Shop,,,Gujarat,Ahmedabad
Oridot Ear Drop 10ml,,,,,,,,,,,,,144.64,7,,"1,063.10",,,"1,640.66",,,,,,,,,,,,,,,
,Intas,Medicine & Supplements ,Medical Equipment,12165,PURCHASE,4330,2026-08-14,2026-08-14,144.64,234.38,234.38,151.87,144.64,7,50,"1,063.10",O12165-9844,O12165-9844,"1,640.66",2027-12-30,2027-12-30,,,28,28,URBANPETS SERVICES PRIVATE LIMITED,,106,Intas,INTAS PHARMACEUTICALS LIMITED,,,Gujarat,Ahmedabad
ORIHEAL ITCHYFIX H TABLET,,,,,,,,,,,,,97.57,78,,"4,307.18",,,"8,835.00",,,,,,,,,,,,,,,
,Manufacturer,Medicine & Supplements ,Medicine ,10630,PURCHASE,3453,2026-01-30,2026-01-30,44.00,120.00,120.00,46.20,44.00,8,50,369.60,O10630-9770,O10630-9770,960.00,2027-08-30,2027-08-30,,,224,224,URBANPETS SERVICES PRIVATE LIMITED,,275,ORIHEAL,Shreeji Pet Shop,,,Gujarat,Ahmedabad
,Manufacturer,Medicine & Supplements ,Medicine ,10630,PURCHASE,4123,2026-06-27,2026-06-27,56.25,112.50,112.50,56.25,53.57,70,80,"3,937.58",O10630-7435,O10630-7435,"7,875.00",2027-08-30,2027-08-30,,,76,76,URBANPETS SERVICES PRIVATE LIMITED,,275,ORIHEAL,ORIHEAL LIFESCIENCES PVT LTD,,,Gujarat,Ahmedabad
ORIHEAL OPTHOVET G EYE DROPS 5 ML,,,,,,,,,,,,,40.59,44,,"1,875.24",,,"4,125.00",,,,,,,,,,,,,,,
,Manufacturer,Medicine & Supplements ,Medicine ,10632,PURCHASE,4123,2026-06-27,2026-06-27,46.88,93.75,100.00,42.62,40.59,44,110,"1,875.24",O10632-7434,O10632-7434,"4,125.00",2027-11-30,2027-11-30,,,76,76,URBANPETS SERVICES PRIVATE LIMITED,,275,ORIHEAL,ORIHEAL LIFESCIENCES PVT LTD,,,Gujarat,Ahmedabad
Oriheal Petsucra-Plus Suspension 200ml,,,,,,,,,,,,,374.70,43,,"6,354.39",,,"12,900.00",,,,,,,,,,,,,,,
,ORIHEAL,Medicine & Supplements ,Medicine ,10659,PURCHASE,3453,2026-01-30,2026-01-30,111.30,300.00,300.00,116.87,111.30,2,28,233.73,O10659-9777,O10659-9777,600.00,2027-02-28,2027-02-28,,,224,224,URBANPETS SERVICES PRIVATE LIMITED,,275,ORIHEAL,Shreeji Pet Shop,,,Gujarat,Ahmedabad
,ORIHEAL,Medicine & Supplements ,Medicine ,10659,PURCHASE,4329,2026-08-12,2026-08-12,150.00,300.00,300.00,150.00,142.86,40,40,"6,000.12",O10659-9842,O10659-9842,"12,000.00",2028-03-31,2028-03-31,,,30,30,URBANPETS SERVICES PRIVATE LIMITED,,275,ORIHEAL,ORIHEAL LIFESCIENCES PVT LTD,,,Gujarat,Ahmedabad
,ORIHEAL,Medicine & Supplements ,Medicine ,10659,TRANSFER-IN,5010,2026-01-30,2026-08-19,120.54,300.00,300.00,120.54,120.54,1,1,120.54,O10659-9871,O10659-9871,300.00,2027-02-28,2027-02-28,,,224,23,URBANPETS SERVICES PRIVATE LIMITED,,275,ORIHEAL,Shreeji Pet Shop,,,Gujarat,Ahmedabad
ORIHEAL PETZIPINE SUSPENSION 100 ML,,,,,,,,,,,,,270.10,35,,"4,971.27",,,"10,181.25",,,,,,,,,,,,,,,
,Manufacturer,Medicine & Supplements ,Medicine ,10628,PURCHASE,3721,2026-03-31,2026-03-31,140.63,281.25,281.25,133.60,127.24,17,30,"2,271.22",O10628-3072,O10628-3072,"4,781.25",,,,,164,164,URBANPETS SERVICES PRIVATE LIMITED,,275,ORIHEAL,ORIHEAL LIFESCIENCES PVT LTD,,,Gujarat,Ahmedabad
,Manufacturer,Medicine & Supplements ,Medicine ,10628,PURCHASE,4329,2026-08-12,2026-08-12,150.00,300.00,300.00,150.00,142.86,18,20,"2,700.05",O10628-9843,O10628-9843,"5,400.00",,,,,30,30,URBANPETS SERVICES PRIVATE LIMITED,,275,ORIHEAL,ORIHEAL LIFESCIENCES PVT LTD,,,Gujarat,Ahmedabad
Orthoron Plus,,,,,,,,,,,,,"1,768.32",14,,"13,605.97",,,"24,500.00",,,,,,,,,,,,,,,
,Natural Remedies,Medicine & Supplements ,Medical Equipment,12108,PURCHASE,4193,2026-07-13,2026-07-13,"1,186.44","1,750.00","1,750.00","1,143.33",968.93,2,12,"2,286.67",O12108-8332,O12108-8332,"3,500.00",2028-05-30,2028-05-30,,,60,60,URBANPETS SERVICES PRIVATE LIMITED,,142,Natural Remedies,FRIENDS MEDICINES,,,Gujarat,Ahmedabad
,Natural Remedies,Medicine & Supplements ,Medical Equipment,12108,PURCHASE,4351,2026-08-20,2026-08-20,815.70,"1,750.00","1,750.00",943.28,799.39,12,12,"11,319.30",O12108-78,O12108-78,"21,000.00",2028-06-30,2028-06-30,,,22,22,URBANPETS SERVICES PRIVATE LIMITED,,142,Natural Remedies,FRIENDS MEDICINES,,,Gujarat,Ahmedabad
otikoo ear drops 15 ml,,,,,,,,,,,,,76.18,6,,479.93,,,720.00,,,,,,,,,,,,,,,
,Veko,Medicine & Supplements ,Medicine ,11816,PURCHASE,3454,2026-01-31,2026-01-30,76.18,120.00,120.00,79.99,76.18,6,6,479.93,o11816-9869,o11816-9869,720.00,2028-11-30,2028-11-30,,,223,224,URBANPETS SERVICES PRIVATE LIMITED,,285,Veko,Shreeji Pet Shop,,,Gujarat,Ahmedabad
Otisoothe,,,,,,,,,,,,,406.70,140,,"30,578.52",,,"62,400.00",,,,,,,,,,,,,,,
,Hygiene,Medicine & Supplements ,Medicine ,2953,PURCHASE,3427,2026-01-30,2026-01-30,196.82,420.00,420.00,206.66,196.82,20,120,"4,133.22",O2953-9076,O2953-9076,"8,400.00",2027-09-30,2027-09-30,,,224,224,URBANPETS SERVICES PRIVATE LIMITED,,102,Hygiene,Shreeji Pet Shop,,,Gujarat,Ahmedabad
,Hygiene,Medicine & Supplements ,Medicine ,2953,PURCHASE,4444,2026-09-08,2026-09-08,257.00,450.00,450.00,220.38,209.88,120,120,"26,445.30",O2953-1154,O2953-1154,"54,000.00",2028-04-30,2028-04-30,,,3,3,URBANPETS SERVICES PRIVATE LIMITED,,102,Hygiene,Vivaldis Health and food pvt Ltd,,,Gujarat,Ahmedabad
out stain and Remover 750 ml,,,,,,,,,,,,,438.43,1,,517.35,,,"1,075.00",,,,,,,,,,,,,,,
,OUT!,Grooming,Others ,11107,PURCHASE,3443,2026-01-30,2026-01-30,438.43,"1,075.00","1,075.00",517.35,438.43,1,1,517.35,o11107-9492,o11107-9492,"1,075.00",2027-04-30,2027-04-30,,,224,224,URBANPETS SERVICES PRIVATE LIMITED,,154,OUT!,Shreeji Pet Shop,,,Gujarat,Ahmedabad
OUT Toilet Training Aid For Puppy 500 ML,,,,,,,,,,,,,395.23,3,,"1,185.69",,,"2,775.00",,,,,,,,,,,,,,,
,OUT!,Hygiene,Others ,2718,TRANSFER-IN,5018,2026-01-30,2026-08-21,395.23,925.00,925.00,395.23,395.23,3,3,"1,185.69",O2718-4,O2718-4,"2,775.00",2029-05-14,2029-05-14,,,224,21,URBANPETS SERVICES PRIVATE LIMITED,,154,OUT!,Shreeji Pet Shop,,,Gujarat,Ahmedabad
PA-305 ZP Cat E-Collar No-1,,,,,,,,,,,,,118.66,4,,280.04,,,560.00,,,,,,,,,,,,,,,
,other,Accessories,E-collar & Muzzle ,11416,PURCHASE,3450,2026-01-30,2026-01-30,59.33,140.00,140.00,70.01,59.33,1,2,70.01,P11416-9694,P11416-9694,140.00,,,,,224,224,URBANPETS SERVICES PRIVATE LIMITED,,255,other,Shreeji Pet Shop,,,Gujarat,Ahmedabad
,other,Accessories,E-collar & Muzzle ,11416,PURCHASE,4152,2026-07-10,2026-07-10,59.33,140.00,140.00,70.01,59.33,3,3,210.03,P11416-7930,P11416-7930,420.00,,,,,63,63,URBANPETS SERVICES PRIVATE LIMITED,,255,other,MAHIMA ENTERPRISE,,,Gujarat,Ahmedabad
PA-306 ZP Cat E-Coller No-2,,,,,,,,,,,,,169.50,4,,400.03,,,800.00,,,,,,,,,,,,,,,
,other,Accessories,E-collar & Muzzle ,11331,PURCHASE,4152,2026-07-10,2026-07-10,84.75,200.00,200.00,100.01,84.75,1,3,100.01,P11331-7931,P11331-7931,200.00,,,,,63,63,URBANPETS SERVICES PRIVATE LIMITED,,255,other,MAHIMA ENTERPRISE,,,Gujarat,Ahmedabad
,other,Accessories,E-collar & Muzzle ,11331,PURCHASE,4254,2026-08-04,2026-08-04,84.75,200.00,200.00,100.01,84.75,3,3,300.02,P11331-9163,P11331-9163,600.00,,,,,38,38,URBANPETS SERVICES PRIVATE LIMITED,,255,other,MAHIMA ENTERPRISE,,,Gujarat,Ahmedabad
PA-307 ZP Cat E-Coller No-3,,,,,,,,,,,,,122.89,3,,435.03,,,870.00,,,,,,,,,,,,,,,
,other,Accessories,E-collar & Muzzle ,11332,PURCHASE,4152,2026-07-10,2026-07-10,122.89,290.00,290.00,145.01,122.89,3,3,435.03,P11332-7932,P11332-7932,870.00,,,,,63,63,URBANPETS SERVICES PRIVATE LIMITED,,255,other,MAHIMA ENTERPRISE,,,Gujarat,Ahmedabad
PA-308 ZP Cat E-Coller No-4,,,,,,,,,,,,,239.56,5,,740.37,,,"1,750.00",,,,,,,,,,,,,,,
,other,Accessories,E-collar & Muzzle ,11333,PURCHASE,3994,2026-06-06,2026-06-06,148.31,350.00,350.00,107.68,91.25,2,3,215.35,P11333-7561,P11333-7561,700.00,,,,,97,97,URBANPETS SERVICES PRIVATE LIMITED,,255,other,MAHIMA ENTERPRISE,,,Gujarat,Ahmedabad
,other,Accessories,E-collar & Muzzle ,11333,PURCHASE,4254,2026-08-04,2026-08-04,148.31,350.00,350.00,175.01,148.31,3,3,525.02,P11333-9164,P11333-9164,"1,050.00",,,,,38,38,URBANPETS SERVICES PRIVATE LIMITED,,255,other,MAHIMA ENTERPRISE,,,Gujarat,Ahmedabad
Pads For protective Pants 10Pcs-L-XL,,,,,,,,,,,,,90.85,1,,95.39,,,185.00,,,,,,,,,,,,,,,
,Trixie,Hygiene,Diaper & Training Pads ,9627,PURCHASE,3444,2026-01-30,2026-01-30,90.85,185.00,185.00,95.39,90.85,1,1,95.39,P9627-9520,P9627-9520,185.00,2030-08-03,2030-08-03,,,224,224,URBANPETS SERVICES PRIVATE LIMITED,,218,Trixie,Shreeji Pet Shop,,,Gujarat,Ahmedabad
Patina Medicated Shampoo 220ml,,,,,,,,,,,,,196.43,2,,412.50,,,660.00,,,,,,,,,,,,,,,
,Patina,Grooming,Shampoo & Conditioner ,2406,PURCHASE,3420,2026-01-30,2026-01-30,196.43,330.00,330.00,206.25,196.43,2,2,412.50,P2406-8894,P2406-8894,660.00,2028-05-30,2028-05-30,,,224,224,URBANPETS SERVICES PRIVATE LIMITED,,102,Hygiene,Shreeji Pet Shop,,,Gujarat,Ahmedabad
Paw Cleaner S-M Blue,,,,,,,,,,,,,283.45,1,,334.47,,,695.00,,,,,,,,,,,,,,,
,Trixie,Hygiene,Others ,10317,PURCHASE,3447,2026-01-30,2026-01-30,283.45,695.00,695.00,334.47,283.45,1,1,334.47,P10317-9613,P10317-9613,695.00,,,,,224,224,URBANPETS SERVICES PRIVATE LIMITED,,218,Trixie,Shreeji Pet Shop,,,Gujarat,Ahmedabad
Paw Guard 25 gm,,,,,,,,,,,,,89.00,1,,89.00,,,210.00,,,,,,,,,,,,,,,
,Natural Remedies,Grooming,Cream & Spray ,11601,TRANSFER-IN,3852,2026-01-31,2026-02-26,89.00,210.00,210.00,89.00,89.00,1,5,89.00,P11601-1107,P11601-1107,210.00,2027-06-16,2027-06-16,,,223,197,URBANPETS SERVICES PRIVATE LIMITED,,142,Natural Remedies,Shreeji Pet Shop,,,Gujarat,Ahmedabad
Pawpaya Pet Wipes 100 Pack Tub 19x16,,,,,,,,,,,,,405.92,3,,700.38,,,"1,425.00",,,,,,,,,,,,,,,
,Petkin,Hygiene,Towels & Wipes ,9781,TRANSFER-IN,4789,2026-06-16,2026-07-16,221.40,475.00,475.00,239.49,202.96,2,2,478.98,P9781-8144,P9781-8144,950.00,2028-03-16,2028-03-16,,,87,57,URBANPETS SERVICES PRIVATE LIMITED,,172,Petkin,ABK Imports Pvt. Ltd,,,Gujarat,Ahmedabad
,Petkin,Hygiene,Towels & Wipes ,9781,TRANSFER-IN,5012,2026-06-16,2026-08-20,221.40,475.00,475.00,221.40,202.96,1,1,221.40,P9781-9924,P9781-9924,475.00,2028-03-16,2028-03-16,,,87,22,URBANPETS SERVICES PRIVATE LIMITED,,172,Petkin,ABK Imports Pvt. Ltd,,,Gujarat,Ahmedabad
Pawpaya Pet Wipes 100 Pull Pack 20x18,,,,,,,,,,,,,160.23,1,,189.07,,,375.00,,,,,,,,,,,,,,,
,Pawpaya,Hygiene,Towels & Wipes ,2652,TRANSFER-IN,4789,2026-06-16,2026-07-16,174.79,375.00,375.00,189.07,160.23,1,2,189.07,P2652-8143,P2652-8143,375.00,2027-10-09,2027-10-09,,,87,57,URBANPETS SERVICES PRIVATE LIMITED,,265,Pawpaya,ABK Imports Pvt. Ltd,,,Gujarat,Ahmedabad
pawpaya tooth wipes40pcs,,,,,,,,,,,,,87.68,1,,103.47,,,215.00,,,,,,,,,,,,,,,
,Pawpaya,Hygiene,Towels & Wipes ,11899,TRANSFER-IN,4789,2026-03-17,2026-07-16,100.21,215.00,215.00,103.47,87.68,1,2,103.47,p11899-8145,p11899-8145,215.00,2028-05-25,2028-05-25,,,178,57,URBANPETS SERVICES PRIVATE LIMITED,,265,Pawpaya,ABK Imports Pvt. Ltd,,,Gujarat,Ahmedabad
Pe Raincoat 2Xl,,,,,,,,,,,,,683.57,2,,"1,435.50",,,"3,190.00",,,,,,,,,,,,,,,
,Pets Empire,Clothing ,Raincoat ,12004,TRANSFER-IN,4774,2026-06-16,2026-07-14,683.57,"1,595.00","1,595.00",717.75,683.57,2,2,"1,435.50",P12004-8037,P12004-8037,"3,190.00",,,,,87,59,URBANPETS SERVICES PRIVATE LIMITED,,173,Pets Empire,Shri Krishna International,,,Gujarat,Ahmedabad
Pe Raincoat 4Xl,,,,,,,,,,,,,769.28,1,,807.75,,,"1,795.00",,,,,,,,,,,,,,,
,Pets Empire,Clothing ,Raincoat ,12006,TRANSFER-IN,4774,2026-06-16,2026-07-14,769.28,"1,795.00","1,795.00",807.75,769.28,1,2,807.75,P12006-8036,P12006-8036,"1,795.00",,,,,87,59,URBANPETS SERVICES PRIVATE LIMITED,,173,Pets Empire,Shri Krishna International,,,Gujarat,Ahmedabad
Pe Raincoat 5Xl,,,,,,,,,,,,,812.14,1,,812.14,,,"1,895.00",,,,,,,,,,,,,,,
,Pets Empire,Clothing ,Raincoat ,12007,TRANSFER-IN,5010,2026-06-16,2026-08-19,812.14,"1,895.00","1,895.00",812.14,812.14,1,1,812.14,P12007-9860,P12007-9860,"1,895.00",,,,,87,23,URBANPETS SERVICES PRIVATE LIMITED,,173,Pets Empire,Shri Krishna International,,,Gujarat,Ahmedabad
Pe Raincoat Xl,,,,,,,,,,,,,640.71,2,,"1,345.49",,,"2,990.00",,,,,,,,,,,,,,,
,Pets Empire,Clothing ,Raincoat ,12003,TRANSFER-IN,4774,2026-06-16,2026-07-14,640.71,"1,495.00","1,495.00",672.75,640.71,2,2,"1,345.49",P12003-8038,P12003-8038,"2,990.00",,,,,87,59,URBANPETS SERVICES PRIVATE LIMITED,,173,Pets Empire,Shri Krishna International,,,Gujarat,Ahmedabad
Pedigree Adlut and pupy 100% Veg 10kg,,,,,,,,,,,,,"3,739.20",2,,"3,954.80",,,"5,600.00",,,,,,,,,,,,,,,
,Pedigree,Dog Food,Veg Food ,6020,TRANSFER-IN,5120,2026-08-26,2026-09-08,"1,977.40","2,800.00","2,800.00","1,977.40","1,869.60",1,2,"1,977.40",P6020-981,P6020-981,"2,800.00",2027-07-18,2027-07-18,,,16,3,URBANPETS SERVICES PRIVATE LIMITED,,164,Pedigree,Jay Projects,,,Gujarat,Ahmedabad
,Pedigree,Dog Food,Veg Food ,6020,TRANSFER-IN,5132,2026-08-26,2026-09-09,"1,977.40","2,800.00","2,800.00","1,977.40","1,869.60",1,1,"1,977.40",P6020-1050,P6020-1050,"2,800.00",2027-07-18,2027-07-18,,,16,2,URBANPETS SERVICES PRIVATE LIMITED,,164,Pedigree,Jay Projects,,,Gujarat,Ahmedabad
Pedigree Adult And Puppy 100% Veg 2.8 Kg,,,,,,,,,,,,,"1,086.98",4,,"2,401.12",,,"3,400.00",,,,,,,,,,,,,,,
,Pedigree,Dog Food,Veg Food ,6074,TRANSFER-IN,5101,2026-08-08,2026-09-03,600.28,850.00,850.00,600.28,543.49,1,3,600.28,P6074-803,P6074-803,850.00,2027-07-18,2027-07-18,,,34,8,URBANPETS SERVICES PRIVATE LIMITED,,164,Pedigree,Jay Projects,,,Gujarat,Ahmedabad
,Pedigree,Dog Food,Veg Food ,6074,TRANSFER-IN,5120,2026-08-08,2026-09-08,600.28,850.00,850.00,600.28,543.49,3,3,"1,800.84",P6074-968,P6074-968,"2,550.00",2027-07-18,2027-07-18,,,34,3,URBANPETS SERVICES PRIVATE LIMITED,,164,Pedigree,Jay Projects,,,Gujarat,Ahmedabad
Pedigree Adult Chicken and Liver Gravy 130G,,,,,,,,,,,,,46.72,53,,"2,921.94",,,"3,710.00",,,,,,,,,,,,,,,
,Pedigree,Dog Food,Wet Food ,11036,PURCHASE,4321,2026-08-12,2026-08-12,49.41,70.00,70.00,55.13,46.72,53,360,"2,921.94",P11036-9787,P11036-9787,"3,710.00",2028-04-23,2028-04-23,,,30,30,URBANPETS SERVICES PRIVATE LIMITED,,164,Pedigree,Jay Projects,,,Gujarat,Ahmedabad
Pedigree Adult Chicken and Liver Gravy 70G,,,,,,,,,,,,,186.79,173,,"6,099.99",,,"8,650.00",,,,,,,,,,,,,,,
,Pedigree,Dog Food,Wet Food ,6741,TRANSFER-IN,4627,2026-03-14,2026-06-20,32.78,50.00,50.00,32.78,29.22,1,84,32.78,P6741-6651,P6741-6651,50.00,2027-08-30,2027-08-30,,,181,83,URBANPETS SERVICES PRIVATE LIMITED,,164,Pedigree,Jay Projects,,,Gujarat,Ahmedabad
,Pedigree,Dog Food,Wet Food ,6741,TRANSFER-IN,4816,2026-04-16,2026-07-20,35.31,50.00,50.00,38.52,32.64,1,112,38.52,P6741-8293,P6741-8293,50.00,2028-01-30,2028-01-30,,,148,53,URBANPETS SERVICES PRIVATE LIMITED,,164,Pedigree,Jay Projects,,,Gujarat,Ahmedabad
,Pedigree,Dog Food,Wet Food ,6741,TRANSFER-IN,4989,2026-03-19,2026-08-15,35.27,50.00,50.00,35.27,31.96,2,84,70.54,P6741-9716,P6741-9716,100.00,2030-08-30,2030-08-30,,,176,27,URBANPETS SERVICES PRIVATE LIMITED,,164,Pedigree,Jay Projects,,,Gujarat,Ahmedabad
,Pedigree,Dog Food,Wet Food ,6741,TRANSFER-IN,5071,2026-03-19,2026-08-29,35.27,50.00,50.00,35.27,31.96,84,84,"2,962.68",P6741-455,P6741-455,"4,200.00",2030-08-30,2030-08-30,,,176,13,URBANPETS SERVICES PRIVATE LIMITED,,164,Pedigree,Jay Projects,,,Gujarat,Ahmedabad
,Pedigree,Dog Food,Wet Food ,6741,TRANSFER-IN,5092,2026-03-19,2026-09-02,35.27,50.00,50.00,35.27,31.96,84,84,"2,962.68",P6741-700,P6741-700,"4,200.00",2030-08-30,2030-08-30,,,176,9,URBANPETS SERVICES PRIVATE LIMITED,,164,Pedigree,Jay Projects,,,Gujarat,Ahmedabad
,Pedigree,Dog Food,Wet Food ,6741,TRANSFER-IN,5132,2026-07-10,2026-09-09,32.79,50.00,50.00,32.79,29.05,1,224,32.79,P6741-1048,P6741-1048,50.00,2028-07-17,2028-07-17,,,63,2,URBANPETS SERVICES PRIVATE LIMITED,,164,Pedigree,Jay Projects,,,Gujarat,Ahmedabad
Pedigree Adult Chicken and Veg 10KG,,,,,,,,,,,,,"1,435.05",1,,"1,518.36",,,"2,150.00",,,,,,,,,,,,,,,
,Pedigree,Dog Food,Dry Food ,6747,TRANSFER-IN,5109,2026-07-10,2026-09-05,"1,518.36","2,150.00","2,150.00","1,518.36","1,435.05",1,1,"1,518.36",P6747-904,P6747-904,"2,150.00",2028-10-20,2028-10-20,,,63,6,URBANPETS SERVICES PRIVATE LIMITED,,164,Pedigree,Jay Projects,,,Gujarat,Ahmedabad
Pedigree Adult Chicken And Veg 2.8 kg,,,,,,,,,,,,,837.82,4,,"1,914.01",,,"2,620.00",,,,,,,,,,,,,,,
,Pedigree,Dog Food,Dry Food ,6133,TRANSFER-IN,4817,2026-07-08,2026-07-20,462.57,655.00,655.00,494.44,419.01,2,2,988.87,P6133-8302,P6133-8302,"1,310.00",2027-06-11,2027-06-11,,,65,53,URBANPETS SERVICES PRIVATE LIMITED,,164,Pedigree,Jay Projects,,,Gujarat,Ahmedabad
,Pedigree,Dog Food,Dry Food ,6133,TRANSFER-IN,4995,2026-08-08,2026-08-17,462.57,655.00,655.00,462.57,418.81,2,2,925.14,P6133-9760,P6133-9760,"1,310.00",2027-07-07,2027-07-07,,,34,25,URBANPETS SERVICES PRIVATE LIMITED,,164,Pedigree,Jay Projects,,,Gujarat,Ahmedabad
Pedigree Adult Meat and Rice 10KG,,,,,,,,,,,,,"2,868.76",2,,"3,210.32",,,"4,300.00",,,,,,,,,,,,,,,
,Pedigree,Dog Food,Dry Food ,25,TRANSFER-IN,4777,2026-06-13,2026-07-14,"1,518.36","2,150.00","2,150.00","1,691.96","1,433.87",1,1,"1,691.96",P25-8046,P25-8046,"2,150.00",2028-05-30,2028-05-30,,,90,59,URBANPETS SERVICES PRIVATE LIMITED,,164,Pedigree,Jay Projects,,,Gujarat,Ahmedabad
,Pedigree,Dog Food,Dry Food ,25,TRANSFER-IN,5048,2026-07-29,2026-08-26,"1,518.36","2,150.00","2,150.00","1,518.36","1,434.89",1,1,"1,518.36",P25-260,P25-260,"2,150.00",2027-05-16,2027-05-16,,,44,16,URBANPETS SERVICES PRIVATE LIMITED,,164,Pedigree,Jay Projects,,,Gujarat,Ahmedabad
Pedigree Adult Meat And Rice 2.8kg,,,,,,,,,,,,,437.35,1,,462.57,,,655.00,,,,,,,,,,,,,,,
,Pedigree,Dog Food,Dry Food ,6131,TRANSFER-IN,5088,2026-08-26,2026-09-01,462.57,655.00,655.00,462.57,437.35,1,4,462.57,P6131-601,P6131-601,655.00,2027-05-15,2027-05-15,,,16,10,URBANPETS SERVICES PRIVATE LIMITED,,164,Pedigree,Jay Projects,,,Gujarat,Ahmedabad
Pedigree Dentastix Large 270gm,,,,,,,,,,,,,152.73,8,,"1,423.76",,,"2,240.00",,,,,,,,,,,,,,,
,Pedigree,"Treats, Biscuits & Chews ",Treats  ,4307,TRANSFER-IN,5110,2026-06-13,2026-09-05,177.97,280.00,280.00,177.97,152.73,8,15,"1,423.76",P4307-915,P4307-915,"2,240.00",2027-08-30,2027-08-30,,,90,6,URBANPETS SERVICES PRIVATE LIMITED,,164,Pedigree,Jay Projects,,,Gujarat,Ahmedabad
Pedigree Dentastix Medium 180gm,,,,,,,,,,,,,114.55,5,,667.40,,,"1,050.00",,,,,,,,,,,,,,,
,Pedigree,"Treats, Biscuits & Chews ",Treats  ,4314,TRANSFER-IN,5004,2026-06-13,2026-08-18,133.48,210.00,210.00,133.48,114.55,5,10,667.40,P4314-9808,P4314-9808,"1,050.00",2027-08-30,2027-08-30,,,90,24,URBANPETS SERVICES PRIVATE LIMITED,,164,Pedigree,Jay Projects,,,Gujarat,Ahmedabad
Pedigree Dentastix Small 110gm,,,,,,,,,,,,,187.21,9,,914.30,,,"1,440.00",,,,,,,,,,,,,,,
,Pedigree,"Treats, Biscuits & Chews ",Treats  ,7461,TRANSFER-IN,4945,2026-07-08,2026-08-08,101.70,160.00,160.00,101.70,100.13,4,5,406.80,P7461-9403,P7461-9403,640.00,2027-06-08,2027-06-08,,,65,34,URBANPETS SERVICES PRIVATE LIMITED,,164,Pedigree,Jay Projects,,,Gujarat,Ahmedabad
,Pedigree,"Treats, Biscuits & Chews ",Treats  ,7461,TRANSFER-IN,5120,2026-06-13,2026-09-08,101.50,160.00,160.00,101.50,87.08,5,5,507.50,P7461-970,P7461-970,800.00,2027-08-30,2027-08-30,,,90,3,URBANPETS SERVICES PRIVATE LIMITED,,164,Pedigree,Jay Projects,,,Gujarat,Ahmedabad
Pedigree Pro Active Adult 20KG,,,,,,,,,,,,,"4,338.05",1,,"4,404.66",,,"6,930.00",,,,,,,,,,,,,,,
,Pedigree,Dog Food,Dry Food ,17,TRANSFER-IN,5126,2026-08-26,2026-09-09,"4,404.66","6,930.00","6,930.00","4,404.66","4,338.05",1,1,"4,404.66",P17-1013,P17-1013,"6,930.00",2027-07-15,2027-07-15,,,16,2,URBANPETS SERVICES PRIVATE LIMITED,,164,Pedigree,Jay Projects,,,Gujarat,Ahmedabad
Pedigree Pro Active Adult 3KG,,,,,,,,,,,,,763.58,2,,"1,802.05",,,"2,440.00",,,,,,,,,,,,,,,
,Pedigree,Dog Food,Dry Food ,16,PURCHASE,3412,2026-01-30,2026-01-30,763.58,"1,220.00","1,220.00",901.03,763.58,2,2,"1,802.05",P16-8667,P16-8667,"2,440.00",2026-06-14,2026-06-14,,,224,224,URBANPETS SERVICES PRIVATE LIMITED,,164,Pedigree,Shreeji Pet Shop,,,Gujarat,Ahmedabad
Pedigree Puppy Chicken and Liver Gravy 130G,,,,,,,,,,,,,130.73,64,,"3,042.46",,,"4,380.00",,,,,,,,,,,,,,,
,Pedigree,Dog Food,Wet Food ,11037,TRANSFER-IN,3746,2026-01-30,2026-02-12,37.30,60.00,60.00,37.30,37.30,10,30,373.00,P11037-310,P11037-310,600.00,2027-07-15,2027-07-15,,,224,211,URBANPETS SERVICES PRIVATE LIMITED,,164,Pedigree,Shreeji Pet Shop,,,Gujarat,Ahmedabad
,Pedigree,Dog Food,Wet Food ,11037,TRANSFER-IN,5056,2026-07-25,2026-08-27,49.44,70.00,70.00,49.44,46.71,24,24,"1,186.56",P11037-366,P11037-366,"1,680.00",2027-06-16,2027-06-16,,,48,15,URBANPETS SERVICES PRIVATE LIMITED,,164,Pedigree,Jay Projects,,,Gujarat,Ahmedabad
,Pedigree,Dog Food,Wet Food ,11037,TRANSFER-IN,5085,2026-08-19,2026-08-31,49.43,70.00,70.00,49.43,46.72,30,30,"1,482.90",P11037-597,P11037-597,"2,100.00",2028-04-14,2028-04-14,,,23,11,URBANPETS SERVICES PRIVATE LIMITED,,164,Pedigree,Jay Projects,,,Gujarat,Ahmedabad
Pedigree Puppy Chicken And Liver Gravy 70Gm,,,,,,,,,,,,,118.81,155,,"5,072.43",,,"7,750.00",,,,,,,,,,,,,,,
,Pedigree,Dog Food,Wet Food ,7302,TRANSFER-IN,4705,2026-01-30,2026-07-01,31.12,50.00,50.00,31.12,31.12,6,90,186.72,P7302-7297,P7302-7297,300.00,2027-08-18,2027-08-18,,,224,72,URBANPETS SERVICES PRIVATE LIMITED,,164,Pedigree,Shreeji Pet Shop,,,Gujarat,Ahmedabad
,Pedigree,Dog Food,Wet Food ,7302,TRANSFER-IN,4907,2026-03-14,2026-08-03,32.79,50.00,50.00,32.79,29.23,37,84,"1,213.23",P7302-9044,P7302-9044,"1,850.00",2027-08-30,2027-08-30,,,181,39,URBANPETS SERVICES PRIVATE LIMITED,,164,Pedigree,Jay Projects,,,Gujarat,Ahmedabad
,Pedigree,Dog Food,Wet Food ,7302,TRANSFER-IN,5043,2026-03-14,2026-08-25,32.79,50.00,50.00,32.79,29.23,56,56,"1,836.24",P7302-197,P7302-197,"2,800.00",2027-08-30,2027-08-30,,,181,17,URBANPETS SERVICES PRIVATE LIMITED,,164,Pedigree,Jay Projects,,,Gujarat,Ahmedabad
,Pedigree,Dog Food,Wet Food ,7302,TRANSFER-IN,5056,2026-03-14,2026-08-27,32.79,50.00,50.00,32.79,29.23,56,56,"1,836.24",P7302-367,P7302-367,"2,800.00",2027-08-30,2027-08-30,,,181,15,URBANPETS SERVICES PRIVATE LIMITED,,164,Pedigree,Jay Projects,,,Gujarat,Ahmedabad
Pedigree Puppy Chicken and Milk 10KG,,,,,,,,,,,,,"1,581.21",1,,"1,581.21",,,"2,239.00",,,,,,,,,,,,,,,
,Pedigree,Dog Food,Dry Food ,1,TRANSFER-IN,5083,2026-08-05,2026-08-31,"1,581.21","2,239.00","2,239.00","1,581.21","1,581.21",1,1,"1,581.21",P1-594,P1-594,"2,239.00",2027-06-30,2027-06-30,,,37,11,URBANPETS SERVICES PRIVATE LIMITED,,164,Pedigree,Jay Projects,,,Gujarat,Ahmedabad
Pedigree Puppy Chicken And Milk 2.8 kg,,,,,,,,,,,,,858.26,4,,"1,935.04",,,"2,740.00",,,,,,,,,,,,,,,
,Pedigree,Dog Food,Dry Food ,6132,TRANSFER-IN,5071,2026-07-29,2026-08-29,483.76,685.00,685.00,483.76,400.87,2,3,967.52,P6132-450,P6132-450,"1,370.00",2027-06-14,2027-06-14,,,44,13,URBANPETS SERVICES PRIVATE LIMITED,,164,Pedigree,Jay Projects,,,Gujarat,Ahmedabad
,Pedigree,Dog Food,Dry Food ,6132,TRANSFER-IN,5120,2026-08-26,2026-09-08,483.76,685.00,685.00,483.76,457.39,2,2,967.52,P6132-967,P6132-967,"1,370.00",2027-07-17,2027-07-17,,,16,3,URBANPETS SERVICES PRIVATE LIMITED,,164,Pedigree,Jay Projects,,,Gujarat,Ahmedabad
Pedigree Puppy Chicken and Milk 20KG,,,,,,,,,,,,,"2,736.88",2,,"5,559.32",,,"8,200.00",,,,,,,,,,,,,,,
,Pedigree,Dog Food,Dry Food ,39,TRANSFER-IN,4947,2026-08-05,2026-08-08,"2,779.66","4,100.00","4,100.00","2,779.66","2,736.88",2,2,"5,559.32",P39-9425,P39-9425,"8,200.00",2027-12-30,2027-12-30,,,37,34,URBANPETS SERVICES PRIVATE LIMITED,,164,Pedigree,Jay Projects,,,Gujarat,Ahmedabad
Pedigree schmackos stix grilled liver,,,,,,,,,,,,,118.28,2,,240.26,,,378.00,,,,,,,,,,,,,,,
,Pedigree,Dog Food,Treats  ,12148,TRANSFER-IN,4945,2026-08-05,2026-08-08,120.13,189.00,189.00,120.13,118.28,2,3,240.26,P12148-9410,P12148-9410,378.00,2027-08-28,2027-08-28,,,37,34,URBANPETS SERVICES PRIVATE LIMITED,,164,Pedigree,Jay Projects,,,Gujarat,Ahmedabad
Pedigree Tasty Jerky Carrot and Herb 70gm,,,,,,,,,,,,,113.55,2,,240.26,,,378.00,,,,,,,,,,,,,,,
,Pedigree,"Treats, Biscuits & Chews ",Treats  ,12097,TRANSFER-IN,4945,2026-07-08,2026-08-08,120.13,189.00,189.00,120.13,113.55,2,3,240.26,P12097-9413,P12097-9413,378.00,2027-09-27,2027-09-27,,,65,34,URBANPETS SERVICES PRIVATE LIMITED,,164,Pedigree,Jay Projects,,,Gujarat,Ahmedabad
Pedigree Tasty Jerky Chicken 80 gm,,,,,,,,,,,,,83.31,3,,324.15,,,510.00,,,,,,,,,,,,,,,
,Pedigree,"Treats, Biscuits & Chews ",Treats  ,4309,TRANSFER-IN,5110,2026-03-17,2026-09-05,108.05,170.00,170.00,108.05,83.31,3,3,324.15,P4309-916,P4309-916,510.00,2027-04-24,2027-04-24,,,178,6,URBANPETS SERVICES PRIVATE LIMITED,,164,Pedigree,Jay Projects,,,Gujarat,Ahmedabad
Pedigree Tasty Jerky Goat Milk 70gm,,,,,,,,,,,,,227.10,4,,480.52,,,756.00,,,,,,,,,,,,,,,
,Pedigree,"Treats, Biscuits & Chews ",Treats  ,12098,TRANSFER-IN,4945,2026-07-08,2026-08-08,120.13,189.00,189.00,120.13,113.55,1,3,120.13,P12098-9414,P12098-9414,189.00,2027-09-25,2027-09-25,,,65,34,URBANPETS SERVICES PRIVATE LIMITED,,164,Pedigree,Jay Projects,,,Gujarat,Ahmedabad
,Pedigree,"Treats, Biscuits & Chews ",Treats  ,12098,TRANSFER-IN,5110,2026-07-08,2026-09-05,120.13,189.00,189.00,120.13,113.55,3,3,360.39,P12098-917,P12098-917,567.00,2027-09-25,2027-09-25,,,65,6,URBANPETS SERVICES PRIVATE LIMITED,,164,Pedigree,Jay Projects,,,Gujarat,Ahmedabad
Pedigree Tasty Jerky Grilled Liver 80 Gm,,,,,,,,,,,,,104.19,1,,106.36,,,170.00,,,,,,,,,,,,,,,
,Pedigree,"Treats, Biscuits & Chews ",Treats  ,9808,TRANSFER-IN,4698,2026-02-04,2026-06-30,106.36,170.00,170.00,106.36,104.19,1,4,106.36,P9808-7244,P9808-7244,170.00,2028-08-30,2028-08-30,,,219,73,URBANPETS SERVICES PRIVATE LIMITED,,164,Pedigree,Jay Projects,,,Gujarat,Ahmedabad
Pedigree Tasty Jerky Roasted Lamb 80 Gm,,,,,,,,,,,,,118.28,4,,480.52,,,756.00,,,,,,,,,,,,,,,
,Pedigree,"Treats, Biscuits & Chews ",Treats  ,9811,TRANSFER-IN,5127,2026-08-19,2026-09-09,120.13,189.00,189.00,120.13,118.28,4,5,480.52,P9811-1024,P9811-1024,756.00,2027-12-09,2027-12-09,,,23,2,URBANPETS SERVICES PRIVATE LIMITED,,164,Pedigree,Jay Projects,,,Gujarat,Ahmedabad
Pendom 40-DSR Tab.,,,,,,,,,,,,,87.59,29,,"2,667.04",,,"5,437.50",,,,,,,,,,,,,,,
,other,Medicine & Supplements ,Medicine ,10415,PURCHASE,4388,2026-08-27,2026-08-27,143.00,187.50,187.50,91.97,87.59,29,32,"2,667.04",P10415-512,P10415-512,"5,437.50",2029-01-30,2029-01-30,,,15,15,URBANPETS SERVICES PRIVATE LIMITED,,255,other,FRIENDS MEDICINES,,,Gujarat,Ahmedabad
Perinorm Syrup,,,,,,,,,,,,,23.75,17,,423.86,,,546.04,,,,,,,,,,,,,,,
,Hygiene,Medicine & Supplements ,Medicine ,3123,PURCHASE,4125,2026-06-29,2026-06-29,24.48,32.12,32.12,24.93,23.75,17,20,423.86,P3123-7439,P3123-7439,546.04,2028-12-30,2028-12-30,,,74,74,URBANPETS SERVICES PRIVATE LIMITED,,102,Hygiene,PATEL PHARMA,,,Gujarat,Ahmedabad
Pet Care Selamac 1.0 mL 1P,,,,,,,,,,,,,441.53,7,,"3,245.25",,,"4,270.00",,,,,,,,,,,,,,,
,PETCARE,Medicine & Supplements ,Supplements ,3044,PURCHASE,4292,2026-08-11,2026-08-11,441.53,610.00,610.00,463.61,441.53,7,10,"3,245.25",P3044-9675,P3044-9675,"4,270.00",2029-04-30,2029-04-30,,,31,31,URBANPETS SERVICES PRIVATE LIMITED,,170,PETCARE,MAHIMA ENTERPRISE,,,Gujarat,Ahmedabad
Pet Care Selamec 0.5 ml,,,,,,,,,,,,,230.48,12,,"2,904.02",,,"3,960.00",,,,,,,,,,,,,,,
,PETCARE,Medicine & Supplements ,Supplements ,2840,PURCHASE,4292,2026-08-11,2026-08-11,251.43,330.00,330.00,242.00,230.48,12,12,"2,904.02",P2840-9676,P2840-9676,"3,960.00",2028-10-30,2028-10-30,,,31,31,URBANPETS SERVICES PRIVATE LIMITED,,170,PETCARE,MAHIMA ENTERPRISE,,,Gujarat,Ahmedabad
Pet Derm Medicated foam Shampoo 200ml,,,,,,,,,,,,,173.60,21,,"3,827.96",,,"7,323.75",,,,,,,,,,,,,,,
,Zenex AH,Grooming,Shampoo & Conditioner ,11072,PURCHASE,4170,2026-07-13,2026-07-13,265.72,348.75,348.75,182.28,173.60,21,60,"3,827.96",P11072-8110,P11072-8110,"7,323.75",2027-04-30,2027-04-30,,,60,60,URBANPETS SERVICES PRIVATE LIMITED,,309,Zenex AH,FRIENDS MEDICINES,,,Gujarat,Ahmedabad
Pet Derm Spray 100 ml,,,,,,,,,,,,,269.06,5,,699.56,,,"1,130.00",,,,,,,,,,,,,,,
,Zenex AH,Medicine & Supplements ,Medicine ,11106,PURCHASE,3443,2026-01-30,2026-01-30,134.53,226.00,226.00,141.26,134.53,4,11,565.03,P11106-9491,P11106-9491,904.00,2026-09-30,2026-09-30,,,224,224,URBANPETS SERVICES PRIVATE LIMITED,,309,Zenex AH,Shreeji Pet Shop,,,Gujarat,Ahmedabad
,Zenex AH,Medicine & Supplements ,Medicine ,11106,TRANSFER-IN,5010,2026-01-30,2026-08-19,134.53,226.00,226.00,134.53,134.53,1,1,134.53,P11106-9872,P11106-9872,226.00,2026-09-30,2026-09-30,,,224,23,URBANPETS SERVICES PRIVATE LIMITED,,309,Zenex AH,Shreeji Pet Shop,,,Gujarat,Ahmedabad
Pet Liquid Oral Care 225 ml Invisible  Formula,,,,,,,,,,,,,325.87,2,,684.33,,,"1,598.00",,,,,,,,,,,,,,,
,Petkin,Medicine & Supplements ,Medicine ,3035,PURCHASE,3430,2026-01-30,2026-01-30,325.87,799.00,799.00,342.16,325.87,2,3,684.33,P3035-9148,P3035-9148,"1,598.00",2027-09-28,2027-09-28,,,224,224,URBANPETS SERVICES PRIVATE LIMITED,,172,Petkin,Shreeji Pet Shop,,,Gujarat,Ahmedabad
Pet Pattern - Lemon 5 KG,,,,,,,,,,,,,184.50,2,,369.00,,,"1,000.00",,,,,,,,,,,,,,,
,Pet Pattern,Hygiene,Cat Litter ,10927,TRANSFER-IN,5127,2026-08-18,2026-09-09,184.50,500.00,500.00,184.50,184.50,2,2,369.00,P10927-1026,P10927-1026,"1,000.00",2027-12-31,2027-12-31,,,24,2,URBANPETS SERVICES PRIVATE LIMITED,,302,Pet Pattern,Sai International Pet Product Privet Limited,,,Gujarat,Ahmedabad
Pet Perk Anti Fungal Spray,,,,,,,,,,,,,126.70,32,,"4,784.01",,,"9,568.00",,,,,,,,,,,,,,,
,Medicines,Medicine & Supplements ,Medicine ,11932,PURCHASE,4419,2026-09-01,2026-09-01,253.39,299.00,299.00,149.50,126.70,32,50,"4,784.01",P11932-870,P11932-870,"9,568.00",2028-01-30,2028-01-30,,,10,10,URBANPETS SERVICES PRIVATE LIMITED,,255,other,Prine Nanotech,,,Gujarat,Ahmedabad
Pet Shot Forest 100ml,,,,,,,,,,,,,174.00,5,,913.50,,,"1,600.00",,,,,,,,,,,,,,,
,other,Grooming,Dry Bath & Perfumes ,10664,PURCHASE,4000,2026-06-08,2026-06-08,174.00,320.00,320.00,182.70,174.00,5,5,913.50,P10664-6049,P10664-6049,"1,600.00",2028-04-30,2028-04-30,,,95,95,URBANPETS SERVICES PRIVATE LIMITED,,255,other,integrated healthcare,,,Gujarat,Ahmedabad
Pet Shot Impect 100ml,,,,,,,,,,,,,174.00,5,,913.50,,,"1,600.00",,,,,,,,,,,,,,,
,other,Grooming,Dry Bath & Perfumes ,10665,PURCHASE,4000,2026-06-08,2026-06-08,174.00,320.00,320.00,182.70,174.00,5,5,913.50,P10665-6050,P10665-6050,"1,600.00",2028-04-30,2028-04-30,,,95,95,URBANPETS SERVICES PRIVATE LIMITED,,255,other,integrated healthcare,,,Gujarat,Ahmedabad
Pet Shot Misty 100ml,,,,,,,,,,,,,190.00,1,,199.50,,,350.00,,,,,,,,,,,,,,,
,other,Grooming,Dry Bath & Perfumes ,10666,PURCHASE,4000,2026-06-08,2026-06-08,190.00,350.00,350.00,199.50,190.00,1,3,199.50,P10666-6051,P10666-6051,350.00,2028-02-28,2028-02-28,,,95,95,URBANPETS SERVICES PRIVATE LIMITED,,255,other,integrated healthcare,,,Gujarat,Ahmedabad
Pet Shot Musk 100ml,,,,,,,,,,,,,158.00,3,,497.70,,,773.43,,,,,,,,,,,,,,,
,other,Grooming,Dry Bath & Perfumes ,10667,PURCHASE,3448,2026-01-30,2026-01-30,158.00,257.81,257.81,165.90,158.00,3,4,497.70,P10667-9625,P10667-9625,773.43,2027-06-30,2027-06-30,,,224,224,URBANPETS SERVICES PRIVATE LIMITED,,255,other,Shreeji Pet Shop,,,Gujarat,Ahmedabad
Pet Wear -Reversible Winter Jecket -L,,,,,,,,,,,,,700.00,2,,"1,470.00",,,"2,900.00",,,,,,,,,,,,,,,
,Pet Wear,Clothing ,Jacket ,1462,PURCHASE,3415,2026-01-30,2026-01-30,700.00,"1,450.00","1,450.00",735.00,700.00,2,2,"1,470.00",P1462-8744,P1462-8744,"2,900.00",,,,,224,224,URBANPETS SERVICES PRIVATE LIMITED,,168,Pet Wear,Shreeji Pet Shop,,,Gujarat,Ahmedabad
Pet Wear Cozy Pupper Reversible Winter Jacket - 3XL,,,,,,,,,,,,,750.00,3,,"2,362.50",,,"6,000.00",,,,,,,,,,,,,,,
,Pet Wear,Clothing ,Jacket ,10222,PURCHASE,3447,2026-01-30,2026-01-30,750.00,"2,000.00","2,000.00",787.50,750.00,3,3,"2,362.50",P10222-9604,P10222-9604,"6,000.00",,,,,224,224,URBANPETS SERVICES PRIVATE LIMITED,,168,Pet Wear,Shreeji Pet Shop,,,Gujarat,Ahmedabad
Pet Wear Cozy Pupper Reversible Winter Jacket - XL,,,,,,,,,,,,,656.25,1,,689.06,,,"1,750.00",,,,,,,,,,,,,,,
,Pet Wear,Clothing ,Jacket ,10220,PURCHASE,3447,2026-01-30,2026-01-30,656.25,"1,750.00","1,750.00",689.06,656.25,1,1,689.06,P10220-9603,P10220-9603,"1,750.00",,,,,224,224,URBANPETS SERVICES PRIVATE LIMITED,,168,Pet Wear,Shreeji Pet Shop,,,Gujarat,Ahmedabad
Pet Wear Frock - S,,,,,,,,,,,,,450.00,7,,"3,307.50",,,"6,650.00",,,,,,,,,,,,,,,
,Pet Wear,Clothing ,Frock,1455,PURCHASE,3415,2026-01-30,2026-01-30,450.00,950.00,950.00,472.50,450.00,7,7,"3,307.50",P1455-8743,P1455-8743,"6,650.00",,,,,224,224,URBANPETS SERVICES PRIVATE LIMITED,,168,Pet Wear,Shreeji Pet Shop,,,Gujarat,Ahmedabad
Pet Wear Furever Hoodie - 32,,,,,,,,,,,,,450.00,1,,472.50,,,"1,200.00",,,,,,,,,,,,,,,
,Pet Wear,Clothing ,Hoodies ,10157,PURCHASE,3447,2026-01-30,2026-01-30,450.00,"1,200.00","1,200.00",472.50,450.00,1,1,472.50,P10157-9599,P10157-9599,"1,200.00",,,,,224,224,URBANPETS SERVICES PRIVATE LIMITED,,168,Pet Wear,Shreeji Pet Shop,,,Gujarat,Ahmedabad
Pet Wear Furever Sandoz - 20,,,,,,,,,,,,,300.00,4,,"1,260.00",,,"3,000.00",,,,,,,,,,,,,,,
,Pet Wear,Clothing ,Sandoz ,1440,PURCHASE,3415,2026-01-30,2026-01-30,300.00,750.00,750.00,315.00,300.00,4,4,"1,260.00",P1440-8739,P1440-8739,"3,000.00",,,,,224,224,URBANPETS SERVICES PRIVATE LIMITED,,168,Pet Wear,Shreeji Pet Shop,,,Gujarat,Ahmedabad
Pet Wear Furever Sandoz - 22,,,,,,,,,,,,,300.00,5,,"1,575.00",,,"3,750.00",,,,,,,,,,,,,,,
,Pet Wear,Clothing ,Sandoz ,1441,PURCHASE,3415,2026-01-30,2026-01-30,300.00,750.00,750.00,315.00,300.00,5,5,"1,575.00",P1441-8740,P1441-8740,"3,750.00",,,,,224,224,URBANPETS SERVICES PRIVATE LIMITED,,168,Pet Wear,Shreeji Pet Shop,,,Gujarat,Ahmedabad
Pet Wear Furever Sandoz - 28,,,,,,,,,,,,,371.00,9,,"3,505.95",,,"8,100.00",,,,,,,,,,,,,,,
,Pet Wear,Clothing ,Sandoz ,1444,PURCHASE,3415,2026-01-30,2026-01-30,371.00,900.00,900.00,389.55,371.00,9,9,"3,505.95",P1444-8741,P1444-8741,"8,100.00",,,,,224,224,URBANPETS SERVICES PRIVATE LIMITED,,168,Pet Wear,Shreeji Pet Shop,,,Gujarat,Ahmedabad
Pet Wear Furever Sandoz - 32,,,,,,,,,,,,,450.00,3,,"1,417.50",,,"3,000.00",,,,,,,,,,,,,,,
,Pet Wear,Clothing ,Sandoz ,1446,PURCHASE,3415,2026-01-30,2026-01-30,450.00,"1,000.00","1,000.00",472.50,450.00,3,3,"1,417.50",P1446-8742,P1446-8742,"3,000.00",,,,,224,224,URBANPETS SERVICES PRIVATE LIMITED,,168,Pet Wear,Shreeji Pet Shop,,,Gujarat,Ahmedabad
Pet Wear Sherwani XL,,,,,,,,,,,,,"1,400.00",2,,"2,940.00",,,"4,400.00",,,,,,,,,,,,,,,
,Pet Wear,Clothing ,Sherwani ,1453,PURCHASE,3415,2026-01-30,2026-01-30,"1,400.00","2,200.00","2,200.00","1,470.00","1,400.00",2,2,"2,940.00",P1453-8763,P1453-8763,"4,400.00",,,,,224,224,URBANPETS SERVICES PRIVATE LIMITED,,168,Pet Wear,Shreeji Pet Shop,,,Gujarat,Ahmedabad
Petaholic Air Mesh collar -L,,,,,,,,,,,,,572.03,2,,621.80,,,"1,500.00",,,,,,,,,,,,,,,
,Petaholic,Walk Essentials,Collar ,11127,PURCHASE,3443,2026-01-30,2026-01-30,276.48,725.00,725.00,326.25,276.48,1,1,326.25,P11127-9504,P11127-9504,725.00,,,,,224,224,URBANPETS SERVICES PRIVATE LIMITED,,169,Petaholic ,Shreeji Pet Shop,,,Gujarat,Ahmedabad
,Petaholic,Walk Essentials,Collar ,11127,TRANSFER-IN,5012,2026-04-27,2026-08-20,295.55,775.00,775.00,295.55,295.55,1,1,295.55,P11127-9934,P11127-9934,775.00,,,,,137,22,URBANPETS SERVICES PRIVATE LIMITED,,169,Petaholic ,PETAHOLIC PET PRODUCTS PRIVATE LIMITED,,,Gujarat,Ahmedabad
Petaholic Air Mesh collar -XL,,,,,,,,,,,,,379.44,1,,379.44,,,995.00,,,,,,,,,,,,,,,
,Petaholic,Walk Essentials,Collar ,11128,TRANSFER-IN,5012,2026-04-27,2026-08-20,379.44,995.00,995.00,379.44,379.44,1,1,379.44,P11128-9933,P11128-9933,995.00,,,,,137,22,URBANPETS SERVICES PRIVATE LIMITED,,169,Petaholic ,PETAHOLIC PET PRODUCTS PRIVATE LIMITED,,,Gujarat,Ahmedabad
Petaholic Air Mesh Harness - L,,,,,,,,,,,,,629.24,1,,742.50,,,"1,650.00",,,,,,,,,,,,,,,
,Petaholic,Walk Essentials,Harness ,11117,PURCHASE,3443,2026-01-30,2026-01-30,629.24,"1,650.00","1,650.00",742.50,629.24,1,1,742.50,P11117-9496,P11117-9496,"1,650.00",,,,,224,224,URBANPETS SERVICES PRIVATE LIMITED,,169,Petaholic ,Shreeji Pet Shop,,,Gujarat,Ahmedabad
Petaholic Air Mesh Harness - M,,,,,,,,,,,,,514.83,2,,"1,215.00",,,"2,700.00",,,,,,,,,,,,,,,
,Petaholic,Walk Essentials,Harness ,11116,PURCHASE,3443,2026-01-30,2026-01-30,514.83,"1,350.00","1,350.00",607.50,514.83,2,3,"1,215.00",P11116-9495,P11116-9495,"2,700.00",,,,,224,224,URBANPETS SERVICES PRIVATE LIMITED,,169,Petaholic ,Shreeji Pet Shop,,,Gujarat,Ahmedabad
Petaholic Air Mesh Harness - S,,,,,,,,,,,,,400.42,1,,472.50,,,"1,050.00",,,,,,,,,,,,,,,
,Petaholic,Walk Essentials,Harness ,11115,PURCHASE,3443,2026-01-30,2026-01-30,400.42,"1,050.00","1,050.00",472.50,400.42,1,1,472.50,P11115-9494,P11115-9494,"1,050.00",,,,,224,224,URBANPETS SERVICES PRIVATE LIMITED,,169,Petaholic ,Shreeji Pet Shop,,,Gujarat,Ahmedabad
Petaholic Air Mesh Harness - XS,,,,,,,,,,,,,324.15,2,,764.99,,,"1,700.00",,,,,,,,,,,,,,,
,Petaholic,Walk Essentials,Harness ,11114,PURCHASE,3443,2026-01-30,2026-01-30,324.15,850.00,850.00,382.50,324.15,2,2,764.99,P11114-9493,P11114-9493,"1,700.00",,,,,224,224,URBANPETS SERVICES PRIVATE LIMITED,,169,Petaholic ,Shreeji Pet Shop,,,Gujarat,Ahmedabad
Petaholic Air Mesh leash - L,,,,,,,,,,,,,362.29,2,,855.00,,,"1,900.00",,,,,,,,,,,,,,,
,Petaholic,Walk Essentials,Leash,11122,PURCHASE,3443,2026-01-30,2026-01-30,362.29,950.00,950.00,427.50,362.29,2,2,855.00,P11122-9500,P11122-9500,"1,900.00",,,,,224,224,URBANPETS SERVICES PRIVATE LIMITED,,169,Petaholic ,Shreeji Pet Shop,,,Gujarat,Ahmedabad
Petaholic Air Mesh leash - M,,,,,,,,,,,,,314.61,3,,"1,113.72",,,"2,475.00",,,,,,,,,,,,,,,
,Petaholic,Walk Essentials,Leash,11121,PURCHASE,3443,2026-01-30,2026-01-30,314.61,825.00,825.00,371.24,314.61,3,4,"1,113.72",P11121-9499,P11121-9499,"2,475.00",,,,,224,224,URBANPETS SERVICES PRIVATE LIMITED,,169,Petaholic ,Shreeji Pet Shop,,,Gujarat,Ahmedabad
Petaholic Air Mesh leash - S,,,,,,,,,,,,,266.94,2,,629.98,,,"1,400.00",,,,,,,,,,,,,,,
,Petaholic,Walk Essentials,Leash,11120,PURCHASE,3443,2026-01-30,2026-01-30,266.94,700.00,700.00,314.99,266.94,2,2,629.98,P11120-9498,P11120-9498,"1,400.00",,,,,224,224,URBANPETS SERVICES PRIVATE LIMITED,,169,Petaholic ,Shreeji Pet Shop,,,Gujarat,Ahmedabad
Petaholic Air Mesh leash - XL,,,,,,,,,,,,,438.55,1,,517.49,,,"1,150.00",,,,,,,,,,,,,,,
,Petaholic,Walk Essentials,Leash,11123,PURCHASE,3443,2026-01-30,2026-01-30,438.55,"1,150.00","1,150.00",517.49,438.55,1,3,517.49,P11123-9501,P11123-9501,"1,150.00",,,,,224,224,URBANPETS SERVICES PRIVATE LIMITED,,169,Petaholic ,Shreeji Pet Shop,,,Gujarat,Ahmedabad
Petaholic Air Mesh leash - XS,,,,,,,,,,,,,219.27,1,,258.74,,,575.00,,,,,,,,,,,,,,,
,Petaholic,Walk Essentials,Leash,11119,PURCHASE,3443,2026-01-30,2026-01-30,219.27,575.00,575.00,258.74,219.27,1,1,258.74,P11119-9497,P11119-9497,575.00,,,,,224,224,URBANPETS SERVICES PRIVATE LIMITED,,169,Petaholic ,Shreeji Pet Shop,,,Gujarat,Ahmedabad
Petaholic Athletica Collar  - L,,,,,,,,,,,,,324.15,1,,382.50,,,850.00,,,,,,,,,,,,,,,
,Petaholic,Walk Essentials,Collar ,10890,PURCHASE,3455,2026-01-30,2026-01-30,324.15,850.00,850.00,382.50,324.15,1,2,382.50,P10890-9806,P10890-9806,850.00,,,,,224,224,URBANPETS SERVICES PRIVATE LIMITED,,169,Petaholic ,Shreeji Pet Shop,,,Gujarat,Ahmedabad
Petaholic Athletica Collar  - M,,,,,,,,,,,,,257.41,2,,607.49,,,"1,350.00",,,,,,,,,,,,,,,
,Petaholic,Walk Essentials,Collar ,11131,PURCHASE,3443,2026-01-30,2026-01-30,257.41,675.00,675.00,303.74,257.41,2,5,607.49,P11131-9507,P11131-9507,"1,350.00",,,,,224,224,URBANPETS SERVICES PRIVATE LIMITED,,169,Petaholic ,Shreeji Pet Shop,,,Gujarat,Ahmedabad
Petaholic Athletica Harness - L,,,,,,,,,,,,,777.50,5,,"4,587.25",,,"10,750.00",,,,,,,,,,,,,,,
,Petaholic,Walk Essentials,Harness ,10891,PURCHASE,3455,2026-01-30,2026-01-30,777.50,"2,150.00","2,150.00",917.45,777.50,5,7,"4,587.25",P10891-9807,P10891-9807,"10,750.00",,,,,224,224,URBANPETS SERVICES PRIVATE LIMITED,,169,Petaholic ,Shreeji Pet Shop,,,Gujarat,Ahmedabad
Petaholic Athletica Harness - M,,,,,,,,,,,,,667.37,3,,"2,362.49",,,"5,250.00",,,,,,,,,,,,,,,
,Petaholic,Walk Essentials,Harness ,11129,PURCHASE,3443,2026-01-30,2026-01-30,667.37,"1,750.00","1,750.00",787.50,667.37,3,6,"2,362.49",P11129-9505,P11129-9505,"5,250.00",,,,,224,224,URBANPETS SERVICES PRIVATE LIMITED,,169,Petaholic ,Shreeji Pet Shop,,,Gujarat,Ahmedabad
Petaholic Athletica Leash  - L,,,,,,,,,,,,,572.03,1,,675.00,,,"1,500.00",,,,,,,,,,,,,,,
,Petaholic,Walk Essentials,Leash,10893,PURCHASE,3455,2026-01-30,2026-01-30,572.03,"1,500.00","1,500.00",675.00,572.03,1,2,675.00,P10893-9808,P10893-9808,"1,500.00",,,,,224,224,URBANPETS SERVICES PRIVATE LIMITED,,169,Petaholic ,Shreeji Pet Shop,,,Gujarat,Ahmedabad
Petaholic Athletica Leash  - M,,,,,,,,,,,,,476.69,4,,"2,249.98",,,"5,000.00",,,,,,,,,,,,,,,
,Petaholic,Walk Essentials,Leash,11130,PURCHASE,3443,2026-01-30,2026-01-30,476.69,"1,250.00","1,250.00",562.49,476.69,4,5,"2,249.98",P11130-9506,P11130-9506,"5,000.00",,,,,224,224,URBANPETS SERVICES PRIVATE LIMITED,,169,Petaholic ,Shreeji Pet Shop,,,Gujarat,Ahmedabad
Petaholic Double Dinner Folding  M,,,,,,,,,,,,,838.98,1,,990.00,,,"2,200.00",,,,,,,,,,,,,,,
,Petaholic,Bowls & Water Bottle ,Bowl,12048,TRANSFER-IN,4879,2026-06-23,2026-07-29,"1,864.41","2,200.00","2,200.00",990.00,838.98,1,1,990.00,P12048-8731,P12048-8731,"2,200.00",,,,,80,44,URBANPETS SERVICES PRIVATE LIMITED,,169,Petaholic ,PETAHOLIC PET PRODUCTS PRIVATE LIMITED,,,Gujarat,Ahmedabad
Petaholic Economical Reflective Rope M,,,,,,,,,,,,,137.29,2,,610.16,,,720.00,,,,,,,,,,,,,,,
,Petaholic,Clothing ,Leash,12037,TRANSFER-IN,5012,2026-06-23,2026-08-20,305.08,360.00,360.00,305.08,137.29,2,2,610.16,P12037-9926,P12037-9926,720.00,,,,,80,22,URBANPETS SERVICES PRIVATE LIMITED,,169,Petaholic ,PETAHOLIC PET PRODUCTS PRIVATE LIMITED,,,Gujarat,Ahmedabad
Petaholic Economical Reflective Rope XL,,,,,,,,,,,,,181.14,1,,402.54,,,475.00,,,,,,,,,,,,,,,
,Petaholic,Clothing ,Leash,12038,TRANSFER-IN,5012,2026-06-23,2026-08-20,402.54,475.00,475.00,402.54,181.14,1,1,402.54,P12038-9927,P12038-9927,475.00,,,,,80,22,URBANPETS SERVICES PRIVATE LIMITED,,169,Petaholic ,PETAHOLIC PET PRODUCTS PRIVATE LIMITED,,,Gujarat,Ahmedabad
Petaholic Lemon Cat Litter 10kg,,,,,,,,,,,,,547.62,1,,547.62,,,"1,195.00",,,,,,,,,,,,,,,
,Petaholic,Hygiene,Cat Litter ,12087,TRANSFER-IN,4923,2026-06-30,2026-08-05,547.62,"1,195.00","1,195.00",547.62,547.62,1,1,547.62,P12087-9135,P12087-9135,"1,195.00",,,,,73,37,URBANPETS SERVICES PRIVATE LIMITED,,169,Petaholic ,S S IMPORTS,,,Gujarat,Ahmedabad
Petaholic Plush collar 32 mm,,,,,,,,,,,,,144.92,3,,434.76,,,"1,140.00",,,,,,,,,,,,,,,
,Petaholic,Walk Essentials,Collar ,11938,TRANSFER-IN,5012,2026-04-27,2026-08-20,144.92,380.00,380.00,144.92,144.92,3,3,434.76,P11938-9931,P11938-9931,"1,140.00",2032-10-30,2032-10-30,,,137,22,URBANPETS SERVICES PRIVATE LIMITED,,169,Petaholic ,PETAHOLIC PET PRODUCTS PRIVATE LIMITED,,,Gujarat,Ahmedabad
Petaholic Plush collar 37.5 mm,,,,,,,,,,,,,160.18,1,,160.18,,,420.00,,,,,,,,,,,,,,,
,Petaholic,Walk Essentials,Collar ,11939,TRANSFER-IN,5012,2026-04-27,2026-08-20,160.18,420.00,420.00,160.18,160.18,1,3,160.18,P11939-9932,P11939-9932,420.00,2032-10-30,2032-10-30,,,137,22,URBANPETS SERVICES PRIVATE LIMITED,,169,Petaholic ,PETAHOLIC PET PRODUCTS PRIVATE LIMITED,,,Gujarat,Ahmedabad
Petaholic sports series harness -M,,,,,,,,,,,,,858.05,1,,858.05,,,"2,250.00",,,,,,,,,,,,,,,
,Petaholic,Walk Essentials,Harness ,11137,TRANSFER-IN,5012,2026-01-31,2026-08-20,858.05,"2,250.00","2,250.00",858.05,858.05,1,1,858.05,P11137-9928,P11137-9928,"2,250.00",,,,,223,22,URBANPETS SERVICES PRIVATE LIMITED,,169,Petaholic ,Shreeji Pet Shop,,,Gujarat,Ahmedabad
Petben Shampoo 200ml,,,,,,,,,,,,,831.72,80,,"23,038.82",,,"36,000.00",,,,,,,,,,,,,,,
,Manufacturer,Grooming,Shampoo & Conditioner ,2381,PURCHASE,4360,2026-08-24,2026-08-24,342.86,450.00,450.00,300.00,285.72,8,12,"2,400.02",P2381-185,P2381-185,"3,600.00",2027-10-30,2027-10-30,,,18,18,URBANPETS SERVICES PRIVATE LIMITED,,1,Manufacturer,MAHIMA ENTERPRISE,,,Gujarat,Ahmedabad
,Manufacturer,Grooming,Shampoo & Conditioner ,2381,PURCHASE,4417,2026-08-31,2026-08-31,273.00,450.00,450.00,286.65,273.00,45,45,"12,899.25",P2381-849,P2381-849,"20,250.00",2027-10-31,2027-10-31,,,11,11,URBANPETS SERVICES PRIVATE LIMITED,,1,Manufacturer,Geeta Pharma,,,Gujarat,Ahmedabad
,Manufacturer,Grooming,Shampoo & Conditioner ,2381,PURCHASE,4417,2026-08-31,2026-08-31,273.00,450.00,450.00,286.65,273.00,27,27,"7,739.55",P2381-850,P2381-850,"12,150.00",2027-12-31,2027-12-31,,,11,11,URBANPETS SERVICES PRIVATE LIMITED,,1,Manufacturer,Geeta Pharma,,,Gujarat,Ahmedabad
PetHex Skin Shampoo 200ml,,,,,,,,,,,,,796.27,83,,"23,876.38",,,"37,380.00",,,,,,,,,,,,,,,
,Manufacturer,Grooming,Shampoo & Conditioner ,2376,TRANSFER-IN,4562,2026-01-30,2026-06-13,237.55,480.00,480.00,237.55,237.55,1,1,237.55,P2376-6290,P2376-6290,480.00,2027-02-28,2027-02-28,,,224,90,URBANPETS SERVICES PRIVATE LIMITED,,1,Manufacturer,Shreeji Pet Shop,,,Gujarat,Ahmedabad
,Manufacturer,Grooming,Shampoo & Conditioner ,2376,PURCHASE,4360,2026-08-24,2026-08-24,342.86,450.00,450.00,300.00,285.72,10,12,"3,000.03",P2376-184,P2376-184,"4,500.00",2027-10-30,2027-10-30,,,18,18,URBANPETS SERVICES PRIVATE LIMITED,,1,Manufacturer,MAHIMA ENTERPRISE,,,Gujarat,Ahmedabad
,Manufacturer,Grooming,Shampoo & Conditioner ,2376,PURCHASE,4417,2026-08-31,2026-08-31,273.00,450.00,450.00,286.65,273.00,72,72,"20,638.80",P2376-848,P2376-848,"32,400.00",2027-07-31,2027-07-31,,,11,11,URBANPETS SERVICES PRIVATE LIMITED,,1,Manufacturer,Geeta Pharma,,,Gujarat,Ahmedabad
Petkin Big Natural Pet Wipes 100 Pcs,,,,,,,,,,,,,927.21,3,,"1,614.54",,,"3,285.00",,,,,,,,,,,,,,,
,Petkin,Hygiene,Towels & Wipes ,9852,TRANSFER-IN,4438,2026-03-17,2026-05-26,510.38,"1,095.00","1,095.00",510.38,459.34,1,2,510.38,P9852-5363,P9852-5363,"1,095.00",2030-10-25,2030-10-25,,,178,108,URBANPETS SERVICES PRIVATE LIMITED,,172,Petkin,ABK Imports Pvt. Ltd,,,Gujarat,Ahmedabad
,Petkin,Hygiene,Towels & Wipes ,9852,TRANSFER-IN,4789,2026-06-16,2026-07-16,510.38,"1,095.00","1,095.00",552.08,467.87,2,2,"1,104.16",P9852-8148,P9852-8148,"2,190.00",2028-03-09,2028-03-09,,,87,57,URBANPETS SERVICES PRIVATE LIMITED,,172,Petkin,ABK Imports Pvt. Ltd,,,Gujarat,Ahmedabad
Petkin Plaque Gel 120 ml Peanut Butter,,,,,,,,,,,,,377.13,2,,890.02,,,"1,798.00",,,,,,,,,,,,,,,
,Petkin,Grooming,Dental Care ,11567,TRANSFER-IN,4821,2026-03-17,2026-07-21,419.03,899.00,899.00,445.01,377.13,2,2,890.02,P11567-8347,P11567-8347,"1,798.00",2030-09-09,2030-09-09,,,178,52,URBANPETS SERVICES PRIVATE LIMITED,,172,Petkin,ABK Imports Pvt. Ltd,,,Gujarat,Ahmedabad
Petkin Puppy Shampoo 1000 ml,,,,,,,,,,,,,446.53,1,,468.86,,,"1,095.00",,,,,,,,,,,,,,,
,Petkin,Grooming,Shampoo & Conditioner ,6188,PURCHASE,3439,2026-01-30,2026-01-30,446.53,"1,095.00","1,095.00",468.86,446.53,1,1,468.86,P6188-9391,P6188-9391,"1,095.00",2099-12-12,2099-12-12,,,224,224,URBANPETS SERVICES PRIVATE LIMITED,,172,Petkin,Shreeji Pet Shop,,,Gujarat,Ahmedabad
Petstar Gravy Adult Chunky Chicken Gravy 120gm,,,,,,,,,,,,,47.45,5,,279.96,,,350.00,,,,,,,,,,,,,,,
,Petstar,Dog Food,Wet Food ,11345,PURCHASE,4392,2026-08-22,2026-08-22,47.45,70.00,70.00,55.99,47.45,5,5,279.96,P11345-521,P11345-521,350.00,2027-10-30,2027-10-30,,,20,20,URBANPETS SERVICES PRIVATE LIMITED,,324,Petstar,EARTH PAWS PRIVATE LIMITED,,,Gujarat,Ahmedabad
Petstar Puppy Salmon and Rice 3 KG,,,,,,,,,,,,,959.84,1,,"1,132.61",,,"1,699.00",,,,,,,,,,,,,,,
,Petstar,Dog Food,Dry Food ,11344,TRANSFER-IN,4748,2026-01-31,2026-07-09,959.84,"1,699.00","1,699.00","1,132.61",959.84,1,1,"1,132.61",P11344-7853,P11344-7853,"1,699.00",2026-11-11,2026-11-11,,,223,64,URBANPETS SERVICES PRIVATE LIMITED,,324,Petstar,Shreeji Pet Shop,,,Gujarat,Ahmedabad
Phos-Clear 35gm,,,,,,,,,,,,,515.26,5,,"3,040.03",,,"4,000.00",,,,,,,,,,,,,,,
,Vivaldis,Hygiene,Others ,2659,PURCHASE,4243,2026-08-03,2026-08-03,515.26,800.00,800.00,608.01,515.26,5,5,"3,040.03",P2659-9002,P2659-9002,"4,000.00",2029-05-30,2029-05-30,,,39,39,URBANPETS SERVICES PRIVATE LIMITED,,239,Vivaldis,MAHIMA ENTERPRISE,,,Gujarat,Ahmedabad
Pirofur Shampoo 200 ml,,,,,,,,,,,,,123.32,43,,"5,567.89",,,"12,900.00",,,,,,,,,,,,,,,
,Hygiene,Grooming,Shampoo & Conditioner ,2420,PURCHASE,3420,2026-01-30,2026-01-30,123.32,300.00,300.00,129.49,123.32,43,59,"5,567.89",P2420-8896,P2420-8896,"12,900.00",2027-04-30,2027-04-30,,,224,224,URBANPETS SERVICES PRIVATE LIMITED,,102,Hygiene,Shreeji Pet Shop,,,Gujarat,Ahmedabad
Platorica,,,,,,,,,,,,,376.32,2,,752.64,,,"1,200.00",,,,,,,,,,,,,,,
,Platorica,Medicine & Supplements ,Medicine ,3070,PURCHASE,3430,2026-01-30,2026-01-30,376.32,600.00,600.00,376.32,376.32,2,2,752.64,P3070-9158,P3070-9158,"1,200.00",2027-02-28,2027-02-28,,,224,224,URBANPETS SERVICES PRIVATE LIMITED,,180,Platorica,Shreeji Pet Shop,,,Gujarat,Ahmedabad
Pomisol Drop,,,,,,,,,,,,,88.46,54,,"2,501.21",,,"4,050.00",,,,,,,,,,,,,,,
,Misc,Medicine & Supplements ,Medicine ,3029,PURCHASE,3830,2026-04-28,2026-04-28,44.23,75.00,75.00,46.44,44.23,51,156,"2,368.52",P3029-4213,P3029-4213,"3,825.00",2028-01-30,2028-01-30,,,136,136,URBANPETS SERVICES PRIVATE LIMITED,,136,Misc,INTAS PHARMACEUTICALS LIMITED,,,Gujarat,Ahmedabad
,Misc,Medicine & Supplements ,Medicine ,3029,TRANSFER-IN,4920,2026-04-28,2026-08-04,44.23,75.00,75.00,44.23,44.23,3,3,132.69,P3029-9123,P3029-9123,225.00,2028-01-30,2028-01-30,,,136,38,URBANPETS SERVICES PRIVATE LIMITED,,136,Misc,INTAS PHARMACEUTICALS LIMITED,,,Gujarat,Ahmedabad
Pooch Acepron Tab.,,,,,,,,,,,,,75.63,23,,"1,826.46",,,"2,760.00",,,,,,,,,,,,,,,
,Panav Bio-Tech,Medicine & Supplements ,Medicine ,10791,PURCHASE,3433,2026-01-30,2026-01-30,75.63,120.00,120.00,79.41,75.63,23,27,"1,826.46",P10791-9222,P10791-9222,"2,760.00",2026-11-30,2026-11-30,,,224,224,URBANPETS SERVICES PRIVATE LIMITED,,293,Panav Bio-Tech,Shreeji Pet Shop,,,Gujarat,Ahmedabad
Posasure tablet 1*6,,,,,,,,,,,,,"1,697.15",14,,"12,582.10",,,"21,000.00",,,,,,,,,,,,,,,
,Medicines,Medicine & Supplements ,Medicine ,11845,PURCHASE,3716,2026-04-07,2026-04-07,"1,142.86","1,500.00","1,500.00",882.00,840.00,1,20,882.00,P11845-2989,P11845-2989,"1,500.00",2027-12-30,2027-12-30,,,157,157,URBANPETS SERVICES PRIVATE LIMITED,,254,Friends Medicines,FRIENDS MEDICINES,,,Gujarat,Ahmedabad
,Medicines,Medicine & Supplements ,Medicine ,11845,PURCHASE,3741,2026-04-13,2026-04-13,857.15,"1,500.00","1,500.00",900.01,857.15,13,14,"11,700.10",P11845-3297,P11845-3297,"19,500.00",2027-11-30,2027-11-30,,,151,151,URBANPETS SERVICES PRIVATE LIMITED,,254,Friends Medicines,MAHIMA ENTERPRISE,,,Gujarat,Ahmedabad
Prednisolon Injection 10ml,,,,,,,,,,,,,34.42,9,,325.27,,,421.47,,,,,,,,,,,,,,,
,other,Medicine & Supplements ,Medicine ,11050,PURCHASE,3438,2026-01-30,2026-01-30,34.42,46.83,46.83,36.14,34.42,9,9,325.27,P11050-9356,P11050-9356,421.47,2028-04-30,2028-04-30,,,224,224,URBANPETS SERVICES PRIVATE LIMITED,,255,other,Shreeji Pet Shop,,,Gujarat,Ahmedabad
Premium adjustable lead l-xl 2.00m/25 mm fuchsia,,,,,,,,,,,,,675.85,1,,797.51,,,"1,450.00",,,,,,,,,,,,,,,
,ABK,Walk Essentials,Leash,11543,TRANSFER-IN,3905,2026-01-31,2026-03-06,675.85,"1,450.00","1,450.00",797.51,675.85,1,1,797.51,P11543-1362,P11543-1362,"1,450.00",2030-06-15,2030-06-15,,,223,189,URBANPETS SERVICES PRIVATE LIMITED,,289,ABK,Shreeji Pet Shop,,,Gujarat,Ahmedabad
Premium adjustable lead m-l 2.00m/20 mm forest,,,,,,,,,,,,,556.99,1,,657.25,,,"1,195.00",,,,,,,,,,,,,,,
,ABK,Walk Essentials,Leash,11550,TRANSFER-IN,3905,2026-01-31,2026-03-06,556.99,"1,195.00","1,195.00",657.25,556.99,1,1,657.25,P11550-1359,P11550-1359,"1,195.00",2030-09-03,2030-09-03,,,223,189,URBANPETS SERVICES PRIVATE LIMITED,,289,ABK,Shreeji Pet Shop,,,Gujarat,Ahmedabad
Premium Adjustable Lead XS- S 2.00m/15 mm Black,,,,,,,,,,,,,405.80,1,,478.84,,,995.00,,,,,,,,,,,,,,,
,Trixie,Walk Essentials,Leash,11219,PURCHASE,3446,2026-01-30,2026-01-30,405.80,995.00,995.00,478.84,405.80,1,1,478.84,P11219-9574,P11219-9574,995.00,2034-09-30,2034-09-30,,,224,224,URBANPETS SERVICES PRIVATE LIMITED,,218,Trixie,Shreeji Pet Shop,,,Gujarat,Ahmedabad
Premium Choke S-M 12 - 15.5-15 mm Royal Blue,,,,,,,,,,,,,149.55,1,,176.47,,,350.00,,,,,,,,,,,,,,,
,Trixie,Walk Essentials,Chain & Chock chain ,8350,PURCHASE,3441,2026-01-30,2026-01-30,149.55,350.00,350.00,176.47,149.55,1,1,176.47,P8350-9451,P8350-9451,350.00,,,,,224,224,URBANPETS SERVICES PRIVATE LIMITED,,218,Trixie,Shreeji Pet Shop,,,Gujarat,Ahmedabad
Premium Leash  XS-S 1.20M/15MM  Graphite,,,,,,,,,,,,,365.02,3,,"1,292.17",,,"2,685.00",,,,,,,,,,,,,,,
,Trixie,Walk Essentials,Leash,8459,PURCHASE,3441,2026-01-30,2026-01-30,365.02,895.00,895.00,430.72,365.02,3,3,"1,292.17",P8459-9458,P8459-9458,"2,685.00",,,,,224,224,URBANPETS SERVICES PRIVATE LIMITED,,218,Trixie,Shreeji Pet Shop,,,Gujarat,Ahmedabad
Premium Leash L-XL 1.00M/25MM  Black,,,,,,,,,,,,,540.38,2,,"1,275.30",,,"2,650.00",,,,,,,,,,,,,,,
,Trixie,Walk Essentials,Leash,8465,PURCHASE,3441,2026-01-30,2026-01-30,540.38,"1,325.00","1,325.00",637.65,540.38,2,2,"1,275.30",P8465-9461,P8465-9461,"2,650.00",,,,,224,224,URBANPETS SERVICES PRIVATE LIMITED,,218,Trixie,Shreeji Pet Shop,,,Gujarat,Ahmedabad
Premium Leash L-XL 1.00M/25MM  Royal Blue,,,,,,,,,,,,,"1,101.82",5,,"3,213.09",,,"6,625.00",,,,,,,,,,,,,,,
,Trixie,Walk Essentials,Leash,8466,PURCHASE,3445,2026-01-30,2026-01-30,561.44,"1,325.00","1,325.00",662.50,561.44,1,1,662.50,P8466-9541,P8466-9541,"1,325.00",,,,,224,224,URBANPETS SERVICES PRIVATE LIMITED,,218,Trixie,Shreeji Pet Shop,,,Gujarat,Ahmedabad
,Trixie,Walk Essentials,Leash,8466,PURCHASE,3445,2026-01-30,2026-01-30,540.38,"1,325.00","1,325.00",637.65,540.38,4,4,"2,550.59",P8466-9542,P8466-9542,"5,300.00",,,,,224,224,URBANPETS SERVICES PRIVATE LIMITED,,218,Trixie,Shreeji Pet Shop,,,Gujarat,Ahmedabad
Premium Leash L-XL 1.00M/25MM Graphite,,,,,,,,,,,,,540.38,3,,"1,912.94",,,"3,975.00",,,,,,,,,,,,,,,
,Trixie,Walk Essentials,Leash,8467,PURCHASE,3445,2026-01-30,2026-01-30,540.38,"1,325.00","1,325.00",637.65,540.38,3,4,"1,912.94",P8467-9543,P8467-9543,"3,975.00",,,,,224,224,URBANPETS SERVICES PRIVATE LIMITED,,218,Trixie,Shreeji Pet Shop,,,Gujarat,Ahmedabad
Premium Leash M-L 1.00M/20MM Black,,,,,,,,,,,,,405.80,3,,"1,436.53",,,"2,985.00",,,,,,,,,,,,,,,
,Trixie,Walk Essentials,Leash,8461,PURCHASE,3441,2026-01-30,2026-01-30,405.80,995.00,995.00,478.84,405.80,3,3,"1,436.53",P8461-9459,P8461-9459,"2,985.00",,,,,224,224,URBANPETS SERVICES PRIVATE LIMITED,,218,Trixie,Shreeji Pet Shop,,,Gujarat,Ahmedabad
Premium Leash M-L 1.00M/20MM Red,,,,,,,,,,,,,510.38,1,,602.25,,,"1,095.00",,,,,,,,,,,,,,,
,Trixie,Walk Essentials,Leash,8655,PURCHASE,3445,2026-01-30,2026-01-30,510.38,"1,095.00","1,095.00",602.25,510.38,1,1,602.25,P8655-9548,P8655-9548,"1,095.00",,,,,224,224,URBANPETS SERVICES PRIVATE LIMITED,,218,Trixie,Shreeji Pet Shop,,,Gujarat,Ahmedabad
Premium Leash M-L 1.00M/20MM Royal Blue,,,,,,,,,,,,,408.00,3,,"1,444.32",,,"2,985.00",,,,,,,,,,,,,,,
,Trixie,Walk Essentials,Leash,8462,PURCHASE,3441,2026-01-30,2026-01-30,408.00,995.00,995.00,481.44,408.00,3,4,"1,444.32",P8462-9460,P8462-9460,"2,985.00",,,,,224,224,URBANPETS SERVICES PRIVATE LIMITED,,218,Trixie,Shreeji Pet Shop,,,Gujarat,Ahmedabad
Premium Leash M-L 1mm/20mm Papaya,,,,,,,,,,,,,425.15,1,,501.68,,,995.00,,,,,,,,,,,,,,,
,Trixie,Walk Essentials,Leash,8472,PURCHASE,3445,2026-01-30,2026-01-30,425.15,995.00,995.00,501.68,425.15,1,1,501.68,P8472-9544,P8472-9544,995.00,,,,,224,224,URBANPETS SERVICES PRIVATE LIMITED,,218,Trixie,Shreeji Pet Shop,,,Gujarat,Ahmedabad
Premium Leash XS-S 1.20M /15MM Black,,,,,,,,,,,,,365.02,1,,430.73,,,895.00,,,,,,,,,,,,,,,
,Trixie,Walk Essentials,Leash,8457,PURCHASE,3441,2026-01-30,2026-01-30,365.02,895.00,895.00,430.73,365.02,1,2,430.73,P8457-9457,P8457-9457,895.00,,,,,224,224,URBANPETS SERVICES PRIVATE LIMITED,,218,Trixie,Shreeji Pet Shop,,,Gujarat,Ahmedabad
Premium Leash XS-S 1.2m/15mmPapaya,,,,,,,,,,,,,379.24,1,,447.50,,,895.00,,,,,,,,,,,,,,,
,Trixie,Walk Essentials,Leash,8473,PURCHASE,3445,2026-01-30,2026-01-30,379.24,895.00,895.00,447.50,379.24,1,1,447.50,P8473-9545,P8473-9545,895.00,,,,,224,224,URBANPETS SERVICES PRIVATE LIMITED,,218,Trixie,Shreeji Pet Shop,,,Gujarat,Ahmedabad
Prodiet Kittens tuna gravy,,,,,,,,,,,,,34.96,27,,"1,113.83",,,"1,620.00",,,,,,,,,,,,,,,
,Medicines,Cat Food,Wet Food ,11775,PURCHASE,3454,2026-01-31,2026-01-30,34.96,60.00,60.00,41.25,34.96,27,36,"1,113.83",P11775-9860,P11775-9860,"1,620.00",2027-02-28,2027-02-28,,,223,224,URBANPETS SERVICES PRIVATE LIMITED,,132,Medicines,Shreeji Pet Shop,,,Gujarat,Ahmedabad
ProJoint for Dogs,,,,,,,,,,,,,582.12,11,,"6,403.32",,,"10,890.00",,,,,,,,,,,,,,,
,Medicines,Medicine & Supplements ,Medicine ,11874,PURCHASE,4363,2026-08-24,2026-08-24,792.00,990.00,990.00,582.12,582.12,11,20,"6,403.32",P11874-189,P11874-189,"10,890.00",2027-10-30,2027-10-30,,,18,18,URBANPETS SERVICES PRIVATE LIMITED,,254,Friends Medicines,FRIENDS MEDICINES,,,Gujarat,Ahmedabad
Proplan Adult Large 3 KG,,,,,,,,,,,,,"1,530.57",1,,"1,734.10",,,"2,560.00",,,,,,,,,,,,,,,
,Proplan,Dog Food,Dry Food ,10615,TRANSFER-IN,4235,2026-04-09,2026-04-27,"1,734.10","2,560.00","2,560.00","1,734.10","1,530.57",1,1,"1,734.10",P10615-3968,P10615-3968,"2,560.00",2027-02-28,2027-02-28,,,155,137,URBANPETS SERVICES PRIVATE LIMITED,,184,Proplan,AKSHAJ DISTRIBUTORS,,,Gujarat,Ahmedabad
Protective Pants Washable 32-39 Cm S-M,,,,,,,,,,,,,149.55,1,,176.47,,,375.00,,,,,,,,,,,,,,,
,Trixie,Hygiene,Diaper & Training Pads ,8341,PURCHASE,3441,2026-01-30,2026-01-30,149.55,375.00,375.00,176.47,149.55,1,1,176.47,P8341-9450,P8341-9450,375.00,2030-05-30,2030-05-30,,,224,224,URBANPETS SERVICES PRIVATE LIMITED,,218,Trixie,Shreeji Pet Shop,,,Gujarat,Ahmedabad
Protective Pants Washable 50-59cm L,,,,,,,,,,,,,188.78,1,,222.76,,,450.00,,,,,,,,,,,,,,,
,Trixie,Hygiene,Diaper & Training Pads ,8340,PURCHASE,3441,2026-01-30,2026-01-30,188.78,450.00,450.00,222.76,188.78,1,1,222.76,P8340-9449,P8340-9449,450.00,2028-12-30,2028-12-30,,,224,224,URBANPETS SERVICES PRIVATE LIMITED,,218,Trixie,Shreeji Pet Shop,,,Gujarat,Ahmedabad
ProviBoost Drops 15 ml,,,,,,,,,,,,,169.50,9,,869.54,,,"1,350.00",,,,,,,,,,,,,,,
,SRK,Medicine & Supplements ,Supplements ,3176,PURCHASE,3432,2026-01-30,2026-01-30,84.75,150.00,150.00,100.01,84.75,7,8,700.04,P3176-9213,P3176-9213,"1,050.00",2026-10-30,2026-10-30,,,224,224,URBANPETS SERVICES PRIVATE LIMITED,,210,SRK,Shreeji Pet Shop,,,Gujarat,Ahmedabad
,SRK,Medicine & Supplements ,Supplements ,3176,TRANSFER-IN,4187,2026-01-30,2026-04-18,84.75,150.00,150.00,84.75,84.75,2,2,169.50,P3176-3620,P3176-3620,300.00,2026-04-30,2026-04-30,,,224,146,URBANPETS SERVICES PRIVATE LIMITED,,210,SRK,Shreeji Pet Shop,,,Gujarat,Ahmedabad
Pup Ice Fruity Lollies Pineapples Flavour 3 Pcs 90gm,,,,,,,,,,,,,179.45,2,,391.52,,,840.00,,,,,,,,,,,,,,,
,Pup Ice,"Treats, Biscuits & Chews ",Treats  ,10978,TRANSFER-IN,5051,2026-06-22,2026-08-26,195.76,420.00,420.00,195.76,179.45,2,3,391.52,P10978-269,P10978-269,840.00,2027-06-02,2027-06-02,,,81,16,URBANPETS SERVICES PRIVATE LIMITED,,305,Pup Ice,ABK Imports Pvt. Ltd,,,Gujarat,Ahmedabad
Pup Ice Fruity Lollies Watermelon Flavour 3 Pcs 90gm,,,,,,,,,,,,,187.61,2,,428.82,,,920.00,,,,,,,,,,,,,,,
,Pup Ice,"Treats, Biscuits & Chews ",Treats  ,10980,TRANSFER-IN,5052,2026-07-31,2026-08-26,214.41,460.00,460.00,214.41,187.61,2,3,428.82,P10980-271,P10980-271,920.00,2028-11-27,2028-11-27,,,42,16,URBANPETS SERVICES PRIVATE LIMITED,,305,Pup Ice,ABK Imports Pvt. Ltd,,,Gujarat,Ahmedabad
Pup Ice Meat Free Rocket Lollies Strawberry and Banana Flavour 2 Pcs 90gm,,,,,,,,,,,,,179.45,3,,587.28,,,"1,260.00",,,,,,,,,,,,,,,
,Pup Ice,"Treats, Biscuits & Chews ",Treats  ,11374,TRANSFER-IN,5052,2026-06-22,2026-08-26,195.76,420.00,420.00,195.76,179.45,3,3,587.28,P11374-270,P11374-270,"1,260.00",2027-06-02,2027-06-02,,,81,16,URBANPETS SERVICES PRIVATE LIMITED,,305,Pup Ice,ABK Imports Pvt. Ltd,,,Gujarat,Ahmedabad
Pup Ice Rocket Lollies Strawberry and Banana Flavour 2 Pcs 90gm,,,,,,,,,,,,,187.61,3,,643.23,,,"1,380.00",,,,,,,,,,,,,,,
,Pup Ice,"Treats, Biscuits & Chews ",Treats  ,11372,TRANSFER-IN,5051,2026-07-31,2026-08-26,214.41,460.00,460.00,214.41,187.61,3,3,643.23,P11372-268,P11372-268,"1,380.00",2028-11-27,2028-11-27,,,42,16,URBANPETS SERVICES PRIVATE LIMITED,,305,Pup Ice,ABK Imports Pvt. Ltd,,,Gujarat,Ahmedabad
Pup Ice Rocket Lollies Strawberry and Blueberry Flavour 2 Pcs 90gm,,,,,,,,,,,,,179.45,3,,587.28,,,"1,260.00",,,,,,,,,,,,,,,
,Pup Ice,"Treats, Biscuits & Chews ",Treats  ,10981,TRANSFER-IN,5051,2026-06-22,2026-08-26,195.76,420.00,420.00,195.76,179.45,3,3,587.28,P10981-267,P10981-267,"1,260.00",2028-03-25,2028-03-25,,,81,16,URBANPETS SERVICES PRIVATE LIMITED,,305,Pup Ice,ABK Imports Pvt. Ltd,,,Gujarat,Ahmedabad
Purepet Adult Chicken and Veg Dog Food 2.8 KG,,,,,,,,,,,,,307.86,2,,615.72,,,998.00,,,,,,,,,,,,,,,
,Purepet,Dog Food,Dry Food ,11048,TRANSFER-IN,4961,2026-01-30,2026-08-11,307.86,499.00,499.00,307.86,307.86,2,2,615.72,P11048-9530,P11048-9530,998.00,2027-07-18,2027-07-18,,,224,31,URBANPETS SERVICES PRIVATE LIMITED,,188,Purepet,Shreeji Pet Shop,,,Gujarat,Ahmedabad
Purepet Adult Meat and Rice 10 Kg,,,,,,,,,,,,,785.92,1,,880.68,,,"1,299.00",,,,,,,,,,,,,,,
,Purepet,Dog Food,Dry Food ,7080,TRANSFER-IN,4473,2026-05-25,2026-06-03,880.68,"1,299.00","1,299.00",880.68,785.92,1,2,880.68,P7080-5786,P7080-5786,"1,299.00",2028-05-30,2028-05-30,,,109,100,URBANPETS SERVICES PRIVATE LIMITED,,188,Purepet,PG INDIA LOGISTICS PRIVATE LIMITED,,,Gujarat,Ahmedabad
Purepet Biscuits chicken 800GM,,,,,,,,,,,,,140.34,4,,610.16,,,"1,200.00",,,,,,,,,,,,,,,
,Drools,"Treats, Biscuits & Chews ",Biscuits ,6737,TRANSFER-IN,5123,2026-08-19,2026-09-08,152.54,300.00,300.00,152.54,140.34,4,4,610.16,P6737-994,P6737-994,"1,200.00",2028-01-09,2028-01-09,,,23,3,URBANPETS SERVICES PRIVATE LIMITED,,67,Drools,PG INDIA LOGISTICS PRIVATE LIMITED,,,Gujarat,Ahmedabad
Purepet Biscuits milk 800GM,,,,,,,,,,,,,140.60,3,,458.40,,,900.00,,,,,,,,,,,,,,,
,Purepet,"Treats, Biscuits & Chews ",Biscuits ,7550,TRANSFER-IN,4887,2026-04-28,2026-07-31,152.80,300.00,300.00,152.80,140.60,3,4,458.40,P7550-8897,P7550-8897,900.00,2030-12-30,2030-12-30,,,136,42,URBANPETS SERVICES PRIVATE LIMITED,,188,Purepet,PG INDIA LOGISTICS PRIVATE LIMITED,,,Gujarat,Ahmedabad
Purepet Biscuits Mutton 800GM,,,,,,,,,,,,,140.34,2,,305.08,,,600.00,,,,,,,,,,,,,,,
,Purepet,"Treats, Biscuits & Chews ",Biscuits ,7551,TRANSFER-IN,4887,2026-04-28,2026-07-31,152.54,300.00,300.00,152.54,140.34,2,2,305.08,P7551-8887,P7551-8887,600.00,2028-03-30,2028-03-30,,,136,42,URBANPETS SERVICES PRIVATE LIMITED,,188,Purepet,PG INDIA LOGISTICS PRIVATE LIMITED,,,Gujarat,Ahmedabad
Purepet Biscuits veg 800GM,,,,,,,,,,,,,140.57,1,,152.54,,,300.00,,,,,,,,,,,,,,,
,Drools,"Treats, Biscuits & Chews ",Biscuits ,7416,TRANSFER-IN,5079,2026-06-20,2026-08-31,152.54,300.00,300.00,152.54,140.57,1,3,152.54,P7416-555,P7416-555,300.00,2028-08-20,2028-08-20,,,83,11,URBANPETS SERVICES PRIVATE LIMITED,,67,Drools,PG INDIA LOGISTICS PRIVATE LIMITED,,,Gujarat,Ahmedabad
Purepet Cat Adult Mackeral - 6 Kg,,,,,,,,,,,,,"1,219.12",2,,"1,354.58",,,"1,998.00",,,,,,,,,,,,,,,
,Purepet,Cat Food,Dry Food ,9758,TRANSFER-IN,5083,2026-07-25,2026-08-31,677.29,999.00,999.00,677.29,609.56,1,1,677.29,P9758-590,P9758-590,999.00,2027-11-28,2027-11-28,,,48,11,URBANPETS SERVICES PRIVATE LIMITED,,188,Purepet,PG INDIA LOGISTICS PRIVATE LIMITED,,,Gujarat,Ahmedabad
,Purepet,Cat Food,Dry Food ,9758,TRANSFER-IN,5092,2026-07-25,2026-09-02,677.29,999.00,999.00,677.29,609.56,1,1,677.29,P9758-694,P9758-694,999.00,2027-11-28,2027-11-28,,,48,9,URBANPETS SERVICES PRIVATE LIMITED,,188,Purepet,PG INDIA LOGISTICS PRIVATE LIMITED,,,Gujarat,Ahmedabad
Purepet Cat Adult Ocean Fish 20 Kg,,,,,,,,,,,,,"2,016.53",1,,"2,379.51",,,"3,299.00",,,,,,,,,,,,,,,
,Purepet,Cat Food,Dry Food ,6857,TRANSFER-IN,4726,2026-06-20,2026-07-06,"2,236.61","3,299.00","3,299.00","2,379.51","2,016.53",1,2,"2,379.51",P6857-7515,P6857-7515,"3,299.00",2028-05-30,2028-05-30,,,83,67,URBANPETS SERVICES PRIVATE LIMITED,,188,Purepet,PG INDIA LOGISTICS PRIVATE LIMITED,,,Gujarat,Ahmedabad
Purepet Cat Adult Ocean Fish 6 Kg,,,,,,,,,,,,,609.56,2,,"1,354.58",,,"1,998.00",,,,,,,,,,,,,,,
,Purepet,Cat Food,Dry Food ,6080,TRANSFER-IN,5127,2026-09-01,2026-09-09,677.29,999.00,999.00,677.29,609.56,2,4,"1,354.58",P6080-1023,P6080-1023,"1,998.00",2028-06-08,2028-06-08,,,10,2,URBANPETS SERVICES PRIVATE LIMITED,,188,Purepet,PG INDIA LOGISTICS PRIVATE LIMITED,,,Gujarat,Ahmedabad
Purepet Cat Adult Tuna And Salmon - 6 Kg,,,,,,,,,,,,,"1,219.12",3,,"2,031.87",,,"2,997.00",,,,,,,,,,,,,,,
,Purepet,Cat Food,Dry Food ,6068,TRANSFER-IN,5083,2026-07-25,2026-08-31,677.29,999.00,999.00,677.29,609.56,1,1,677.29,P6068-591,P6068-591,999.00,2027-10-28,2027-10-28,,,48,11,URBANPETS SERVICES PRIVATE LIMITED,,188,Purepet,PG INDIA LOGISTICS PRIVATE LIMITED,,,Gujarat,Ahmedabad
,Purepet,Cat Food,Dry Food ,6068,TRANSFER-IN,5092,2026-07-25,2026-09-02,677.29,999.00,999.00,677.29,609.56,2,2,"1,354.58",P6068-695,P6068-695,"1,998.00",2027-10-28,2027-10-28,,,48,9,URBANPETS SERVICES PRIVATE LIMITED,,188,Purepet,PG INDIA LOGISTICS PRIVATE LIMITED,,,Gujarat,Ahmedabad
Purepet Cat kitten Mackerel 220G,,,,,,,,,,,,,20.34,18,,366.12,,,540.00,,,,,,,,,,,,,,,
,Purepet,Cat Food,Dry Food ,6709,TRANSFER-IN,4648,2026-01-30,2026-06-24,20.34,30.00,30.00,20.34,20.34,18,21,366.12,P6709-6971,P6709-6971,540.00,2027-10-11,2027-10-11,,,224,79,URBANPETS SERVICES PRIVATE LIMITED,,188,Purepet,Shreeji Pet Shop,,,Gujarat,Ahmedabad
Purepet Cat Real Chicken in Gravy 70G,,,,,,,,,,,,,20.34,18,,366.12,,,540.00,,,,,,,,,,,,,,,
,Purepet,Cat Food,Wet Food ,6861,TRANSFER-IN,4648,2026-01-30,2026-06-24,20.34,30.00,30.00,20.34,20.34,18,18,366.12,P6861-6970,P6861-6970,540.00,2027-03-13,2027-03-13,,,224,79,URBANPETS SERVICES PRIVATE LIMITED,,188,Purepet,Shreeji Pet Shop,,,Gujarat,Ahmedabad
purepet creamy treat real chicken 75gm,,,,,,,,,,,,,54.24,3,,162.72,,,240.00,,,,,,,,,,,,,,,
,Purepet,Cat Food,Treats  ,11843,TRANSFER-IN,4530,2026-01-31,2026-06-10,54.24,80.00,80.00,54.24,54.24,3,5,162.72,p11843-6101,p11843-6101,240.00,2028-01-02,2028-01-02,,,223,93,URBANPETS SERVICES PRIVATE LIMITED,,188,Purepet,Shreeji Pet Shop,,,Gujarat,Ahmedabad
purepet creamy treat salmon and skipjack 75gm,,,,,,,,,,,,,43.39,3,,162.72,,,240.00,,,,,,,,,,,,,,,
,Purepet,Cat Food,Treats  ,11841,TRANSFER-IN,4530,2026-05-06,2026-06-10,54.24,80.00,80.00,54.24,43.39,3,5,162.72,p11841-6099,p11841-6099,240.00,2028-02-28,2028-02-28,,,128,93,URBANPETS SERVICES PRIVATE LIMITED,,188,Purepet,PG INDIA LOGISTICS PRIVATE LIMITED,,,Gujarat,Ahmedabad
purepet creamy treat seefood madley 75gm,,,,,,,,,,,,,54.24,3,,162.72,,,240.00,,,,,,,,,,,,,,,
,Purepet,Cat Food,Treats  ,11842,TRANSFER-IN,4530,2026-01-31,2026-06-10,54.24,80.00,80.00,54.24,54.24,3,5,162.72,p11842-6100,p11842-6100,240.00,2028-04-02,2028-04-02,,,223,93,URBANPETS SERVICES PRIVATE LIMITED,,188,Purepet,Shreeji Pet Shop,,,Gujarat,Ahmedabad
Purepet Fresh Food  Mutton Biryani 300 gm,,,,,,,,,,,,,74.68,4,,352.50,,,600.00,,,,,,,,,,,,,,,
,Purepet,Dog Food,Wet Food ,11793,TRANSFER-IN,4853,2026-06-12,2026-07-27,101.69,150.00,150.00,88.12,74.68,4,5,352.50,P11793-8559,P11793-8559,600.00,2027-04-07,2027-04-07,,,91,46,URBANPETS SERVICES PRIVATE LIMITED,,188,Purepet,PG INDIA LOGISTICS PRIVATE LIMITED,,,Gujarat,Ahmedabad
Renalof 150 ml,,,,,,,,,,,,,964.85,7,,"7,969.70",,,"13,300.00",,,,,,,,,,,,,,,
,Manufacturer,Medicine & Supplements ,Medicine ,2762,PURCHASE,4255,2026-07-28,2026-07-28,"1,083.00","1,900.00","1,900.00","1,138.53",964.85,7,11,"7,969.70",R2762-9168,R2762-9168,"13,300.00",2028-10-31,2028-10-31,,,45,45,URBANPETS SERVICES PRIVATE LIMITED,,1,Manufacturer,Vivaldis Health and food pvt Ltd,,,Gujarat,Ahmedabad
Renodis,,,,,,,,,,,,,918.80,13,,"4,109.72",,,"6,483.95",,,,,,,,,,,,,,,
,Sava Vet ,Medicine & Supplements ,Medicine ,2999,PURCHASE,3539,2026-02-24,2026-02-24,372.91,489.45,489.45,326.30,310.76,1,6,326.30,R2999-985,R2999-985,489.45,2026-05-30,2026-05-30,,,199,199,URBANPETS SERVICES PRIVATE LIMITED,,197,Sava Vet ,MAHIMA ENTERPRISE,,,Gujarat,Ahmedabad
,Sava Vet ,Medicine & Supplements ,Medicine ,2999,PURCHASE,3667,2026-03-20,2026-03-20,335.60,489.45,489.45,317.14,302.04,10,10,"3,171.42",R2999-2486,R2999-2486,"4,894.50",2027-07-30,2027-07-30,,,175,175,URBANPETS SERVICES PRIVATE LIMITED,,197,Sava Vet ,SAVA HEALTHCARE LIMITED,,,Gujarat,Ahmedabad
,Sava Vet ,Medicine & Supplements ,Medicine ,2999,TRANSFER-IN,4307,2026-01-30,2026-05-06,306.00,550.00,550.00,306.00,306.00,2,2,612.00,R2999-4416,R2999-4416,"1,100.00",2026-05-30,2026-05-30,,,224,128,URBANPETS SERVICES PRIVATE LIMITED,,197,Sava Vet ,Shreeji Pet Shop,,,Gujarat,Ahmedabad
Renorem syrup 200 ml,,,,,,,,,,,,,419.40,6,,"2,516.40",,,"4,403.70",,,,,,,,,,,,,,,
,Medicines,Medicine & Supplements ,Medicine ,11889,PURCHASE,4239,2026-08-01,2026-08-01,559.20,733.95,733.95,419.40,419.40,6,20,"2,516.40",R11889-8956,R11889-8956,"4,403.70",2028-11-30,2028-11-30,,,41,41,URBANPETS SERVICES PRIVATE LIMITED,,338,mahima enterprise,MAHIMA ENTERPRISE,,,Gujarat,Ahmedabad
Respocare-cat 30ml,,,,,,,,,,,,,142.37,19,,"3,191.99",,,"5,320.00",,,,,,,,,,,,,,,
,Vetrina,Medicine & Supplements ,Medical Equipment,12171,PURCHASE,4354,2026-08-19,2026-08-22,189.83,280.00,280.00,168.00,142.37,19,20,"3,191.99",R12171-1090,R12171-1090,"5,320.00",2028-04-01,2028-04-01,,,23,20,URBANPETS SERVICES PRIVATE LIMITED,,235,Vetrina,MAHIMA ENTERPRISE,,,Gujarat,Ahmedabad
Ridd Liquid 15 ml,,,,,,,,,,,,,253.96,7,,"1,866.64",,,"2,625.00",,,,,,,,,,,,,,,
,PETCARE,Medicine & Supplements ,Medicine ,11817,PURCHASE,4052,2026-06-17,2026-06-17,285.71,375.00,375.00,266.66,253.96,7,18,"1,866.64",R11817-6761,R11817-6761,"2,625.00",2027-04-30,2027-04-30,,,86,86,URBANPETS SERVICES PRIVATE LIMITED,,170,PETCARE,MAHIMA ENTERPRISE,,,Gujarat,Ahmedabad
riovet spray 100 ml,,,,,,,,,,,,,164.57,40,,"6,912.05",,,"12,800.00",,,,,,,,,,,,,,,
,Areionvet,Medicine & Supplements ,Medicine ,11718,PURCHASE,4188,2026-07-10,2026-07-10,219.43,320.00,320.00,172.80,164.57,40,40,"6,912.05",r11718-8261,r11718-8261,"12,800.00",2027-12-31,2027-12-31,,,63,63,URBANPETS SERVICES PRIVATE LIMITED,,266,Areionvet,AREION VET,,,Gujarat,Ahmedabad
Royal Canin Beagle Adult 3kg,,,,,,,,,,,,,"2,145.96",1,,"2,189.75",,,"3,190.00",,,,,,,,,,,,,,,
,Royal Canin,Dog Food,Dry Food ,1611,TRANSFER-IN,5053,2026-08-22,2026-08-26,"2,189.75","3,190.00","3,190.00","2,189.75","2,145.96",1,1,"2,189.75",R1611-286,R1611-286,"3,190.00",2027-07-29,2027-07-29,,,20,16,URBANPETS SERVICES PRIVATE LIMITED,,192,Royal Canin,Jay Projects,,,Gujarat,Ahmedabad
Royal Canin Fit 32 2KG,,,,,,,,,,,,,"1,277.47",1,,"1,448.39",,,"2,110.00",,,,,,,,,,,,,,,
,Royal Canin,Cat Food,Dry Food ,6789,TRANSFER-IN,5018,2026-07-22,2026-08-21,"1,448.39","2,110.00","2,110.00","1,448.39","1,277.47",1,1,"1,448.39",R6789-5,R6789-5,"2,110.00",2027-06-12,2027-06-12,,,51,21,URBANPETS SERVICES PRIVATE LIMITED,,192,Royal Canin,Jay Projects,,,Gujarat,Ahmedabad
Royal Canin Gastro Intestinal 2 kg,,,,,,,,,,,,,"1,574.15",1,,"1,857.50",,,"2,600.00",,,,,,,,,,,,,,,
,Royal Canin,Dog Food,Prescription Food ,7043,PURCHASE,3421,2026-01-30,2026-01-30,"1,574.15","2,600.00","2,600.00","1,857.50","1,574.15",1,1,"1,857.50",R7043-8941,R7043-8941,"2,600.00",2026-09-11,2026-09-11,,,224,224,URBANPETS SERVICES PRIVATE LIMITED,,192,Royal Canin,Shreeji Pet Shop,,,Gujarat,Ahmedabad
Royal Canin gastroIntestinal Cane 400 gms,,,,,,,,,,,,,417.75,1,,473.64,,,690.00,,,,,,,,,,,,,,,
,Royal Canin,Dog Food,Wet Food ,7036,TRANSFER-IN,4576,2026-06-09,2026-06-16,473.64,690.00,690.00,473.64,417.75,1,3,473.64,R7036-6403,R7036-6403,690.00,2027-10-28,2027-10-28,,,94,87,URBANPETS SERVICES PRIVATE LIMITED,,192,Royal Canin,Jay Projects,,,Gujarat,Ahmedabad
Royal Canin German Shepherd Adult 3Kg,,,,,,,,,,,,,"2,098.86",1,,"2,141.70",,,"3,120.00",,,,,,,,,,,,,,,
,Royal Canin,Dog Food,Dry Food ,1639,TRANSFER-IN,5044,2026-07-01,2026-08-25,"2,141.70","3,120.00","3,120.00","2,141.70","2,098.86",1,1,"2,141.70",R1639-200,R1639-200,"3,120.00",2027-06-30,2027-06-30,,,72,17,URBANPETS SERVICES PRIVATE LIMITED,,192,Royal Canin,Jay Projects,,,Gujarat,Ahmedabad
Royal Canin German Shepherd Puppy 3kg,,,,,,,,,,,,,"2,250.84",1,,"2,655.99",,,"3,320.00",,,,,,,,,,,,,,,
,Royal Canin,Dog Food,Dry Food ,1660,PURCHASE,4384,2026-08-26,2026-08-26,"2,250.84","3,320.00","3,320.00","2,655.99","2,250.84",1,1,"2,655.99",R1660-500,R1660-500,"3,320.00",2027-12-30,2027-12-30,,,16,16,URBANPETS SERVICES PRIVATE LIMITED,,192,Royal Canin,EARTH PAWS PRIVATE LIMITED,,,Gujarat,Ahmedabad
Royal Canin Hair and Skin 2kg,,,,,,,,,,,,,"1,574.15",1,,"1,857.49",,,"2,340.00",,,,,,,,,,,,,,,
,Royal Canin,Cat Food,Dry Food ,832,PURCHASE,4097,2026-06-29,2026-06-29,"1,606.27","2,340.00","2,340.00","1,857.49","1,574.15",1,2,"1,857.49",R832-7270,R832-7270,"2,340.00",2027-08-24,2027-08-24,,,74,74,URBANPETS SERVICES PRIVATE LIMITED,,192,Royal Canin,Jay Projects,,,Gujarat,Ahmedabad
Royal Canin Hepatic 1.5 kg,,,,,,,,,,,,,"1,271.43",2,,"2,883.06",,,"4,200.00",,,,,,,,,,,,,,,
,Royal Canin,Dog Food,Prescription Food ,1637,TRANSFER-IN,5094,2026-08-26,2026-09-02,"1,441.53","2,100.00","2,100.00","1,441.53","1,271.43",2,2,"2,883.06",R1637-709,R1637-709,"4,200.00",2027-07-09,2027-07-09,,,16,9,URBANPETS SERVICES PRIVATE LIMITED,,192,Royal Canin,Jay Projects,,,Gujarat,Ahmedabad
Royal Canin Kitten Gravy 85 gm,,,,,,,,,,,,,80.72,5,,411.85,,,600.00,,,,,,,,,,,,,,,
,Royal Canin,Cat Food,Wet Food ,6794,TRANSFER-IN,4126,2026-03-24,2026-04-09,82.37,120.00,120.00,82.37,80.72,5,10,411.85,R6794-3123,R6794-3123,600.00,2027-06-12,2027-06-12,,,171,155,URBANPETS SERVICES PRIVATE LIMITED,,192,Royal Canin,Jay Projects,,,Gujarat,Ahmedabad
Royal Canin Labrador Adult 3kgs,,,,,,,,,,,,,"4,163.16",2,,"4,379.50",,,"6,380.00",,,,,,,,,,,,,,,
,Royal Canin,Dog Food,Dry Food ,1633,TRANSFER-IN,4961,2026-06-09,2026-08-11,"2,189.75","3,190.00","3,190.00","2,189.75","2,145.96",1,2,"2,189.75",R1633-9534,R1633-9534,"3,190.00",2027-07-17,2027-07-17,,,94,31,URBANPETS SERVICES PRIVATE LIMITED,,192,Royal Canin,Jay Projects,,,Gujarat,Ahmedabad
,Royal Canin,Dog Food,Dry Food ,1633,TRANSFER-IN,5136,2026-08-19,2026-09-10,"2,189.75","3,190.00","3,190.00","2,189.75","2,017.20",1,1,"2,189.75",R1633-1096,R1633-1096,"3,190.00",2027-07-22,2027-07-22,,,23,1,URBANPETS SERVICES PRIVATE LIMITED,,192,Royal Canin,Jay Projects,,,Gujarat,Ahmedabad
Royal Canin Maxi Adult 10kg,,,,,,,,,,,,,"9,505.30",3,,"14,549.10",,,"23,550.00",,,,,,,,,,,,,,,
,Royal Canin,Dog Food,Dry Food ,1696,TRANSFER-IN,5123,2026-07-22,2026-09-08,"4,849.70","7,850.00","7,850.00","4,849.70","4,752.65",1,1,"4,849.70",R1696-984,R1696-984,"7,850.00",2027-09-11,2027-09-11,,,51,3,URBANPETS SERVICES PRIVATE LIMITED,,192,Royal Canin,Jay Projects,,,Gujarat,Ahmedabad
,Royal Canin,Dog Food,Dry Food ,1696,TRANSFER-IN,5127,2026-07-22,2026-09-09,"4,849.70","7,850.00","7,850.00","4,849.70","4,752.65",2,2,"9,699.40",R1696-1019,R1696-1019,"15,700.00",2027-09-11,2027-09-11,,,51,2,URBANPETS SERVICES PRIVATE LIMITED,,192,Royal Canin,Jay Projects,,,Gujarat,Ahmedabad
Royal Canin Maxi Adult 140 gm,,,,,,,,,,,,,97.47,14,,"1,547.14",,,"2,254.00",,,,,,,,,,,,,,,
,Royal Canin,Dog Food,Wet Food ,1686,TRANSFER-IN,5052,2026-08-10,2026-08-26,110.51,161.00,161.00,110.51,97.47,14,20,"1,547.14",R1686-278,R1686-278,"2,254.00",2027-11-17,2027-11-17,,,32,16,URBANPETS SERVICES PRIVATE LIMITED,,192,Royal Canin,Jay Projects,,,Gujarat,Ahmedabad
Royal Canin Maxi Adult 4 kg,,,,,,,,,,,,,"4,711.27",2,,"4,956.10",,,"7,220.00",,,,,,,,,,,,,,,
,Royal Canin,Dog Food,Dry Food ,7041,TRANSFER-IN,5110,2026-08-19,2026-09-05,"2,478.05","3,610.00","3,610.00","2,478.05","2,428.49",1,1,"2,478.05",R7041-923,R7041-923,"3,610.00",2027-09-07,2027-09-07,,,23,6,URBANPETS SERVICES PRIVATE LIMITED,,192,Royal Canin,Jay Projects,,,Gujarat,Ahmedabad
,Royal Canin,Dog Food,Dry Food ,7041,TRANSFER-IN,5123,2026-09-04,2026-09-08,"2,478.05","3,610.00","3,610.00","2,478.05","2,282.78",1,1,"2,478.05",R7041-986,R7041-986,"3,610.00",2027-09-07,2027-09-07,,,7,3,URBANPETS SERVICES PRIVATE LIMITED,,192,Royal Canin,Jay Projects,,,Gujarat,Ahmedabad
Royal Canin Maxi puppy 10kg,,,,,,,,,,,,,"10,195.50",3,,"15,605.55",,,"25,260.00",,,,,,,,,,,,,,,
,Royal Canin,Dog Food,Dry Food ,7061,TRANSFER-IN,5079,2026-07-22,2026-08-31,"5,201.85","8,420.00","8,420.00","5,201.85","5,097.75",1,1,"5,201.85",R7061-559,R7061-559,"8,420.00",2027-08-01,2027-08-01,,,51,11,URBANPETS SERVICES PRIVATE LIMITED,,192,Royal Canin,Jay Projects,,,Gujarat,Ahmedabad
,Royal Canin,Dog Food,Dry Food ,7061,TRANSFER-IN,5127,2026-07-22,2026-09-09,"5,201.85","8,420.00","8,420.00","5,201.85","5,097.75",2,2,"10,403.70",R7061-1020,R7061-1020,"16,840.00",2027-08-01,2027-08-01,,,51,2,URBANPETS SERVICES PRIVATE LIMITED,,192,Royal Canin,Jay Projects,,,Gujarat,Ahmedabad
Royal Canin Maxi Puppy 140 gm,,,,,,,,,,,,,110.99,13,,"1,702.58",,,"2,145.00",,,,,,,,,,,,,,,
,Royal Canin,Dog Food,Wet Food ,1687,PURCHASE,3415,2026-01-30,2026-01-30,110.99,165.00,165.00,130.97,110.99,13,20,"1,702.58",R1687-8759,R1687-8759,"2,145.00",2026-11-20,2026-11-20,,,224,224,URBANPETS SERVICES PRIVATE LIMITED,,192,Royal Canin,Shreeji Pet Shop,,,Gujarat,Ahmedabad
Royal Canin Maxi Puppy 1kg,,,,,,,,,,,,,701.91,1,,761.95,,,"1,110.00",,,,,,,,,,,,,,,
,Royal Canin,Dog Food,Dry Food ,1692,TRANSFER-IN,5123,2026-08-19,2026-09-08,761.95,"1,110.00","1,110.00",761.95,701.91,1,1,761.95,R1692-985,R1692-985,"1,110.00",2027-09-22,2027-09-22,,,23,3,URBANPETS SERVICES PRIVATE LIMITED,,192,Royal Canin,Jay Projects,,,Gujarat,Ahmedabad
Royal Canin Maxi Puppy 4 kg,,,,,,,,,,,,,"5,109.38",2,,"5,546.44",,,"8,080.00",,,,,,,,,,,,,,,
,Royal Canin,Dog Food,Dry Food ,7053,TRANSFER-IN,5079,2026-08-19,2026-08-31,"2,773.22","4,040.00","4,040.00","2,773.22","2,554.69",1,2,"2,773.22",R7053-557,R7053-557,"4,040.00",2027-09-16,2027-09-16,,,23,11,URBANPETS SERVICES PRIVATE LIMITED,,192,Royal Canin,Jay Projects,,,Gujarat,Ahmedabad
,Royal Canin,Dog Food,Dry Food ,7053,TRANSFER-IN,5110,2026-08-31,2026-09-05,"2,773.22","4,040.00","4,040.00","2,773.22","2,554.69",1,1,"2,773.22",R7053-922,R7053-922,"4,040.00",2027-10-24,2027-10-24,,,11,6,URBANPETS SERVICES PRIVATE LIMITED,,192,Royal Canin,Jay Projects,,,Gujarat,Ahmedabad
Royal Canin Maxi Starter 15 kg,,,,,,,,,,,,,"8,556.90",1,,"9,095.34",,,"13,250.00",,,,,,,,,,,,,,,
,Royal Canin,Dog Food,Dry Food ,1664,TRANSFER-IN,5061,2026-03-30,2026-08-27,"9,095.34","13,250.00","13,250.00","9,095.34","8,556.90",1,1,"9,095.34",R1664-400,R1664-400,"13,250.00",2026-11-04,2026-11-04,,,165,15,URBANPETS SERVICES PRIVATE LIMITED,,192,Royal Canin,Jay Projects,,,Gujarat,Ahmedabad
Royal Canin Maxi Starter 4 kg,,,,,,,,,,,,,"2,668.51",2,,"6,297.69",,,"8,440.00",,,,,,,,,,,,,,,
,Royal Canin,Dog Food,Dry Food ,1629,PURCHASE,3684,2026-03-27,2026-03-27,"2,896.78","4,220.00","4,220.00","3,148.85","2,668.51",2,6,"6,297.69",R1629-2717,R1629-2717,"8,440.00",2027-04-14,2027-04-14,,,168,168,URBANPETS SERVICES PRIVATE LIMITED,,192,Royal Canin,Jay Projects,,,Gujarat,Ahmedabad
Royal Canin Mini Adult 2 kg,,,,,,,,,,,,,"1,439.60",1,,"1,468.98",,,"2,140.00",,,,,,,,,,,,,,,
,Royal Canin,Dog Food,Dry Food ,7032,TRANSFER-IN,5012,2026-07-29,2026-08-20,"1,468.98","2,140.00","2,140.00","1,468.98","1,439.60",1,1,"1,468.98",R7032-9918,R7032-9918,"2,140.00",2027-07-23,2027-07-23,,,44,22,URBANPETS SERVICES PRIVATE LIMITED,,192,Royal Canin,Jay Projects,,,Gujarat,Ahmedabad
Royal Canin Mini Adult 4 kg,,,,,,,,,,,,,"2,589.94",2,,"5,285.60",,,"7,700.00",,,,,,,,,,,,,,,
,Royal Canin,Dog Food,Dry Food ,7034,TRANSFER-IN,5110,2026-06-09,2026-09-05,"2,642.80","3,850.00","3,850.00","2,642.80","2,589.94",2,2,"5,285.60",R7034-921,R7034-921,"7,700.00",2027-07-10,2027-07-10,,,94,6,URBANPETS SERVICES PRIVATE LIMITED,,192,Royal Canin,Jay Projects,,,Gujarat,Ahmedabad
Royal Canin Mini Adult 85 gm,,,,,,,,,,,,,203.37,23,,"1,749.65",,,"2,508.53",,,,,,,,,,,,,,,
,Royal Canin,Dog Food,Wet Food ,1690,PURCHASE,3415,2026-01-30,2026-01-30,64.06,109.17,109.17,75.59,64.06,7,7,529.14,R1690-8761,R1690-8761,764.19,2026-07-09,2026-07-09,,,224,224,URBANPETS SERVICES PRIVATE LIMITED,,192,Royal Canin,Shreeji Pet Shop,,,Gujarat,Ahmedabad
,Royal Canin,Dog Food,Wet Food ,1690,PURCHASE,3415,2026-01-30,2026-01-30,73.32,109.17,109.17,86.52,73.32,2,3,173.03,R1690-8762,R1690-8762,218.34,2026-09-05,2026-09-05,,,224,224,URBANPETS SERVICES PRIVATE LIMITED,,192,Royal Canin,Shreeji Pet Shop,,,Gujarat,Ahmedabad
,Royal Canin,Dog Food,Wet Food ,1690,TRANSFER-IN,4915,2026-06-24,2026-08-04,74.82,109.00,109.00,74.82,65.99,14,14,"1,047.48",R1690-9091,R1690-9091,"1,526.00",2027-12-22,2027-12-22,,,79,38,URBANPETS SERVICES PRIVATE LIMITED,,192,Royal Canin,Jay Projects,,,Gujarat,Ahmedabad
Royal Canin Mini Puppy 85 gm,,,,,,,,,,,,,144.09,13,,"1,113.03",,,"1,558.00",,,,,,,,,,,,,,,
,Royal Canin,Dog Food,Wet Food ,1691,PURCHASE,3413,2026-01-30,2026-01-30,71.44,118.00,118.00,84.30,71.44,1,2,84.30,R1691-8686,R1691-8686,118.00,2027-02-16,2027-02-16,,,224,224,URBANPETS SERVICES PRIVATE LIMITED,,192,Royal Canin,Shreeji Pet Shop,,,Gujarat,Ahmedabad
,Royal Canin,Dog Food,Wet Food ,1691,TRANSFER-IN,4756,2026-07-08,2026-07-10,82.37,120.00,120.00,85.73,72.65,12,12,"1,028.73",R1691-7920,R1691-7920,"1,440.00",2027-12-13,2027-12-13,,,65,63,URBANPETS SERVICES PRIVATE LIMITED,,192,Royal Canin,Jay Projects,,,Gujarat,Ahmedabad
Royal Canin Mini Starter 1kg,,,,,,,,,,,,,739.85,1,,803.14,,,"1,170.00",,,,,,,,,,,,,,,
,Royal Canin,Dog Food,Dry Food ,1609,TRANSFER-IN,4306,2026-03-21,2026-05-06,803.14,"1,170.00","1,170.00",803.14,739.85,1,1,803.14,R1609-4408,R1609-4408,"1,170.00",2027-03-07,2027-03-07,,,174,128,URBANPETS SERVICES PRIVATE LIMITED,,192,Royal Canin,Jay Projects,,,Gujarat,Ahmedabad
Royal Canin Mini Starter 4 Kg,,,,,,,,,,,,,"3,060.85",1,,"3,123.31",,,"4,550.00",,,,,,,,,,,,,,,
,Royal Canin,Dog Food,Dry Food ,7757,TRANSFER-IN,4902,2026-05-28,2026-08-03,"3,123.31","4,550.00","4,550.00","3,123.31","3,060.85",1,1,"3,123.31",R7757-8977,R7757-8977,"4,550.00",2027-04-13,2027-04-13,,,106,39,URBANPETS SERVICES PRIVATE LIMITED,,192,Royal Canin,Jay Projects,,,Gujarat,Ahmedabad
Royal Canin Persian adult 2KG,,,,,,,,,,,,,"1,634.69",2,,"3,706.78",,,"5,400.00",,,,,,,,,,,,,,,
,Royal Canin,Cat Food,Dry Food ,820,TRANSFER-IN,4902,2026-07-16,2026-08-03,"1,853.39","2,700.00","2,700.00","1,853.39","1,634.69",2,2,"3,706.78",R820-8979,R820-8979,"5,400.00",2027-06-29,2027-06-29,,,57,39,URBANPETS SERVICES PRIVATE LIMITED,,192,Royal Canin,Jay Projects,,,Gujarat,Ahmedabad
Royal Canin Persian Adult Gravy 85 gm,,,,,,,,,,,,,75.68,12,,"1,071.57",,,"1,500.00",,,,,,,,,,,,,,,
,Royal Canin,Cat Food,Wet Food ,10593,TRANSFER-IN,4834,2026-06-24,2026-07-22,85.80,125.00,125.00,89.30,75.68,12,12,"1,071.57",R10593-8401,R10593-8401,"1,500.00",2027-09-17,2027-09-17,,,79,51,URBANPETS SERVICES PRIVATE LIMITED,,192,Royal Canin,Jay Projects,,,Gujarat,Ahmedabad
Royal Canin Persian Kitten 2KG,,,,,,,,,,,,,"1,786.05",1,,"2,107.54",,,"2,950.00",,,,,,,,,,,,,,,
,Royal Canin,Cat Food,Dry Food ,821,TRANSFER-IN,4745,2026-06-24,2026-07-08,"2,025.00","2,950.00","2,950.00","2,107.54","1,786.05",1,1,"2,107.54",R821-7642,R821-7642,"2,950.00",2027-05-22,2027-05-22,,,79,65,URBANPETS SERVICES PRIVATE LIMITED,,192,Royal Canin,Jay Projects,,,Gujarat,Ahmedabad
Royal Canin Pug Adult 3kg,,,,,,,,,,,,,"2,388.13",1,,"2,436.86",,,"3,550.00",,,,,,,,,,,,,,,
,Royal Canin,Dog Food,Dry Food ,1608,TRANSFER-IN,4368,2026-04-15,2026-05-15,"2,436.86","3,550.00","3,550.00","2,436.86","2,388.13",1,1,"2,436.86",R1608-4954,R1608-4954,"3,550.00",2027-05-11,2027-05-11,,,149,119,URBANPETS SERVICES PRIVATE LIMITED,,192,Royal Canin,Jay Projects,,,Gujarat,Ahmedabad
Royal Canin Recovery Can 195g,,,,,,,,,,,,,217.95,17,,"4,372.10",,,"6,120.00",,,,,,,,,,,,,,,
,Royal Canin,Dog Food,Wet Food ,11323,PURCHASE,4097,2026-06-29,2026-06-29,247.11,360.00,360.00,257.18,217.95,17,48,"4,372.10",R11323-7268,R11323-7268,"6,120.00",2028-01-28,2028-01-28,,,74,74,URBANPETS SERVICES PRIVATE LIMITED,,192,Royal Canin,Jay Projects,,,Gujarat,Ahmedabad
Royal Canin Renal Dog 410 Gm,,,,,,,,,,,,,787.07,2,,928.75,,,"1,300.00",,,,,,,,,,,,,,,
,Royal Canin,Dog Food,Prescription Food ,7049,PURCHASE,3421,2026-01-30,2026-01-30,399.59,660.00,660.00,471.52,399.59,1,1,471.52,R7049-8942,R7049-8942,660.00,2026-12-01,2026-12-01,,,224,224,URBANPETS SERVICES PRIVATE LIMITED,,192,Royal Canin,Shreeji Pet Shop,,,Gujarat,Ahmedabad
,Royal Canin,Dog Food,Prescription Food ,7049,PURCHASE,3421,2026-01-30,2026-01-30,387.48,640.00,640.00,457.23,387.48,1,1,457.23,R7049-8943,R7049-8943,640.00,2026-07-22,2026-07-22,,,224,224,URBANPETS SERVICES PRIVATE LIMITED,,192,Royal Canin,Shreeji Pet Shop,,,Gujarat,Ahmedabad
Royal Canin Satiety Support Food 1.5 kg,,,,,,,,,,,,,"1,271.43",1,,"1,441.53",,,"2,100.00",,,,,,,,,,,,,,,
,Royal Canin,Dog Food,Prescription Food ,1631,TRANSFER-IN,5094,2026-07-16,2026-09-02,"1,441.53","2,100.00","2,100.00","1,441.53","1,271.43",1,1,"1,441.53",R1631-708,R1631-708,"2,100.00",2027-08-16,2027-08-16,,,57,9,URBANPETS SERVICES PRIVATE LIMITED,,192,Royal Canin,Jay Projects,,,Gujarat,Ahmedabad
Royal Canin Urinary 2 KG,,,,,,,,,,,,,"1,664.96",1,,"1,887.71",,,"2,750.00",,,,,,,,,,,,,,,
,Royal Canin,Cat Food,Prescription Food ,1623,TRANSFER-IN,5012,2026-07-21,2026-08-20,"1,887.71","2,750.00","2,750.00","1,887.71","1,664.96",1,1,"1,887.71",R1623-9912,R1623-9912,"2,750.00",2027-08-25,2027-08-25,,,52,22,URBANPETS SERVICES PRIVATE LIMITED,,192,Royal Canin,Jay Projects,,,Gujarat,Ahmedabad
Royal Canin Urinary Cat Feline 1.5kg,,,,,,,,,,,,,"2,506.52",2,,"2,841.86",,,"4,140.00",,,,,,,,,,,,,,,
,Royal Canin,Cat Food,Prescription Food ,840,TRANSFER-IN,5117,2026-09-04,2026-09-08,"1,420.93","2,070.00","2,070.00","1,420.93","1,253.26",1,1,"1,420.93",R840-957,R840-957,"2,070.00",2027-04-24,2027-04-24,,,7,3,URBANPETS SERVICES PRIVATE LIMITED,,192,Royal Canin,Jay Projects,,,Gujarat,Ahmedabad
,Royal Canin,Cat Food,Prescription Food ,840,TRANSFER-IN,5123,2026-09-04,2026-09-08,"1,420.93","2,070.00","2,070.00","1,420.93","1,253.26",1,1,"1,420.93",R840-995,R840-995,"2,070.00",2027-04-24,2027-04-24,,,7,3,URBANPETS SERVICES PRIVATE LIMITED,,192,Royal Canin,Jay Projects,,,Gujarat,Ahmedabad
RR melocan 2.5mg,,,,,,,,,,,,,53.57,10,,562.48,,,"1,000.00",,,,,,,,,,,,,,,
,Rectus Remedies,Medicine & Supplements ,Medicine ,11038,PURCHASE,3437,2026-01-30,2026-01-30,53.57,100.00,100.00,56.25,53.57,10,17,562.48,R11038-9352,R11038-9352,"1,000.00",2026-05-30,2026-05-30,,,224,224,URBANPETS SERVICES PRIVATE LIMITED,,189,Rectus Remedies,Shreeji Pet Shop,,,Gujarat,Ahmedabad
RR Safron Tablet 60Tab,,,,,,,,,,,,,186.34,19,,"3,717.47",,,"5,343.75",,,,,,,,,,,,,,,
,Manufacturer,Medicine & Supplements ,Medicine ,5954,PURCHASE,3651,2026-03-21,2026-03-21,214.29,281.25,281.25,195.66,186.34,19,46,"3,717.47",R5954-2197,R5954-2197,"5,343.75",2028-06-30,2028-06-30,,,174,174,URBANPETS SERVICES PRIVATE LIMITED,,1,Manufacturer,MAHIMA ENTERPRISE,,,Gujarat,Ahmedabad
Ruminfla DL Act Spary 100ml,,,,,,,,,,,,,218.30,16,,"1,833.68",,,"2,544.00",,,,,,,,,,,,,,,
,other,Medicine & Supplements ,Medicine ,10657,PURCHASE,3920,2026-05-21,2026-05-21,121.50,159.00,159.00,114.61,109.15,4,12,458.42,R10657-5184,R10657-5184,636.00,2027-12-31,2027-12-31,,,113,113,URBANPETS SERVICES PRIVATE LIMITED,,255,other,FRIENDS MEDICINES,,,Gujarat,Ahmedabad
,other,Medicine & Supplements ,Medicine ,10657,PURCHASE,4388,2026-08-27,2026-08-27,121.50,159.00,159.00,114.61,109.15,12,12,"1,375.26",R10657-510,R10657-510,"1,908.00",2027-12-30,2027-12-30,,,15,15,URBANPETS SERVICES PRIVATE LIMITED,,255,other,FRIENDS MEDICINES,,,Gujarat,Ahmedabad
RX Diet Renal Support Can  Cat 190gm,,,,,,,,,,,,,142.92,20,,"3,372.83",,,"6,000.00",,,,,,,,,,,,,,,
,Vivaldis,Cat Food,Wet Food ,11085,PURCHASE,4284,2026-08-06,2026-08-06,175.00,300.00,300.00,168.64,142.92,20,24,"3,372.83",R11085-9504,R11085-9504,"6,000.00",2029-01-30,2029-01-30,,,36,36,URBANPETS SERVICES PRIVATE LIMITED,,239,Vivaldis,Vivaldis Health and food pvt Ltd,,,Gujarat,Ahmedabad
Safrone Lotion 200 mg,,,,,,,,,,,,,154.77,1,,154.77,,,260.00,,,,,,,,,,,,,,,
,Manufacturer,Medicine & Supplements ,Medicine ,2761,TRANSFER-IN,5010,2026-01-30,2026-08-19,154.77,260.00,260.00,154.77,154.77,1,1,154.77,S2761-9865,S2761-9865,260.00,2027-07-30,2027-07-30,,,224,23,URBANPETS SERVICES PRIVATE LIMITED,,1,Manufacturer,Shreeji Pet Shop,,,Gujarat,Ahmedabad
Safrone Oil 200 ml,,,,,,,,,,,,,163.87,9,,"1,548.57",,,"2,340.00",,,,,,,,,,,,,,,
,Manufacturer,Medicine & Supplements ,Supplements ,2757,PURCHASE,3419,2026-01-30,2026-01-30,163.87,260.00,260.00,172.06,163.87,9,13,"1,548.57",S2757-8878,S2757-8878,"2,340.00",2027-05-30,2027-05-30,,,224,224,URBANPETS SERVICES PRIVATE LIMITED,,1,Manufacturer,Shreeji Pet Shop,,,Gujarat,Ahmedabad
SAMEPET SYRUP 100ML,,,,,,,,,,,,,333.20,6,,"1,999.20",,,"4,080.00",,,,,,,,,,,,,,,
,other,Medicine & Supplements ,Medicine ,11929,PURCHASE,3874,2026-04-30,2026-04-30,340.00,680.00,680.00,333.20,333.20,6,20,"1,999.20",S11929-4747,S11929-4747,"4,080.00",2027-11-30,2027-11-30,,,134,134,URBANPETS SERVICES PRIVATE LIMITED,,334,Swiss Biocare,SWISSBIOCARE,,,Gujarat,Ahmedabad
saras wholesome food chicken and turkey 300 gm,,,,,,,,,,,,,237.36,1,,280.08,,,389.00,,,,,,,,,,,,,,,
,HUFT,Dog Food,Wet Food ,11493,PURCHASE,3449,2026-01-30,2026-01-30,237.36,389.00,389.00,280.08,237.36,1,1,280.08,s11493-9662,s11493-9662,389.00,2026-03-19,2026-03-19,,,224,224,URBANPETS SERVICES PRIVATE LIMITED,,319,HUFT,Shreeji Pet Shop,,,Gujarat,Ahmedabad
Sava Advaplat 200ml,,,,,,,,,,,,,146.44,5,,768.81,,,"1,334.80",,,,,,,,,,,,,,,
,Sava Vet ,Medicine & Supplements ,Medicine ,10694,PURCHASE,3650,2026-03-18,2026-03-18,183.05,266.96,266.96,153.76,146.44,5,20,768.81,S10694-2185,S10694-2185,"1,334.80",2028-11-30,2028-11-30,,,177,177,URBANPETS SERVICES PRIVATE LIMITED,,197,Sava Vet ,SAVA HEALTHCARE LIMITED,,,Gujarat,Ahmedabad
Sava Ataxin 150mg,,,,,,,,,,,,,9.91,116,,602.84,,,"1,197.60",,,,,,,,,,,,,,,
,Sava Vet ,Medicine & Supplements ,Medicine ,7868,PURCHASE,3434,2026-01-30,2026-01-30,4.96,11.00,11.00,5.21,4.96,4,219,20.83,S7868-9262,S7868-9262,44.00,2028-02-28,2028-02-28,,,224,224,URBANPETS SERVICES PRIVATE LIMITED,,197,Sava Vet ,Shreeji Pet Shop,,,Gujarat,Ahmedabad
,Sava Vet ,Medicine & Supplements ,Medicine ,7868,PURCHASE,3779,2026-04-15,2026-04-15,7.07,10.30,10.30,5.20,4.95,112,300,582.01,S7868-3829,S7868-3829,"1,153.60",2028-09-30,2028-09-30,,,149,149,URBANPETS SERVICES PRIVATE LIMITED,,197,Sava Vet ,SAVA HEALTHCARE LIMITED,,,Gujarat,Ahmedabad
Sava Ataxin 50 mg,,,,,,,,,,,,,22.50,2,,47.25,,,93.76,,,,,,,,,,,,,,,
,Sava Vet ,Medicine & Supplements ,Medicine ,7863,PURCHASE,3972,2026-05-22,2026-05-22,32.14,46.88,46.88,23.62,22.50,2,30,47.25,S7863-5679,S7863-5679,93.76,2029-02-28,2029-02-28,,,112,112,URBANPETS SERVICES PRIVATE LIMITED,,197,Sava Vet ,SAVA HEALTHCARE LIMITED,,,Gujarat,Ahmedabad
SAVA BIOCLAN 300 MG TABLET,,,,,,,,,,,,,87.77,27,,"2,488.28",,,"4,320.00",,,,,,,,,,,,,,,
,Sava Vet ,Medicine & Supplements ,Medicine ,7864,PURCHASE,3434,2026-01-30,2026-01-30,87.77,160.00,160.00,92.16,87.77,27,46,"2,488.28",S7864-9258,S7864-9258,"4,320.00",2027-06-30,2027-06-30,,,224,224,URBANPETS SERVICES PRIVATE LIMITED,,197,Sava Vet ,Shreeji Pet Shop,,,Gujarat,Ahmedabad
SAVA BIOCLAN 600 MG TABLET,,,,,,,,,,,,,169.03,10,,"1,774.82",,,"2,900.00",,,,,,,,,,,,,,,
,Sava Vet ,Medicine & Supplements ,Medicine ,2800,PURCHASE,3423,2026-01-30,2026-01-30,169.03,290.00,290.00,177.48,169.03,10,12,"1,774.82",S2800-8971,S2800-8971,"2,900.00",2027-09-28,2027-09-28,,,224,224,URBANPETS SERVICES PRIVATE LIMITED,,197,Sava Vet ,Shreeji Pet Shop,,,Gujarat,Ahmedabad
SAVA BIOCLAN SYRUP 20 ML,,,,,,,,,,,,,40.11,20,,842.31,,,"1,300.00",,,,,,,,,,,,,,,
,Hygiene,Medicine & Supplements ,Medicine ,7867,PURCHASE,3434,2026-01-30,2026-01-30,40.11,65.00,65.00,42.12,40.11,20,20,842.31,S7867-9260,S7867-9260,"1,300.00",2026-12-30,2026-12-30,,,224,224,URBANPETS SERVICES PRIVATE LIMITED,,102,Hygiene,Shreeji Pet Shop,,,Gujarat,Ahmedabad
Sava Cephavet Suspension,,,,,,,,,,,,,82.29,7,,604.83,,,"1,120.00",,,,,,,,,,,,,,,
,Sava Vet ,Medicine & Supplements ,Medicine ,3150,PURCHASE,3432,2026-01-30,2026-01-30,82.29,160.00,160.00,86.40,82.29,7,7,604.83,S3150-9208,S3150-9208,"1,120.00",2026-04-30,2026-04-30,,,224,224,URBANPETS SERVICES PRIVATE LIMITED,,197,Sava Vet ,Shreeji Pet Shop,,,Gujarat,Ahmedabad
SAVA FELINTRA SYRUP 60 ML,,,,,,,,,,,,,159.10,7,,"1,169.40",,,"1,804.67",,,,,,,,,,,,,,,
,Sava Vet ,Medicine & Supplements ,Medicine ,6128,PURCHASE,4201,2026-07-07,2026-07-07,176.78,257.81,257.81,167.06,159.10,7,10,"1,169.40",S6128-8422,S6128-8422,"1,804.67",2027-05-30,2027-05-30,,,66,66,URBANPETS SERVICES PRIVATE LIMITED,,197,Sava Vet ,SAVA HEALTHCARE LIMITED,,,Gujarat,Ahmedabad
Sava FiprofortPlus 0.67 ml,,,,,,,,,,,,,90.45,50,,"4,748.63",,,"9,844.00",,,,,,,,,,,,,,,
,Sava Vet ,Medicine & Supplements ,Medicine ,7862,PURCHASE,4364,2026-08-19,2024-08-19,135.00,196.88,196.88,94.97,90.45,50,50,"4,748.63",S7862-1076,S7862-1076,"9,844.00",2028-11-30,2028-11-30,,,23,753,URBANPETS SERVICES PRIVATE LIMITED,,197,Sava Vet ,SAVA HEALTHCARE LIMITED,,,Gujarat,Ahmedabad
Sava FiprofortPlus 1.34 ml,,,,,,,,,,,,,150.75,19,,"3,007.47",,,"6,234.47",,,,,,,,,,,,,,,
,Sava Vet ,Medicine & Supplements ,Medicine ,7858,PURCHASE,4364,2026-08-19,2024-08-19,225.00,328.13,328.13,158.29,150.75,19,30,"3,007.47",S7858-1077,S7858-1077,"6,234.47",2028-11-30,2028-11-30,,,23,753,URBANPETS SERVICES PRIVATE LIMITED,,197,Sava Vet ,SAVA HEALTHCARE LIMITED,,,Gujarat,Ahmedabad
Sava FiprofortPlus 2.68 ml,,,,,,,,,,,,,396.26,23,,"5,047.77",,,"9,918.75",,,,,,,,,,,,,,,
,Sava Vet ,Medicine & Supplements ,Medicine ,7869,TRANSFER-IN,4957,2026-04-15,2026-08-11,295.71,431.25,431.25,295.71,198.13,3,5,887.13,S7869-9500,S7869-9500,"1,293.75",2028-07-30,2028-07-30,,,149,31,URBANPETS SERVICES PRIVATE LIMITED,,197,Sava Vet ,SAVA HEALTHCARE LIMITED,,,Gujarat,Ahmedabad
,Sava Vet ,Medicine & Supplements ,Medicine ,7869,PURCHASE,4291,2026-08-04,2026-08-04,295.71,431.25,431.25,208.03,198.13,20,30,"4,160.64",S7869-9555,S7869-9555,"8,625.00",2028-10-30,2028-10-30,,,38,38,URBANPETS SERVICES PRIVATE LIMITED,,197,Sava Vet ,SAVA HEALTHCARE LIMITED,,,Gujarat,Ahmedabad
Sava FiprofortPlus 4.02 ml,,,,,,,,,,,,,690.40,41,,"10,069.92",,,"21,910.00",,,,,,,,,,,,,,,
,Sava Vet ,Medicine & Supplements ,Medicine ,7856,PURCHASE,3434,2026-01-30,2026-01-30,241.20,560.00,560.00,253.26,241.20,2,7,506.52,S7856-9245,S7856-9245,"1,120.00",2026-04-30,2026-04-30,,,224,224,URBANPETS SERVICES PRIVATE LIMITED,,197,Sava Vet ,Shreeji Pet Shop,,,Gujarat,Ahmedabad
,Sava Vet ,Medicine & Supplements ,Medicine ,7856,PURCHASE,3434,2026-01-30,2026-01-30,208.00,560.00,560.00,218.40,208.00,9,29,"1,965.60",S7856-9246,S7856-9246,"5,040.00",2028-01-30,2028-01-30,,,224,224,URBANPETS SERVICES PRIVATE LIMITED,,197,Sava Vet ,Shreeji Pet Shop,,,Gujarat,Ahmedabad
,Sava Vet ,Medicine & Supplements ,Medicine ,7856,PURCHASE,4291,2026-08-04,2026-08-04,360.00,525.00,525.00,253.26,241.20,30,30,"7,597.80",S7856-9554,S7856-9554,"15,750.00",2028-08-30,2028-08-30,,,38,38,URBANPETS SERVICES PRIVATE LIMITED,,197,Sava Vet ,SAVA HEALTHCARE LIMITED,,,Gujarat,Ahmedabad
Sava Galibor SUS,,,,,,,,,,,,,636.42,11,,"3,675.37",,,"5,671.93",,,,,,,,,,,,,,,
,Sava Vet ,Medicine & Supplements ,Medicine ,10805,PURCHASE,3650,2026-03-18,2026-03-18,353.57,515.63,550.00,334.12,318.21,2,10,668.25,S10805-2187,S10805-2187,"1,031.26",2027-04-30,2027-04-30,,,177,177,URBANPETS SERVICES PRIVATE LIMITED,,197,Sava Vet ,SAVA HEALTHCARE LIMITED,,,Gujarat,Ahmedabad
,Sava Vet ,Medicine & Supplements ,Medicine ,10805,PURCHASE,3972,2026-05-22,2026-05-22,353.57,515.63,515.63,334.12,318.21,9,10,"3,007.12",S10805-5681,S10805-5681,"4,640.67",2028-03-31,2028-03-31,,,112,112,URBANPETS SERVICES PRIVATE LIMITED,,197,Sava Vet ,SAVA HEALTHCARE LIMITED,,,Gujarat,Ahmedabad
Sava ichmune c 50mg Capsule,,,,,,,,,,,,,202.28,5,,"1,061.97",,,"1,475.00",,,,,,,,,,,,,,,
,Hygiene,Medicine & Supplements ,Medicine ,2932,PURCHASE,4250,2026-08-05,2026-08-05,202.28,295.00,295.00,212.39,202.28,5,5,"1,061.97",S2932-9152,S2932-9152,"1,475.00",2026-12-30,2026-12-30,,,37,37,URBANPETS SERVICES PRIVATE LIMITED,,102,Hygiene,MAHIMA ENTERPRISE,,,Gujarat,Ahmedabad
Sava Kiwof Plus For Dog,,,,,,,,,,,,,9.26,"1,175",,"11,421.47",,,"63,450.00",,,,,,,,,,,,,,,
,Sava Vet ,Medicine & Supplements ,Medicine ,7860,PURCHASE,4364,2026-08-19,2024-08-19,37.03,54.00,54.00,9.72,9.26,"1,175","1,500","11,421.47",S7860-1078,S7860-1078,"63,450.00",2028-05-30,2028-05-30,,,23,753,URBANPETS SERVICES PRIVATE LIMITED,,197,Sava Vet ,SAVA HEALTHCARE LIMITED,,,Gujarat,Ahmedabad
Sava Kiwof Plus Xl,,,,,,,,,,,,,57.12,174,,"4,878.68",,,"20,604.18",,,,,,,,,,,,,,,
,Sava Vet ,Medicine & Supplements ,Medicine ,7859,PURCHASE,3434,2026-01-30,2026-01-30,30.46,111.09,111.09,31.98,30.46,2,100,63.97,S7859-9251,S7859-9251,222.18,2027-08-30,2027-08-30,,,224,224,URBANPETS SERVICES PRIVATE LIMITED,,197,Sava Vet ,Shreeji Pet Shop,,,Gujarat,Ahmedabad
,Sava Vet ,Medicine & Supplements ,Medicine ,7859,PURCHASE,4201,2026-07-07,2026-07-07,76.17,118.50,118.50,27.99,26.66,172,300,"4,814.71",S7859-8424,S7859-8424,"20,382.00",2027-03-30,2027-03-30,,,66,66,URBANPETS SERVICES PRIVATE LIMITED,,197,Sava Vet ,SAVA HEALTHCARE LIMITED,,,Gujarat,Ahmedabad
Sava Kiwof PUPPY  Oral Suspension 15 ml,,,,,,,,,,,,,44.36,10,,465.78,,,"1,080.00",,,,,,,,,,,,,,,
,Sava Vet ,Medicine & Supplements ,Medicine ,7839,PURCHASE,3431,2026-01-30,2026-01-30,44.36,108.00,108.00,46.58,44.36,10,16,465.78,S7839-9183,S7839-9183,"1,080.00",2027-08-30,2027-08-30,,,224,224,URBANPETS SERVICES PRIVATE LIMITED,,197,Sava Vet ,Shreeji Pet Shop,,,Gujarat,Ahmedabad
Sava Kynetra - 30 Tab,,,,,,,,,,,,,244.07,7,,"1,793.91",,,"2,800.00",,,,,,,,,,,,,,,
,Sava Vet ,Medicine & Supplements ,Medicine ,11376,PURCHASE,3450,2026-01-30,2026-01-30,244.07,400.00,400.00,256.27,244.07,7,7,"1,793.91",S11376-9680,S11376-9680,"2,800.00",2026-11-30,2026-11-30,,,224,224,URBANPETS SERVICES PRIVATE LIMITED,,197,Sava Vet ,Shreeji Pet Shop,,,Gujarat,Ahmedabad
SAVA LISYBIN LARGE TABLET,,,,,,,,,,,,,122.94,125,,"5,378.44",,,"8,812.20",,,,,,,,,,,,,,,
,Sava Vet ,Medicine & Supplements ,Medicine ,7872,PURCHASE,3434,2026-01-30,2026-01-30,40.98,75.00,75.00,43.03,40.98,2,2,86.06,S7872-9268,S7872-9268,150.00,2027-03-30,2027-03-30,,,224,224,URBANPETS SERVICES PRIVATE LIMITED,,197,Sava Vet ,Shreeji Pet Shop,,,Gujarat,Ahmedabad
,Sava Vet ,Medicine & Supplements ,Medicine ,7872,PURCHASE,3434,2026-01-30,2026-01-30,40.98,75.00,75.00,43.03,40.98,3,3,129.09,S7872-9269,S7872-9269,225.00,2027-03-30,2027-03-30,,,224,224,URBANPETS SERVICES PRIVATE LIMITED,,197,Sava Vet ,Shreeji Pet Shop,,,Gujarat,Ahmedabad
,Sava Vet ,Medicine & Supplements ,Medicine ,7872,PURCHASE,3650,2026-03-18,2026-03-18,48.21,70.31,70.31,43.03,40.98,120,300,"5,163.29",S7872-2189,S7872-2189,"8,437.20",2027-11-30,2027-11-30,,,177,177,URBANPETS SERVICES PRIVATE LIMITED,,197,Sava Vet ,SAVA HEALTHCARE LIMITED,,,Gujarat,Ahmedabad
SAVA LISYBIN MEDIUM TABLET,,,,,,,,,,,,,291.43,14,,"4,284.04",,,"7,000.00",,,,,,,,,,,,,,,
,Manufacturer,Medicine & Supplements ,Medicine ,3102,PURCHASE,4029,2026-06-16,2026-06-16,342.86,500.00,500.00,306.00,291.43,14,30,"4,284.04",S3102-6488,S3102-6488,"7,000.00",2028-04-30,2028-04-30,,,87,87,URBANPETS SERVICES PRIVATE LIMITED,,1,Manufacturer,SAVA HEALTHCARE LIMITED,,,Gujarat,Ahmedabad
SAVA LISYBIN SMALL TABLET,,,,,,,,,,,,,286.84,33,,"4,603.92",,,"7,525.16",,,,,,,,,,,,,,,
,Hygiene,Medicine & Supplements ,Medicine ,7873,PURCHASE,3434,2026-01-30,2026-01-30,13.66,25.00,25.00,14.34,13.66,1,1,14.34,S7873-9270,S7873-9270,25.00,2027-04-30,2027-04-30,,,224,224,URBANPETS SERVICES PRIVATE LIMITED,,102,Hygiene,Shreeji Pet Shop,,,Gujarat,Ahmedabad
,Hygiene,Medicine & Supplements ,Medicine ,7873,PURCHASE,3434,2026-01-30,2026-01-30,136.59,234.38,234.38,143.42,136.59,2,3,286.84,S7873-9271,S7873-9271,468.76,2027-07-30,2027-07-30,,,224,224,URBANPETS SERVICES PRIVATE LIMITED,,102,Hygiene,Shreeji Pet Shop,,,Gujarat,Ahmedabad
,Hygiene,Medicine & Supplements ,Medicine ,7873,PURCHASE,3650,2026-03-18,2026-03-18,160.70,234.38,234.38,143.42,136.59,30,30,"4,302.74",S7873-2190,S7873-2190,"7,031.40",2027-11-30,2027-11-30,,,177,177,URBANPETS SERVICES PRIVATE LIMITED,,102,Hygiene,SAVA HEALTHCARE LIMITED,,,Gujarat,Ahmedabad
SAVA ORAPET DENTAL DROP 1,,,,,,,,,,,,,460.35,27,,"6,646.88",,,"10,257.44",,,,,,,,,,,,,,,
,Sava Vet ,Medicine & Supplements ,Medicine ,5988,PURCHASE,4201,2026-07-07,2026-07-07,244.07,355.93,355.93,230.65,219.66,8,20,"1,845.17",S5988-8429,S5988-8429,"2,847.44",2027-05-30,2027-05-30,,,66,66,URBANPETS SERVICES PRIVATE LIMITED,,197,Sava Vet ,SAVA HEALTHCARE LIMITED,,,Gujarat,Ahmedabad
,Sava Vet ,Medicine & Supplements ,Medicine ,5988,PURCHASE,4364,2026-08-19,2024-08-19,267.43,390.00,390.00,252.72,240.69,19,20,"4,801.71",S5988-1079,S5988-1079,"7,410.00",2027-12-30,2027-12-30,,,23,753,URBANPETS SERVICES PRIVATE LIMITED,,197,Sava Vet ,SAVA HEALTHCARE LIMITED,,,Gujarat,Ahmedabad
SAVA OSCINAP EYE DROPS 10,,,,,,,,,,,,,144.64,36,,"5,467.36",,,"8,437.68",,,,,,,,,,,,,,,
,Sava Vet ,Medicine & Supplements ,Medicine ,5938,PURCHASE,4291,2026-08-04,2026-08-04,160.71,234.38,234.38,151.87,144.64,36,50,"5,467.36",S5938-9556,S5938-9556,"8,437.68",2028-05-30,2028-05-30,,,38,38,URBANPETS SERVICES PRIVATE LIMITED,,197,Sava Vet ,SAVA HEALTHCARE LIMITED,,,Gujarat,Ahmedabad
Sava Safe Heart 5mg Tablet,,,,,,,,,,,,,"1,412.53",6,,"8,898.94",,,"14,540.64",,,,,,,,,,,,,,,
,Hygiene,Medicine & Supplements ,Medicine ,3129,PURCHASE,4291,2026-08-04,2026-08-04,"1,661.80","2,423.44","2,423.44","1,483.16","1,412.53",6,10,"8,898.94",S3129-9557,S3129-9557,"14,540.64",2028-04-30,2028-04-30,,,38,38,URBANPETS SERVICES PRIVATE LIMITED,,102,Hygiene,SAVA HEALTHCARE LIMITED,,,Gujarat,Ahmedabad
SAVA Safeheart 1.25g,,,,,,,,,,,,,430.92,6,,"2,714.78",,,"4,021.86",,,,,,,,,,,,,,,
,Sava Vet ,Medicine & Supplements ,Medicine ,6018,PURCHASE,4343,2026-08-21,2026-08-21,517.10,670.31,670.31,452.46,430.92,6,6,"2,714.78",S6018-76,S6018-76,"4,021.86",2028-02-28,2028-02-28,,,21,21,URBANPETS SERVICES PRIVATE LIMITED,,197,Sava Vet ,MAHIMA ENTERPRISE,,,Gujarat,Ahmedabad
SAVA Safeheart 10mg - 30tab,,,,,,,,,,,,,"3,214.29",2,,"6,750.01",,,"8,437.50",,,,,,,,,,,,,,,
,Sava Vet ,Medicine & Supplements ,Medicine ,11404,PURCHASE,3450,2026-01-30,2026-01-30,"3,214.29","4,218.75","4,500.00","3,375.01","3,214.29",2,2,"6,750.01",S11404-9689,S11404-9689,"8,437.50",2026-12-30,2026-12-30,,,224,224,URBANPETS SERVICES PRIVATE LIMITED,,197,Sava Vet ,Shreeji Pet Shop,,,Gujarat,Ahmedabad
Sava Staphban 15gms,,,,,,,,,,,,,400.06,59,,"8,297.66",,,"12,805.04",,,,,,,,,,,,,,,
,Manufacturer,Medicine & Supplements ,Medicine ,2858,PURCHASE,1241,2024-10-23,2024-10-23,147.86,230.00,230.00,149.04,133.07,1,40,149.04,S2858-3196,S2858-3196,230.00,2026-08-30,2026-08-30,,,688,688,URBANPETS SERVICES PRIVATE LIMITED,,1,Manufacturer,SAVA HEALTHCARE LIMITED,,,Gujarat,Ahmedabad
,Manufacturer,Medicine & Supplements ,Medicine ,2858,PURCHASE,3972,2026-05-22,2026-05-22,147.86,215.63,215.63,139.73,133.07,8,30,"1,117.82",S2858-5683,S2858-5683,"1,725.04",2028-03-31,2028-03-31,,,112,112,URBANPETS SERVICES PRIVATE LIMITED,,1,Manufacturer,SAVA HEALTHCARE LIMITED,,,Gujarat,Ahmedabad
,Manufacturer,Medicine & Supplements ,Medicine ,2858,PURCHASE,4291,2026-08-04,2026-08-04,148.80,217.00,217.00,140.62,133.92,50,50,"7,030.80",S2858-9558,S2858-9558,"10,850.00",2028-04-30,2028-04-30,,,38,38,URBANPETS SERVICES PRIVATE LIMITED,,1,Manufacturer,SAVA HEALTHCARE LIMITED,,,Gujarat,Ahmedabad
Sava Strongbeat Advance 30 tab,,,,,,,,,,,,,893.07,27,,"12,327.34",,,"18,984.51",,,,,,,,,,,,,,,
,Sava Vet ,Medicine & Supplements ,Medicine ,11321,PURCHASE,4316,2026-08-17,2026-08-17,535.71,703.13,703.13,482.14,459.18,1,7,482.14,S11321-9772,S11321-9772,703.13,2028-03-30,2028-03-30,,,25,25,URBANPETS SERVICES PRIVATE LIMITED,,197,Sava Vet ,MAHIMA ENTERPRISE,,,Gujarat,Ahmedabad
,Sava Vet ,Medicine & Supplements ,Medicine ,11321,PURCHASE,4364,2026-08-19,2024-08-19,482.10,703.13,703.13,455.58,433.89,26,30,"11,845.20",S11321-1080,S11321-1080,"18,281.38",2028-05-30,2028-05-30,,,23,753,URBANPETS SERVICES PRIVATE LIMITED,,197,Sava Vet ,SAVA HEALTHCARE LIMITED,,,Gujarat,Ahmedabad
sava Taurians 10 Tab,,,,,,,,,,,,,135.60,2,,284.76,,,375.00,,,,,,,,,,,,,,,
,Sava Vet ,Medicine & Supplements ,Medicine ,11776,PURCHASE,3454,2026-01-31,2026-01-30,135.60,187.50,187.50,142.38,135.60,2,2,284.76,s11776-9861,s11776-9861,375.00,2026-08-30,2026-08-30,,,223,224,URBANPETS SERVICES PRIVATE LIMITED,,197,Sava Vet ,Shreeji Pet Shop,,,Gujarat,Ahmedabad
Sava Toxo-Moxo 250mg,,,,,,,,,,,,,67.50,9,,637.88,,,"1,265.67",,,,,,,,,,,,,,,
,Manufacturer,Medicine & Supplements ,Medicine ,2878,PURCHASE,4029,2026-06-16,2026-06-16,96.43,140.63,140.63,70.88,67.50,9,10,637.88,S2878-6490,S2878-6490,"1,265.67",2028-08-30,2028-08-30,,,87,87,URBANPETS SERVICES PRIVATE LIMITED,,1,Manufacturer,SAVA HEALTHCARE LIMITED,,,Gujarat,Ahmedabad
Sava Toxo-Moxo 500 mg,,,,,,,,,,,,,189.00,11,,"1,086.75",,,"2,165.68",,,,,,,,,,,,,,,
,Manufacturer,Medicine & Supplements ,Medicine ,2879,PURCHASE,4291,2026-08-04,2026-08-04,135.00,196.88,196.88,99.23,94.50,10,10,992.25,S2879-9559,S2879-9559,"1,968.80",2027-07-30,2027-07-30,,,38,38,URBANPETS SERVICES PRIVATE LIMITED,,1,Manufacturer,SAVA HEALTHCARE LIMITED,,,Gujarat,Ahmedabad
,Manufacturer,Medicine & Supplements ,Medicine ,2879,TRANSFER-IN,5010,2026-01-30,2026-08-19,94.50,196.88,196.88,94.50,94.50,1,1,94.50,S2879-9862,S2879-9862,196.88,2026-09-30,2026-09-30,,,224,23,URBANPETS SERVICES PRIVATE LIMITED,,1,Manufacturer,Shreeji Pet Shop,,,Gujarat,Ahmedabad
Sava Vet Dermoscent Essential 6 Spot-on 20-40 KG,,,,,,,,,,,,,"1,220.34",1,,"1,440.00",,,"1,800.00",,,,,,,,,,,,,,,
,Sava Vet ,Medicine & Supplements ,Medicine ,10958,PURCHASE,3437,2026-01-30,2026-01-30,"1,220.34","1,800.00","1,900.00","1,440.00","1,220.34",1,1,"1,440.00",S10958-9328,S10958-9328,"1,800.00",2027-01-20,2027-01-20,,,224,224,URBANPETS SERVICES PRIVATE LIMITED,,197,Sava Vet ,Shreeji Pet Shop,,,Gujarat,Ahmedabad
Sava Vetachlor -  M Spray,,,,,,,,,,,,,231.42,11,,"1,336.49",,,"2,062.50",,,,,,,,,,,,,,,
,Hygiene,Medicine & Supplements ,Medicine ,3126,PURCHASE,4201,2026-07-07,2026-07-07,128.57,187.50,187.50,121.50,115.71,1,10,121.50,S3126-8430,S3126-8430,187.50,2027-11-30,2027-11-30,,,66,66,URBANPETS SERVICES PRIVATE LIMITED,,102,Hygiene,SAVA HEALTHCARE LIMITED,,,Gujarat,Ahmedabad
,Hygiene,Medicine & Supplements ,Medicine ,3126,PURCHASE,4364,2026-08-19,2024-08-19,128.57,187.50,187.50,121.50,115.71,10,10,"1,214.99",S3126-1081,S3126-1081,"1,875.00",2027-11-30,2027-11-30,,,23,753,URBANPETS SERVICES PRIVATE LIMITED,,102,Hygiene,SAVA HEALTHCARE LIMITED,,,Gujarat,Ahmedabad
sava visiocare 3.5gm,,,,,,,,,,,,,349.70,3,,550.78,,,920.00,,,,,,,,,,,,,,,
,Hygiene,Medicine & Supplements ,Medicine ,2912,PURCHASE,3426,2026-01-30,2026-01-30,174.85,320.00,320.00,183.59,174.85,1,3,183.59,s2912-9047,s2912-9047,320.00,2026-08-30,2026-08-30,,,224,224,URBANPETS SERVICES PRIVATE LIMITED,,102,Hygiene,Shreeji Pet Shop,,,Gujarat,Ahmedabad
,Hygiene,Medicine & Supplements ,Medicine ,2912,PURCHASE,3650,2026-03-18,2026-03-18,205.71,300.00,300.00,183.60,174.85,2,10,367.19,s2912-2194,s2912-2194,600.00,2027-10-30,2027-10-30,,,177,177,URBANPETS SERVICES PRIVATE LIMITED,,102,Hygiene,SAVA HEALTHCARE LIMITED,,,Gujarat,Ahmedabad
Scientific Remedies Pawvita Tabs 160 Tab,,,,,,,,,,,,,286.02,19,,"6,412.49",,,"10,260.00",,,,,,,,,,,,,,,
,Scientific Remedies,Medicine & Supplements ,Medicine ,10865,PURCHASE,4319,2026-08-10,2026-08-10,343.22,540.00,540.00,337.50,286.02,19,30,"6,412.49",S10865-9780,S10865-9780,"10,260.00",2027-06-30,2027-06-30,,,32,32,URBANPETS SERVICES PRIVATE LIMITED,,199,Scientific Remedies,MAHIMA ENTERPRISE,,,Gujarat,Ahmedabad
Scientific Remedies Pawvita Tabs 60 Tab,,,,,,,,,,,,,131.89,23,,"3,579.54",,,"5,727.00",,,,,,,,,,,,,,,
,Scientific Remedies,Medicine & Supplements ,Medicine ,10864,PURCHASE,4319,2026-08-10,2026-08-10,158.27,249.00,249.00,155.63,131.89,23,24,"3,579.54",S10864-9781,S10864-9781,"5,727.00",2027-06-30,2027-06-30,,,32,32,URBANPETS SERVICES PRIVATE LIMITED,,199,Scientific Remedies,MAHIMA ENTERPRISE,,,Gujarat,Ahmedabad
SE Pet Producer 200 ml,,,,,,,,,,,,,260.00,1,,260.00,,,390.00,,,,,,,,,,,,,,,
,Hygiene,Medicine & Supplements ,Medicine ,2745,TRANSFER-IN,4567,2026-01-30,2026-06-15,260.00,390.00,390.00,260.00,260.00,1,1,260.00,S2745-6359,S2745-6359,390.00,2026-07-30,2026-07-30,,,224,88,URBANPETS SERVICES PRIVATE LIMITED,,102,Hygiene,Shreeji Pet Shop,,,Gujarat,Ahmedabad
Semolyte Gut Oral Powder sachet,,,,,,,,,,,,,332.20,4,,"1,567.98",,,"3,200.00",,,,,,,,,,,,,,,
,other,Medicine & Supplements ,Medicine ,11482,PURCHASE,3874,2026-04-30,2026-04-30,338.98,800.00,800.00,392.00,332.20,4,10,"1,567.98",S11482-4748,S11482-4748,"3,200.00",2027-06-30,2027-06-30,,,134,134,URBANPETS SERVICES PRIVATE LIMITED,,255,other,SWISSBIOCARE,,,Gujarat,Ahmedabad
SH Gravy Chicken Teriyaki 80 gm,,,,,,,,,,,,,28.98,3,,102.59,,,135.00,,,,,,,,,,,,,,,
,Smart Heart,Dog Food,Wet Food ,6989,PURCHASE,3421,2026-01-30,2026-01-30,28.98,45.00,45.00,34.20,28.98,3,12,102.59,S6989-8926,S6989-8926,135.00,2026-08-30,2026-08-30,,,224,224,URBANPETS SERVICES PRIVATE LIMITED,,205,Smart Heart,Shreeji Pet Shop,,,Gujarat,Ahmedabad
SH Gravy Chicken with Carrot and Egg 80 gm,,,,,,,,,,,,,30.19,2,,60.38,,,100.00,,,,,,,,,,,,,,,
,Smart Heart,Dog Food,Wet Food ,6988,TRANSFER-IN,4932,2026-08-03,2026-08-06,30.19,50.00,50.00,30.19,30.19,2,36,60.38,S6988-9214,S6988-9214,100.00,2028-03-28,2028-03-28,,,39,36,URBANPETS SERVICES PRIVATE LIMITED,,205,Smart Heart,Castor and Pullox,,,Gujarat,Ahmedabad
SH Gravy Roasted Duck 80 gm,,,,,,,,,,,,,59.11,17,,506.88,,,850.00,,,,,,,,,,,,,,,
,Smart Heart,Dog Food,Wet Food ,6990,TRANSFER-IN,4164,2026-03-07,2026-04-15,28.92,50.00,50.00,28.92,28.92,5,24,144.60,S6990-3387,S6990-3387,250.00,2028-01-12,2028-01-12,,,188,149,URBANPETS SERVICES PRIVATE LIMITED,,205,Smart Heart,Castor and Pullox,,,Gujarat,Ahmedabad
,Smart Heart,Dog Food,Wet Food ,6990,TRANSFER-IN,5087,2026-08-03,2026-09-01,30.19,50.00,50.00,30.19,30.19,12,12,362.28,S6990-599,S6990-599,600.00,2028-03-16,2028-03-16,,,39,10,URBANPETS SERVICES PRIVATE LIMITED,,205,Smart Heart,Castor and Pullox,,,Gujarat,Ahmedabad
SH- Adult Chicken and Liver 20KG,,,,,,,,,,,,,"2,275.74",1,,"2,447.03",,,"3,850.00",,,,,,,,,,,,,,,
,Smart Heart,Dog Food,Dry Food ,6981,TRANSFER-IN,4978,2026-07-20,2026-08-14,"2,447.03","3,850.00","3,850.00","2,447.03","2,275.74",1,1,"2,447.03",S6981-9632,S6981-9632,"3,850.00",2027-10-30,2027-10-30,,,53,28,URBANPETS SERVICES PRIVATE LIMITED,,205,Smart Heart,Murlidhar Bansidhar,,,Gujarat,Ahmedabad
SH- Adult Smoked Liver 20KG,,,,,,,,,,,,,"2,275.74",1,,"2,447.03",,,"3,850.00",,,,,,,,,,,,,,,
,Smart Heart,Dog Food,Dry Food ,6973,TRANSFER-IN,5100,2026-07-21,2026-09-03,"2,447.03","3,850.00","3,850.00","2,447.03","2,275.74",1,1,"2,447.03",S6973-780,S6973-780,"3,850.00",2027-10-30,2027-10-30,,,52,8,URBANPETS SERVICES PRIVATE LIMITED,,205,Smart Heart,Murlidhar Bansidhar,,,Gujarat,Ahmedabad
SH- Adult Smoked Liver 3KG,,,,,,,,,,,,,855.19,3,,"1,271.82",,,"2,070.00",,,,,,,,,,,,,,,
,Smart Heart,Dog Food,Dry Food ,6980,TRANSFER-IN,4902,2026-07-31,2026-08-03,438.56,690.00,690.00,438.56,438.56,1,1,438.56,S6980-8976,S6980-8976,690.00,2027-07-23,2027-07-23,,,42,39,URBANPETS SERVICES PRIVATE LIMITED,,205,Smart Heart,Castor and Pullox,,,Gujarat,Ahmedabad
,Smart Heart,Dog Food,Dry Food ,6980,TRANSFER-IN,5120,2026-08-03,2026-09-08,416.63,690.00,690.00,416.63,416.63,2,2,833.26,S6980-966,S6980-966,"1,380.00",2027-07-17,2027-07-17,,,39,3,URBANPETS SERVICES PRIVATE LIMITED,,205,Smart Heart,Castor and Pullox,,,Gujarat,Ahmedabad
SH- Puppy Chicken Egg and Milk 2.7 KG,,,,,,,,,,,,,434.75,2,,869.50,,,"1,440.00",,,,,,,,,,,,,,,
,Smart Heart,Dog Food,Dry Food ,6976,TRANSFER-IN,4938,2026-08-03,2026-08-07,434.75,720.00,720.00,434.75,434.75,2,3,869.50,S6976-9346,S6976-9346,"1,440.00",2027-07-15,2027-07-15,,,39,35,URBANPETS SERVICES PRIVATE LIMITED,,205,Smart Heart,Castor and Pullox,,,Gujarat,Ahmedabad
Sheba Chicken Gravy 70g,,,,,,,,,,,,,47.06,14,,711.90,,,"1,120.00",,,,,,,,,,,,,,,
,Sheba,Cat Food,Wet Food ,6853,TRANSFER-IN,5004,2026-08-10,2026-08-18,50.85,80.00,80.00,50.85,47.06,14,28,711.90,S6853-9807,S6853-9807,"1,120.00",2028-05-28,2028-05-28,,,32,24,URBANPETS SERVICES PRIVATE LIMITED,,200,Sheba,Jay Projects,,,Gujarat,Ahmedabad
Sheba Dlux Succelent Chicken Breast In Gravy 85 Gm,,,,,,,,,,,,,69.92,6,,495.03,,,660.00,,,,,,,,,,,,,,,
,Sheba,Cat Food,Wet Food ,6850,PURCHASE,3487,2026-02-10,2026-02-10,69.92,110.00,110.00,82.51,69.92,6,12,495.03,S6850-232,S6850-232,660.00,2027-01-30,2027-01-30,,,213,213,URBANPETS SERVICES PRIVATE LIMITED,,200,Sheba,Jay Projects,,,Gujarat,Ahmedabad
Sheba Fish Maguro Bream Gravy 35 Gm,,,,,,,,,,,,,91.02,26,,827.92,,,"1,300.00",,,,,,,,,,,,,,,
,Sheba,Cat Food,Wet Food ,6848,PURCHASE,3416,2026-01-30,2026-01-30,30.35,50.00,50.00,35.81,30.35,1,12,35.81,S6848-8791,S6848-8791,50.00,2027-06-16,2027-06-16,,,224,224,URBANPETS SERVICES PRIVATE LIMITED,,200,Sheba,Shreeji Pet Shop,,,Gujarat,Ahmedabad
,Sheba,Cat Food,Wet Food ,6848,TRANSFER-IN,4562,2026-01-30,2026-06-13,29.39,50.00,50.00,29.39,29.39,1,12,29.39,S6848-6289,S6848-6289,50.00,2027-10-11,2027-10-11,,,224,90,URBANPETS SERVICES PRIVATE LIMITED,,200,Sheba,Shreeji Pet Shop,,,Gujarat,Ahmedabad
,Sheba,Cat Food,Wet Food ,6848,TRANSFER-IN,5089,2026-07-29,2026-09-01,31.78,50.00,50.00,31.78,31.28,24,48,762.72,S6848-602,S6848-602,"1,200.00",2028-03-27,2028-03-27,,,44,10,URBANPETS SERVICES PRIVATE LIMITED,,200,Sheba,Jay Projects,,,Gujarat,Ahmedabad
Sheba Fish with DBF Gravy 35 Gm,,,,,,,,,,,,,31.78,1,,37.50,,,50.00,,,,,,,,,,,,,,,
,Sheba,Cat Food,Wet Food ,6799,TRANSFER-IN,4744,2026-06-03,2026-07-08,31.78,50.00,50.00,37.50,31.78,1,48,37.50,S6799-7636,S6799-7636,50.00,2028-02-02,2028-02-02,,,100,65,URBANPETS SERVICES PRIVATE LIMITED,,200,Sheba,Jay Projects,,,Gujarat,Ahmedabad
Sheba Fish With Sasami Gravy 35 Gm,,,,,,,,,,,,,31.28,4,,127.12,,,200.00,,,,,,,,,,,,,,,
,Sheba,Cat Food,Wet Food ,842,TRANSFER-IN,5089,2026-07-29,2026-09-01,31.78,50.00,50.00,31.78,31.28,4,48,127.12,S842-605,S842-605,200.00,2028-04-29,2028-04-29,,,44,10,URBANPETS SERVICES PRIVATE LIMITED,,200,Sheba,Jay Projects,,,Gujarat,Ahmedabad
Sheba Kitten Chicken Gravy 70gm,,,,,,,,,,,,,42.49,13,,651.79,,,910.00,,,,,,,,,,,,,,,
,Sheba,Cat Food,Wet Food ,6856,PURCHASE,3418,2026-01-30,2026-01-30,42.49,70.00,70.00,50.14,42.49,13,15,651.79,S6856-8849,S6856-8849,910.00,2027-05-15,2027-05-15,,,224,224,URBANPETS SERVICES PRIVATE LIMITED,,200,Sheba,Shreeji Pet Shop,,,Gujarat,Ahmedabad
Sheba Skip Salmon Gravy 35 Gm,,,,,,,,,,,,,62.56,36,,"1,144.08",,,"1,800.00",,,,,,,,,,,,,,,
,Sheba,Cat Food,Wet Food ,6849,TRANSFER-IN,4992,2026-07-29,2026-08-17,31.78,50.00,50.00,31.78,31.28,12,24,381.36,S6849-9748,S6849-9748,600.00,2028-05-04,2028-05-04,,,44,25,URBANPETS SERVICES PRIVATE LIMITED,,200,Sheba,Jay Projects,,,Gujarat,Ahmedabad
,Sheba,Cat Food,Wet Food ,6849,TRANSFER-IN,5004,2026-07-29,2026-08-18,31.78,50.00,50.00,31.78,31.28,24,24,762.72,S6849-9800,S6849-9800,"1,200.00",2028-05-04,2028-05-04,,,44,24,URBANPETS SERVICES PRIVATE LIMITED,,200,Sheba,Jay Projects,,,Gujarat,Ahmedabad
Sheba Tuna Pumpkin and Carrot Garvy 70gm,,,,,,,,,,,,,100.14,7,,355.95,,,560.00,,,,,,,,,,,,,,,
,Sheba,Cat Food,Wet Food ,6855,TRANSFER-IN,4714,2026-07-01,2026-07-03,50.85,80.00,80.00,50.85,50.08,1,28,50.85,S6855-7381,S6855-7381,80.00,2028-02-15,2028-02-15,,,72,70,URBANPETS SERVICES PRIVATE LIMITED,,200,Sheba,Jay Projects,,,Gujarat,Ahmedabad
,Sheba,Cat Food,Wet Food ,6855,TRANSFER-IN,4995,2026-07-29,2026-08-17,50.85,80.00,80.00,50.85,50.06,6,24,305.10,S6855-9763,S6855-9763,480.00,2028-05-04,2028-05-04,,,44,25,URBANPETS SERVICES PRIVATE LIMITED,,200,Sheba,Jay Projects,,,Gujarat,Ahmedabad
Sheba Tuna With Chicken Gravy 70GM,,,,,,,,,,,,,97.12,36,,"1,830.45",,,"2,880.00",,,,,,,,,,,,,,,
,Sheba,Cat Food,Wet Food ,6854,TRANSFER-IN,5029,2026-08-05,2026-08-22,50.85,80.00,80.00,50.85,50.07,21,41,"1,067.85",S6854-84,S6854-84,"1,680.00",2028-05-03,2028-05-03,,,37,20,URBANPETS SERVICES PRIVATE LIMITED,,200,Sheba,Jay Projects,,,Gujarat,Ahmedabad
,Sheba,Cat Food,Wet Food ,6854,TRANSFER-IN,5029,2026-08-19,2026-08-22,50.84,80.00,80.00,50.84,47.05,15,15,762.60,S6854-85,S6854-85,"1,200.00",2028-05-03,2028-05-03,,,23,20,URBANPETS SERVICES PRIVATE LIMITED,,200,Sheba,Jay Projects,,,Gujarat,Ahmedabad
Sheen N Kleen Forte 200ml,,,,,,,,,,,,,369.01,45,,"8,812.51",,,"14,670.00",,,,,,,,,,,,,,,
,Manufacturer,Medicine & Supplements ,Medicine ,3002,PURCHASE,3429,2026-01-30,2026-01-30,178.50,340.00,340.00,187.43,178.50,15,25,"2,811.38",S3002-9120,S3002-9120,"5,100.00",2026-08-30,2026-08-30,,,224,224,URBANPETS SERVICES PRIVATE LIMITED,,1,Manufacturer,Shreeji Pet Shop,,,Gujarat,Ahmedabad
,Manufacturer,Medicine & Supplements ,Medicine ,3002,PURCHASE,4300,2026-08-13,2026-08-13,243.00,319.00,319.00,200.04,190.51,30,30,"6,001.13",S3002-9652,S3002-9652,"9,570.00",2027-09-30,2027-09-30,,,29,29,URBANPETS SERVICES PRIVATE LIMITED,,1,Manufacturer,FRIENDS MEDICINES,,,Gujarat,Ahmedabad
SigProe,,,,,,,,,,,,,290.00,18,,"5,220.00",,,"10,440.00",,,,,,,,,,,,,,,
,Manufacturer,Medicine & Supplements ,Medicine ,3034,PURCHASE,3683,2026-03-25,2026-03-25,290.00,580.00,580.00,290.00,290.00,18,20,"5,220.00",S3034-2715,S3034-2715,"10,440.00",2028-03-01,2028-03-01,,,170,170,URBANPETS SERVICES PRIVATE LIMITED,,1,Manufacturer,SIGNATE ANIMAL HEALTH AND NUTRITION PVT LTD,,,Gujarat,Ahmedabad
Silver Reflect Adjustable Leash L-XL 2.00m/25mm Black / Sliver Grey,,,,,,,,,,,,,633.48,1,,747.51,,,"1,495.00",,,,,,,,,,,,,,,
,Trixie,Walk Essentials,Leash,10325,PURCHASE,3447,2026-01-30,2026-01-30,633.48,"1,495.00","1,495.00",747.51,633.48,1,1,747.51,S10325-9619,S10325-9619,"1,495.00",,,,,224,224,URBANPETS SERVICES PRIVATE LIMITED,,218,Trixie,Shreeji Pet Shop,,,Gujarat,Ahmedabad
Simple Solution Disposable Diapers L-XL,,,,,,,,,,,,,704.93,3,,"2,114.79",,,"4,785.00",,,,,,,,,,,,,,,
,Simple Solution,Hygiene,Diaper & Training Pads ,2717,TRANSFER-IN,4203,2026-01-30,2026-04-22,704.93,"1,595.00","1,595.00",704.93,704.93,3,3,"2,114.79",S2717-3764,S2717-3764,"4,785.00",2029-10-09,2029-10-09,,,224,142,URBANPETS SERVICES PRIVATE LIMITED,,203,Simple Solution,Shreeji Pet Shop,,,Gujarat,Ahmedabad
Simple Solution Disposable Diapers Medium,,,,,,,,,,,,,717.87,2,,"1,507.52",,,"2,990.00",,,,,,,,,,,,,,,
,Simple Solution,Hygiene,Diaper & Training Pads ,2713,TRANSFER-IN,4789,2026-06-16,2026-07-16,783.10,"1,495.00","1,495.00",753.76,717.87,2,2,"1,507.52",S2713-8153,S2713-8153,"2,990.00",2030-11-09,2030-11-09,,,87,57,URBANPETS SERVICES PRIVATE LIMITED,,203,Simple Solution,ABK Imports Pvt. Ltd,,,Gujarat,Ahmedabad
Simple Solution Disposable Diapers XXL,,,,,,,,,,,,,909.94,1,,992.62,,,"1,895.00",,,,,,,,,,,,,,,
,Simple Solution,Hygiene,Diaper & Training Pads ,2715,TRANSFER-IN,5123,2026-06-16,2026-09-08,992.62,"1,895.00","1,895.00",992.62,909.94,1,1,992.62,S2715-988,S2715-988,"1,895.00",2030-11-09,2030-11-09,,,87,3,URBANPETS SERVICES PRIVATE LIMITED,,203,Simple Solution,ABK Imports Pvt. Ltd,,,Gujarat,Ahmedabad
Simple Solution Dog Stain and Odor Remover 1000ml,,,,,,,,,,,,,400.43,1,,472.51,,,945.00,,,,,,,,,,,,,,,
,Simple Solution,Hygiene,Others ,10277,PURCHASE,3447,2026-01-30,2026-01-30,400.43,945.00,945.00,472.51,400.43,1,1,472.51,S10277-9611,S10277-9611,945.00,2027-10-10,2027-10-10,,,224,224,URBANPETS SERVICES PRIVATE LIMITED,,203,Simple Solution,Shreeji Pet Shop,,,Gujarat,Ahmedabad
Simple Solution Extreme Dog Stain and Odour Remover 500ml,,,,,,,,,,,,,365.02,5,,"2,153.62",,,"4,475.00",,,,,,,,,,,,,,,
,Simple Solution,Hygiene,Others ,2678,PURCHASE,3419,2026-01-30,2026-01-30,365.02,895.00,895.00,430.72,365.02,5,7,"2,153.62",S2678-8869,S2678-8869,"4,475.00",2029-06-30,2029-06-30,,,224,224,URBANPETS SERVICES PRIVATE LIMITED,,203,Simple Solution,Shreeji Pet Shop,,,Gujarat,Ahmedabad
Skyec Bonestar Pet Tablet,,,,,,,,,,,,,141.25,1,,166.68,,,250.00,,,,,,,,,,,,,,,
,Manufacturer,Medicine & Supplements ,Medicine ,6001,PURCHASE,4076,2026-06-24,2026-06-24,169.50,250.00,250.00,166.68,141.25,1,6,166.68,S6001-7097,S6001-7097,250.00,2027-10-30,2027-10-30,,,79,79,URBANPETS SERVICES PRIVATE LIMITED,,1,Manufacturer,MAHIMA ENTERPRISE,,,Gujarat,Ahmedabad
SKYEC Flexirun Tab,,,,,,,,,,,,,"1,271.18",5,,"6,355.95",,,"7,500.00",,,,,,,,,,,,,,,
,SkyEC,Medicine & Supplements ,Medicine ,11156,TRANSFER-IN,4630,2026-05-06,2026-06-20,"1,271.19","1,500.00","1,500.00","1,271.19",635.59,1,5,"1,271.19",S11156-6660,S11156-6660,"1,500.00",2027-09-30,2027-09-30,,,128,83,URBANPETS SERVICES PRIVATE LIMITED,,204,SkyEC,MAHIMA ENTERPRISE,,,Gujarat,Ahmedabad
,SkyEC,Medicine & Supplements ,Medicine ,11156,TRANSFER-IN,5092,2026-05-06,2026-09-02,"1,271.19","1,500.00","1,500.00","1,271.19",635.59,4,4,"5,084.76",S11156-702,S11156-702,"6,000.00",2027-09-30,2027-09-30,,,128,9,URBANPETS SERVICES PRIVATE LIMITED,,204,SkyEC,MAHIMA ENTERPRISE,,,Gujarat,Ahmedabad
SKYEC Wellrich Tablet,,,,,,,,,,,,,333.33,2,,666.67,,,"1,000.00",,,,,,,,,,,,,,,
,Manufacturer,Medicine & Supplements ,Medicine ,6000,PURCHASE,4076,2026-06-24,2026-06-24,400.00,500.00,500.00,333.33,333.33,2,6,666.67,S6000-7098,S6000-7098,"1,000.00",2027-03-30,2027-03-30,,,79,79,URBANPETS SERVICES PRIVATE LIMITED,,1,Manufacturer,MAHIMA ENTERPRISE,,,Gujarat,Ahmedabad
Snookie Banana Stick 100gm,,,,,,,,,,,,,427.11,30,,"5,801.97",,,"8,400.00",,,,,,,,,,,,,,,
,Snookie,"Treats, Biscuits & Chews ",Treats  ,11066,TRANSFER-IN,4399,2026-02-17,2026-05-21,237.28,280.00,280.00,237.28,142.37,10,10,"2,372.80",S11066-5156,S11066-5156,"2,800.00",2028-08-30,2028-08-30,,,206,113,URBANPETS SERVICES PRIVATE LIMITED,,300,Snookie,Shreeji Enterprise,,,Gujarat,Ahmedabad
,Snookie,"Treats, Biscuits & Chews ",Treats  ,11066,TRANSFER-IN,4796,2026-07-14,2026-07-17,237.28,280.00,280.00,167.99,142.37,19,24,"3,191.89",S11066-8211,S11066-8211,"5,320.00",2027-01-31,2027-01-31,,,59,56,URBANPETS SERVICES PRIVATE LIMITED,,300,Snookie,Shreeji Enterprise,,,Gujarat,Ahmedabad
,Snookie,"Treats, Biscuits & Chews ",Treats  ,11066,TRANSFER-IN,4921,2026-07-14,2026-08-04,237.28,280.00,280.00,237.28,142.37,1,1,237.28,S11066-9124,S11066-9124,280.00,2027-01-31,2027-01-31,,,59,38,URBANPETS SERVICES PRIVATE LIMITED,,300,Snookie,Shreeji Enterprise,,,Gujarat,Ahmedabad
Snookie BBQ Chicken Stick 100gm,,,,,,,,,,,,,142.37,11,,"1,847.94",,,"3,080.00",,,,,,,,,,,,,,,
,Snookie,"Treats, Biscuits & Chews ",Treats  ,10899,TRANSFER-IN,4796,2026-06-03,2026-07-17,237.28,280.00,280.00,167.99,142.37,11,24,"1,847.94",S10899-8203,S10899-8203,"3,080.00",2027-02-28,2027-02-28,,,100,56,URBANPETS SERVICES PRIVATE LIMITED,,300,Snookie,Shreeji Enterprise,,,Gujarat,Ahmedabad
Snookie Biscuit  Milk - Carrot flavour - 500gm jar,,,,,,,,,,,,,381.36,7,,"1,359.29",,,"1,750.00",,,,,,,,,,,,,,,
,Snookie,"Treats, Biscuits & Chews ",Biscuits ,10962,TRANSFER-IN,4821,2026-05-18,2026-07-21,211.86,250.00,250.00,150.00,127.12,2,5,299.99,S10962-8336,S10962-8336,500.00,2027-08-30,2027-08-30,,,116,52,URBANPETS SERVICES PRIVATE LIMITED,,300,Snookie,Shreeji Enterprise,,,Gujarat,Ahmedabad
,Snookie,"Treats, Biscuits & Chews ",Biscuits ,10962,TRANSFER-IN,4961,2026-05-18,2026-08-11,211.86,250.00,250.00,211.86,127.12,3,3,635.58,S10962-9524,S10962-9524,750.00,2027-08-30,2027-08-30,,,116,31,URBANPETS SERVICES PRIVATE LIMITED,,300,Snookie,Shreeji Enterprise,,,Gujarat,Ahmedabad
,Snookie,"Treats, Biscuits & Chews ",Biscuits ,10962,TRANSFER-IN,5094,2026-08-24,2026-09-02,211.86,250.00,250.00,211.86,127.12,2,2,423.72,S10962-712,S10962-712,500.00,2027-08-30,2027-08-30,,,18,9,URBANPETS SERVICES PRIVATE LIMITED,,300,Snookie,Shreeji Enterprise,,,Gujarat,Ahmedabad
Snookie Biscuit cheese flavour - 500gm Refill Pack,,,,,,,,,,,,,111.86,1,,132.00,,,220.00,,,,,,,,,,,,,,,
,Snookie,"Treats, Biscuits & Chews ",Biscuits ,11153,PURCHASE,3443,2026-01-30,2026-01-30,111.86,220.00,220.00,132.00,111.86,1,6,132.00,S11153-9514,S11153-9514,220.00,2026-06-30,2026-06-30,,,224,224,URBANPETS SERVICES PRIVATE LIMITED,,300,Snookie,Shreeji Pet Shop,,,Gujarat,Ahmedabad
Snookie Biscuit cheese flavour- 500gm jar,,,,,,,,,,,,,254.24,5,,"1,059.30",,,"1,250.00",,,,,,,,,,,,,,,
,Snookie,"Treats, Biscuits & Chews ",Biscuits ,10963,TRANSFER-IN,5034,2026-05-18,2026-08-24,211.86,250.00,250.00,211.86,127.12,2,3,423.72,S10963-165,S10963-165,500.00,2027-08-30,2027-08-30,,,116,18,URBANPETS SERVICES PRIVATE LIMITED,,300,Snookie,Shreeji Enterprise,,,Gujarat,Ahmedabad
,Snookie,"Treats, Biscuits & Chews ",Biscuits ,10963,TRANSFER-IN,5052,2026-08-24,2026-08-26,211.86,250.00,250.00,211.86,127.12,3,3,635.58,S10963-274,S10963-274,750.00,2027-08-30,2027-08-30,,,18,16,URBANPETS SERVICES PRIVATE LIMITED,,300,Snookie,Shreeji Enterprise,,,Gujarat,Ahmedabad
Snookie Biscuit chicken flavour - 500gm jar,,,,,,,,,,,,,254.24,5,,935.57,,,"1,250.00",,,,,,,,,,,,,,,
,Snookie,"Treats, Biscuits & Chews ",Biscuits ,10961,TRANSFER-IN,4821,2026-05-18,2026-07-21,211.86,250.00,250.00,150.00,127.12,2,5,299.99,S10961-8334,S10961-8334,500.00,2027-08-30,2027-08-30,,,116,52,URBANPETS SERVICES PRIVATE LIMITED,,300,Snookie,Shreeji Enterprise,,,Gujarat,Ahmedabad
,Snookie,"Treats, Biscuits & Chews ",Biscuits ,10961,TRANSFER-IN,5034,2026-05-18,2026-08-24,211.86,250.00,250.00,211.86,127.12,3,3,635.58,S10961-164,S10961-164,750.00,2027-08-30,2027-08-30,,,116,18,URBANPETS SERVICES PRIVATE LIMITED,,300,Snookie,Shreeji Enterprise,,,Gujarat,Ahmedabad
Snookie Biscuit chicken flavour - 500gm Refill Pack,,,,,,,,,,,,,111.86,4,,527.98,,,880.00,,,,,,,,,,,,,,,
,Snookie,"Treats, Biscuits & Chews ",Biscuits ,11151,PURCHASE,3443,2026-01-30,2026-01-30,111.86,220.00,220.00,131.99,111.86,4,7,527.98,S11151-9512,S11151-9512,880.00,2026-07-30,2026-07-30,,,224,224,URBANPETS SERVICES PRIVATE LIMITED,,300,Snookie,Shreeji Pet Shop,,,Gujarat,Ahmedabad
Snookie Biscuit Chicken Liver - 500gm jar,,,,,,,,,,,,,508.48,8,,"1,633.02",,,"2,000.00",,,,,,,,,,,,,,,
,Snookie,"Treats, Biscuits & Chews ",Biscuits ,10960,TRANSFER-IN,4821,2026-05-18,2026-07-21,211.86,250.00,250.00,150.00,127.12,1,5,150.00,S10960-8333,S10960-8333,250.00,2027-08-30,2027-08-30,,,116,52,URBANPETS SERVICES PRIVATE LIMITED,,300,Snookie,Shreeji Enterprise,,,Gujarat,Ahmedabad
,Snookie,"Treats, Biscuits & Chews ",Biscuits ,10960,TRANSFER-IN,4961,2026-05-18,2026-08-11,211.86,250.00,250.00,211.86,127.12,3,3,635.58,S10960-9523,S10960-9523,750.00,2027-08-30,2027-08-30,,,116,31,URBANPETS SERVICES PRIVATE LIMITED,,300,Snookie,Shreeji Enterprise,,,Gujarat,Ahmedabad
,Snookie,"Treats, Biscuits & Chews ",Biscuits ,10960,TRANSFER-IN,5034,2026-05-18,2026-08-24,211.86,250.00,250.00,211.86,127.12,1,1,211.86,S10960-163,S10960-163,250.00,2027-08-30,2027-08-30,,,116,18,URBANPETS SERVICES PRIVATE LIMITED,,300,Snookie,Shreeji Enterprise,,,Gujarat,Ahmedabad
,Snookie,"Treats, Biscuits & Chews ",Biscuits ,10960,TRANSFER-IN,5094,2026-08-24,2026-09-02,211.86,250.00,250.00,211.86,127.12,3,3,635.58,S10960-713,S10960-713,750.00,2027-08-30,2027-08-30,,,18,9,URBANPETS SERVICES PRIVATE LIMITED,,300,Snookie,Shreeji Enterprise,,,Gujarat,Ahmedabad
Snookie Biscuit Milk - Carrot flavour -  500gm Refill Pack,,,,,,,,,,,,,111.86,3,,395.98,,,660.00,,,,,,,,,,,,,,,
,Snookie,"Treats, Biscuits & Chews ",Biscuits ,11152,PURCHASE,3443,2026-01-30,2026-01-30,111.86,220.00,220.00,131.99,111.86,3,5,395.98,S11152-9513,S11152-9513,660.00,2026-05-30,2026-05-30,,,224,224,URBANPETS SERVICES PRIVATE LIMITED,,300,Snookie,Shreeji Pet Shop,,,Gujarat,Ahmedabad
Snookie Biscuit Mix flavour - 500gm jar,,,,,,,,,,,,,127.12,3,,635.58,,,750.00,,,,,,,,,,,,,,,
,Snookie,"Treats, Biscuits & Chews ",Biscuits ,10964,TRANSFER-IN,5094,2026-08-24,2026-09-02,211.86,250.00,250.00,211.86,127.12,3,3,635.58,S10964-714,S10964-714,750.00,2027-08-30,2027-08-30,,,18,9,URBANPETS SERVICES PRIVATE LIMITED,,300,Snookie,Shreeji Enterprise,,,Gujarat,Ahmedabad
Snookie Carrot Stick 100gm,,,,,,,,,,,,,284.74,27,,"4,812.99",,,"7,560.00",,,,,,,,,,,,,,,
,Snookie,"Treats, Biscuits & Chews ",Treats  ,11068,TRANSFER-IN,4399,2026-02-17,2026-05-21,237.28,280.00,280.00,237.28,142.37,4,10,949.12,S11068-5158,S11068-5158,"1,120.00",2028-08-30,2028-08-30,,,206,113,URBANPETS SERVICES PRIVATE LIMITED,,300,Snookie,Shreeji Enterprise,,,Gujarat,Ahmedabad
,Snookie,"Treats, Biscuits & Chews ",Treats  ,11068,TRANSFER-IN,4796,2026-07-14,2026-07-17,237.28,280.00,280.00,167.99,142.37,23,24,"3,863.87",S11068-8206,S11068-8206,"6,440.00",2027-01-31,2027-01-31,,,59,56,URBANPETS SERVICES PRIVATE LIMITED,,300,Snookie,Shreeji Enterprise,,,Gujarat,Ahmedabad
Snookie Chicken Liver Stick 100gm,,,,,,,,,,,,,142.37,9,,"1,511.95",,,"2,520.00",,,,,,,,,,,,,,,
,Snookie,"Treats, Biscuits & Chews ",Treats  ,10901,TRANSFER-IN,4796,2026-07-14,2026-07-17,237.28,280.00,280.00,167.99,142.37,9,24,"1,511.95",S10901-8213,S10901-8213,"2,520.00",2027-01-31,2027-01-31,,,59,56,URBANPETS SERVICES PRIVATE LIMITED,,300,Snookie,Shreeji Enterprise,,,Gujarat,Ahmedabad
Snookie Lamb Stick 100gm,,,,,,,,,,,,,142.37,16,,"2,687.91",,,"4,480.00",,,,,,,,,,,,,,,
,Snookie,"Treats, Biscuits & Chews ",Treats  ,11070,TRANSFER-IN,4796,2026-07-14,2026-07-17,237.28,280.00,280.00,167.99,142.37,16,24,"2,687.91",S11070-8207,S11070-8207,"4,480.00",2027-01-31,2027-01-31,,,59,56,URBANPETS SERVICES PRIVATE LIMITED,,300,Snookie,Shreeji Enterprise,,,Gujarat,Ahmedabad
Snookie Milk and Strawberry Stick 100gm,,,,,,,,,,,,,142.37,14,,"2,351.92",,,"3,920.00",,,,,,,,,,,,,,,
,Snookie,"Treats, Biscuits & Chews ",Treats  ,10897,TRANSFER-IN,4796,2026-07-14,2026-07-17,237.28,280.00,280.00,167.99,142.37,14,24,"2,351.92",S10897-8212,S10897-8212,"3,920.00",2027-01-31,2027-01-31,,,59,56,URBANPETS SERVICES PRIVATE LIMITED,,300,Snookie,Shreeji Enterprise,,,Gujarat,Ahmedabad
Snookie Pomegranate Stick 100gm,,,,,,,,,,,,,284.74,22,,"3,765.16",,,"6,160.00",,,,,,,,,,,,,,,
,Snookie,"Treats, Biscuits & Chews ",Treats  ,11069,TRANSFER-IN,4796,2026-07-14,2026-07-17,237.28,280.00,280.00,167.99,142.37,21,24,"3,527.88",S11069-8210,S11069-8210,"5,880.00",2027-01-31,2027-01-31,,,59,56,URBANPETS SERVICES PRIVATE LIMITED,,300,Snookie,Shreeji Enterprise,,,Gujarat,Ahmedabad
,Snookie,"Treats, Biscuits & Chews ",Treats  ,11069,TRANSFER-IN,4921,2026-07-14,2026-08-04,237.28,280.00,280.00,237.28,142.37,1,1,237.28,S11069-9125,S11069-9125,280.00,2027-01-31,2027-01-31,,,59,38,URBANPETS SERVICES PRIVATE LIMITED,,300,Snookie,Shreeji Enterprise,,,Gujarat,Ahmedabad
Snookie Pumpkin Stick 100gm,,,,,,,,,,,,,142.37,23,,"3,863.87",,,"6,440.00",,,,,,,,,,,,,,,
,Snookie,"Treats, Biscuits & Chews ",Treats  ,11067,TRANSFER-IN,4796,2026-07-14,2026-07-17,237.28,280.00,280.00,167.99,142.37,23,24,"3,863.87",S11067-8204,S11067-8204,"6,440.00",2027-01-31,2027-01-31,,,59,56,URBANPETS SERVICES PRIVATE LIMITED,,300,Snookie,Shreeji Enterprise,,,Gujarat,Ahmedabad
Snookie Smoke Chicken Stick 100gm,,,,,,,,,,,,,142.37,20,,"3,359.88",,,"5,600.00",,,,,,,,,,,,,,,
,Snookie,"Treats, Biscuits & Chews ",Treats  ,10898,TRANSFER-IN,4796,2026-07-14,2026-07-17,237.28,280.00,280.00,167.99,142.37,20,24,"3,359.88",S10898-8208,S10898-8208,"5,600.00",2027-01-31,2027-01-31,,,59,56,URBANPETS SERVICES PRIVATE LIMITED,,300,Snookie,Shreeji Enterprise,,,Gujarat,Ahmedabad
Sofline Elegance Adjustable Leash M-L 2.m/20mm Black / Graphite,,,,,,,,,,,,,402.55,1,,475.01,,,950.00,,,,,,,,,,,,,,,
,Trixie,Walk Essentials,Leash,10359,PURCHASE,3447,2026-01-30,2026-01-30,402.55,950.00,950.00,475.01,402.55,1,1,475.01,S10359-9620,S10359-9620,950.00,,,,,224,224,URBANPETS SERVICES PRIVATE LIMITED,,218,Trixie,Shreeji Pet Shop,,,Gujarat,Ahmedabad
Sofline Elegance Adjustable Leash M-L 2.m/20mm Ocean / Petrol,,,,,,,,,,,,,402.55,1,,475.01,,,950.00,,,,,,,,,,,,,,,
,Trixie,Walk Essentials,Leash,10354,TRANSFER-IN,3905,2026-01-31,2026-03-06,402.55,950.00,950.00,475.01,402.55,1,1,475.01,S10354-1360,S10354-1360,950.00,,,,,223,189,URBANPETS SERVICES PRIVATE LIMITED,,218,Trixie,Shreeji Pet Shop,,,Gujarat,Ahmedabad
Softee Cream 20gm,,,,,,,,,,,,,79.42,21,,"1,751.23",,,"2,933.70",,,,,,,,,,,,,,,
,other,Medicine & Supplements ,Medicine ,11491,PURCHASE,3829,2026-04-29,2026-04-29,106.44,139.70,139.70,83.39,79.42,21,26,"1,751.23",S11491-4209,S11491-4209,"2,933.70",2029-02-28,2029-02-28,,,135,135,URBANPETS SERVICES PRIVATE LIMITED,,255,other,K.B. Shah & Company,,,Gujarat,Ahmedabad
SP Plastic Muzzle No.1,,,,,,,,,,,,,45.76,1,,45.76,,,160.00,,,,,,,,,,,,,,,
,Smartypet,Accessories,E-collar & Muzzle ,359,TRANSFER-IN,4535,2026-05-23,2026-06-11,45.76,160.00,160.00,45.76,45.76,1,1,45.76,S359-6128,S359-6128,160.00,,,,,111,92,URBANPETS SERVICES PRIVATE LIMITED,,206,Smartypet,Smartypet Pet Products,,,Gujarat,Ahmedabad
SP Plastic Muzzle No.2,,,,,,,,,,,,,49.58,1,,49.58,,,190.00,,,,,,,,,,,,,,,
,Smartypet,Accessories,E-collar & Muzzle ,374,TRANSFER-IN,4535,2026-05-23,2026-06-11,49.58,190.00,190.00,49.58,49.58,1,1,49.58,S374-6127,S374-6127,190.00,,,,,111,92,URBANPETS SERVICES PRIVATE LIMITED,,206,Smartypet,Smartypet Pet Products,,,Gujarat,Ahmedabad
SP Plastic Muzzle No.7,,,,,,,,,,,,,99.15,1,,99.15,,,550.00,,,,,,,,,,,,,,,
,Smartypet,Accessories,E-collar & Muzzle ,355,TRANSFER-IN,4535,2026-05-23,2026-06-11,99.15,550.00,550.00,99.15,99.15,1,1,99.15,S355-6123,S355-6123,550.00,,,,,111,92,URBANPETS SERVICES PRIVATE LIMITED,,206,Smartypet,Smartypet Pet Products,,,Gujarat,Ahmedabad
SR Oralade GI Support 500ml,,,,,,,,,,,,,582.62,18,,"12,374.85",,,"19,800.00",,,,,,,,,,,,,,,
,other,Medicine & Supplements ,Medicine ,10626,PURCHASE,3532,2026-02-19,2026-02-19,582.62,"1,100.00","1,100.00",687.49,582.62,18,36,"12,374.85",S10626-782,S10626-782,"19,800.00",2028-08-30,2028-08-30,,,204,204,URBANPETS SERVICES PRIVATE LIMITED,,255,other,Geeta Pharma,,,Gujarat,Ahmedabad
Star Coat 200ml,,,,,,,,,,,,,199.32,4,,"1,220.32",,,"1,800.00",,,,,,,,,,,,,,,
,Misc,Medicine & Supplements ,Supplements ,2830,TRANSFER-IN,4948,2026-07-06,2026-08-08,305.08,450.00,450.00,305.08,199.32,4,6,"1,220.32",S2830-9431,S2830-9431,"1,800.00",2028-03-13,2028-03-13,,,67,34,URBANPETS SERVICES PRIVATE LIMITED,,136,Misc,FRIENDS MEDICINES,,,Gujarat,Ahmedabad
Sulbenz-Pet 200ml,,,,,,,,,,,,,196.00,44,,"9,055.20",,,"17,336.00",,,,,,,,,,,,,,,
,Manufacturer,Medicine & Supplements ,Medicine ,3003,PURCHASE,4300,2026-08-13,2026-08-13,300.00,394.00,394.00,205.80,196.00,44,48,"9,055.20",S3003-9653,S3003-9653,"17,336.00",2027-12-30,2027-12-30,,,29,29,URBANPETS SERVICES PRIVATE LIMITED,,1,Manufacturer,FRIENDS MEDICINES,,,Gujarat,Ahmedabad
Super Bone Almond Oil Stick 9Pcs.,,,,,,,,,,,,,321.95,4,,"1,150.39",,,"1,572.00",,,,,,,,,,,,,,,
,Super Bone,"Treats, Biscuits & Chews ",Treats  ,7703,TRANSFER-IN,3832,2026-01-30,2026-02-24,135.97,375.00,375.00,135.97,135.97,1,2,135.97,S7703-962,S7703-962,375.00,2026-05-06,2026-05-06,,,224,199,URBANPETS SERVICES PRIVATE LIMITED,,212,Super Bone,Shreeji Pet Shop,,,Gujarat,Ahmedabad
,Super Bone,"Treats, Biscuits & Chews ",Treats  ,7703,TRANSFER-IN,5110,2026-08-07,2026-09-05,338.14,399.00,399.00,338.14,185.98,3,3,"1,014.42",S7703-906,S7703-906,"1,197.00",2027-11-26,2027-11-26,,,35,6,URBANPETS SERVICES PRIVATE LIMITED,,212,Super Bone,PETAHOLIC PET PRODUCTS PRIVATE LIMITED,,,Gujarat,Ahmedabad
Super Bone BBQ Stick 9 Pcs.,,,,,,,,,,,,,185.98,1,,338.14,,,399.00,,,,,,,,,,,,,,,
,Super Bone,"Treats, Biscuits & Chews ",Treats  ,7704,TRANSFER-IN,5110,2026-08-07,2026-09-05,338.14,399.00,399.00,338.14,185.98,1,3,338.14,S7704-908,S7704-908,399.00,2027-11-26,2027-11-26,,,35,6,URBANPETS SERVICES PRIVATE LIMITED,,212,Super Bone,PETAHOLIC PET PRODUCTS PRIVATE LIMITED,,,Gujarat,Ahmedabad
Super Bone Olive Oil Stick 9Pcs.,,,,,,,,,,,,,328.20,3,,818.50,,,"1,173.00",,,,,,,,,,,,,,,
,Super Bone,"Treats, Biscuits & Chews ",Treats  ,7709,TRANSFER-IN,5110,2026-01-30,2026-09-05,142.22,375.00,375.00,142.22,142.22,1,1,142.22,S7709-910,S7709-910,375.00,2027-05-14,2027-05-14,,,224,6,URBANPETS SERVICES PRIVATE LIMITED,,212,Super Bone,Shreeji Pet Shop,,,Gujarat,Ahmedabad
,Super Bone,"Treats, Biscuits & Chews ",Treats  ,7709,TRANSFER-IN,5110,2026-08-07,2026-09-05,338.14,399.00,399.00,338.14,185.98,2,2,676.28,S7709-911,S7709-911,798.00,2027-11-26,2027-11-26,,,35,6,URBANPETS SERVICES PRIVATE LIMITED,,212,Super Bone,PETAHOLIC PET PRODUCTS PRIVATE LIMITED,,,Gujarat,Ahmedabad
Super Bone Peanut Butter Stick 9Pcs.,,,,,,,,,,,,,350.09,5,,"1,342.64",,,"1,947.00",,,,,,,,,,,,,,,
,Super Bone,"Treats, Biscuits & Chews ",Treats  ,7701,TRANSFER-IN,3832,2026-01-30,2026-02-24,164.11,375.00,375.00,164.11,164.11,2,2,328.22,S7701-963,S7701-963,750.00,2026-05-04,2026-05-04,,,224,199,URBANPETS SERVICES PRIVATE LIMITED,,212,Super Bone,Shreeji Pet Shop,,,Gujarat,Ahmedabad
,Super Bone,"Treats, Biscuits & Chews ",Treats  ,7701,TRANSFER-IN,5110,2026-08-07,2026-09-05,338.14,399.00,399.00,338.14,185.98,3,3,"1,014.42",S7701-909,S7701-909,"1,197.00",2027-11-26,2027-11-26,,,35,6,URBANPETS SERVICES PRIVATE LIMITED,,212,Super Bone,PETAHOLIC PET PRODUCTS PRIVATE LIMITED,,,Gujarat,Ahmedabad
Super Bone Salmon Oil Stick 9Pcs.,,,,,,,,,,,,,108.49,3,,"1,014.42",,,"1,197.00",,,,,,,,,,,,,,,
,Super Bone,"Treats, Biscuits & Chews ",Treats  ,7702,TRANSFER-IN,5110,2026-08-07,2026-09-05,338.14,399.00,399.00,338.14,108.49,3,3,"1,014.42",S7702-907,S7702-907,"1,197.00",2027-11-26,2027-11-26,,,35,6,URBANPETS SERVICES PRIVATE LIMITED,,212,Super Bone,PETAHOLIC PET PRODUCTS PRIVATE LIMITED,,,Gujarat,Ahmedabad
Supercoat Adult 10Kg,,,,,,,,,,,,,"1,619.83",2,,"3,593.22",,,"5,300.00",,,,,,,,,,,,,,,
,Supercoat,Dog Food,Dry Food ,7252,TRANSFER-IN,5127,2026-08-26,2026-09-09,"1,796.61","2,650.00","2,650.00","1,796.61","1,619.83",2,2,"3,593.22",S7252-1021,S7252-1021,"5,300.00",2027-09-30,2027-09-30,,,16,2,URBANPETS SERVICES PRIVATE LIMITED,,213,Supercoat,AKSHAJ DISTRIBUTORS,,,Gujarat,Ahmedabad
Supercoat Adult 2.5 Kg,,,,,,,,,,,,,429.21,1,,461.02,,,680.00,,,,,,,,,,,,,,,
,Supercoat,Dog Food,Dry Food ,5956,TRANSFER-IN,4979,2026-08-06,2026-08-14,461.02,680.00,680.00,461.02,429.21,1,3,461.02,S5956-9642,S5956-9642,680.00,2027-08-18,2027-08-18,,,36,28,URBANPETS SERVICES PRIVATE LIMITED,,211,Suparcoat,AKSHAJ DISTRIBUTORS,,,Gujarat,Ahmedabad
Supercoat adult 20 Kg,,,,,,,,,,,,,"2,726.20",2,,"6,101.70",,,"9,000.00",,,,,,,,,,,,,,,
,Supercoat,Dog Food,Dry Food ,1887,TRANSFER-IN,5127,2026-08-20,2026-09-09,"3,050.85","4,500.00","4,500.00","3,050.85","2,726.20",2,2,"6,101.70",S1887-1017,S1887-1017,"9,000.00",2027-02-19,2027-02-19,,,22,2,URBANPETS SERVICES PRIVATE LIMITED,,213,Supercoat,AKSHAJ DISTRIBUTORS,,,Gujarat,Ahmedabad
Supercoat Adult Healthy Weight 3 kg,,,,,,,,,,,,,"1,360.70",3,,"2,237.28",,,"3,300.00",,,,,,,,,,,,,,,
,Supercoat,Dog Food,Dry Food ,7087,TRANSFER-IN,4938,2026-08-06,2026-08-07,745.76,"1,100.00","1,100.00",745.76,694.30,1,3,745.76,S7087-9347,S7087-9347,"1,100.00",2027-09-19,2027-09-19,,,36,35,URBANPETS SERVICES PRIVATE LIMITED,,213,Supercoat,AKSHAJ DISTRIBUTORS,,,Gujarat,Ahmedabad
,Supercoat,Dog Food,Dry Food ,7087,TRANSFER-IN,5056,2026-08-20,2026-08-27,745.76,"1,100.00","1,100.00",745.76,666.40,2,2,"1,491.52",S7087-379,S7087-379,"2,200.00",2027-04-24,2027-04-24,,,22,15,URBANPETS SERVICES PRIVATE LIMITED,,213,Supercoat,AKSHAJ DISTRIBUTORS,,,Gujarat,Ahmedabad
SuperCoat Puppy 2.5 KG,,,,,,,,,,,,,432.44,2,,962.72,,,"1,420.00",,,,,,,,,,,,,,,
,Supercoat,Dog Food,Dry Food ,7253,TRANSFER-IN,5025,2026-06-23,2026-08-22,481.36,710.00,710.00,481.36,432.44,2,2,962.72,S7253-54,S7253-54,"1,420.00",2027-02-25,2027-02-25,,,80,20,URBANPETS SERVICES PRIVATE LIMITED,,213,Supercoat,AKSHAJ DISTRIBUTORS,,,Gujarat,Ahmedabad
synopet 120gm,,,,,,,,,,,,,438.77,10,,"5,177.49",,,"7,990.00",,,,,,,,,,,,,,,
,Hygiene,Medicine & Supplements ,Medicine ,2934,PURCHASE,4330,2026-08-14,2026-08-14,438.77,799.00,799.00,517.75,438.77,10,10,"5,177.49",s2934-9845,s2934-9845,"7,990.00",2028-05-30,2028-05-30,,,28,28,URBANPETS SERVICES PRIVATE LIMITED,,102,Hygiene,INTAS PHARMACEUTICALS LIMITED,,,Gujarat,Ahmedabad
Takfa Spray 50ml,,,,,,,,,,,,,257.14,33,,"8,909.90",,,"12,375.00",,,,,,,,,,,,,,,
,Hygiene,Medicine & Supplements ,Medicine ,2782,PURCHASE,3830,2026-04-28,2026-04-28,257.14,375.00,375.00,270.00,257.14,33,48,"8,909.90",T2782-4219,T2782-4219,"12,375.00",2027-06-30,2027-06-30,,,136,136,URBANPETS SERVICES PRIVATE LIMITED,,102,Hygiene,INTAS PHARMACEUTICALS LIMITED,,,Gujarat,Ahmedabad
Temp Chicken and Salmon 75gm,,,,,,,,,,,,,93.87,2,,190.68,,,300.00,,,,,,,,,,,,,,,
,Temptation,"Treats, Biscuits & Chews ",Treats  ,12100,TRANSFER-IN,4924,2026-07-08,2026-08-05,95.34,150.00,150.00,95.34,93.87,2,3,190.68,T12100-9138,T12100-9138,300.00,2027-10-13,2027-10-13,,,65,37,URBANPETS SERVICES PRIVATE LIMITED,,272,Temptation,Jay Projects,,,Gujarat,Ahmedabad
TEMP Savoury Salmon 85G,,,,,,,,,,,,,93.87,2,,190.68,,,300.00,,,,,,,,,,,,,,,
,Temptation,Cat Food,Treats  ,6927,TRANSFER-IN,4924,2026-07-08,2026-08-05,95.34,150.00,150.00,95.34,93.87,2,3,190.68,T6927-9139,T6927-9139,300.00,2027-10-14,2027-10-14,,,65,37,URBANPETS SERVICES PRIVATE LIMITED,,272,Temptation,Jay Projects,,,Gujarat,Ahmedabad
TEMP Seafood Medley 85G,,,,,,,,,,,,,93.89,1,,95.33,,,150.00,,,,,,,,,,,,,,,
,Temptation,Cat Food,Treats  ,6928,TRANSFER-IN,4358,2026-02-11,2026-05-14,95.33,150.00,150.00,95.33,93.89,1,3,95.33,T6928-4778,T6928-4778,150.00,2028-08-30,2028-08-30,,,212,120,URBANPETS SERVICES PRIVATE LIMITED,,272,Temptation,Jay Projects,,,Gujarat,Ahmedabad
TEMP Tasty Chicken 85G,,,,,,,,,,,,,93.87,3,,286.02,,,450.00,,,,,,,,,,,,,,,
,Temptation,Cat Food,Treats  ,6929,TRANSFER-IN,4924,2026-07-08,2026-08-05,95.34,150.00,150.00,95.34,93.87,3,3,286.02,T6929-9137,T6929-9137,450.00,2027-10-12,2027-10-12,,,65,37,URBANPETS SERVICES PRIVATE LIMITED,,272,Temptation,Jay Projects,,,Gujarat,Ahmedabad
temp tuna 160 gm,,,,,,,,,,,,,311.72,3,,474.78,,,747.00,,,,,,,,,,,,,,,
,Temptation,Cat Food,Treats  ,11703,TRANSFER-IN,3853,2026-02-11,2026-02-26,158.26,249.00,249.00,158.26,155.87,2,2,316.52,t11703-1121,t11703-1121,498.00,2027-08-30,2027-08-30,,,212,197,URBANPETS SERVICES PRIVATE LIMITED,,272,Temptation,Jay Projects,,,Gujarat,Ahmedabad
,Temptation,Cat Food,Treats  ,11703,TRANSFER-IN,4473,2026-05-06,2026-06-03,158.26,249.00,249.00,158.26,155.85,1,2,158.26,t11703-5769,t11703-5769,249.00,2027-02-28,2027-02-28,,,128,100,URBANPETS SERVICES PRIVATE LIMITED,,272,Temptation,Jay Projects,,,Gujarat,Ahmedabad
TEMP Tuna 85G,,,,,,,,,,,,,93.89,2,,190.68,,,300.00,,,,,,,,,,,,,,,
,Temptation,Cat Food,Treats  ,6930,TRANSFER-IN,4473,2026-05-06,2026-06-03,95.34,150.00,150.00,95.34,93.89,2,2,190.68,T6930-5770,T6930-5770,300.00,2027-07-30,2027-07-30,,,128,100,URBANPETS SERVICES PRIVATE LIMITED,,272,Temptation,Jay Projects,,,Gujarat,Ahmedabad
Terbopet M Cream,,,,,,,,,,,,,97.18,51,,"5,204.17",,,"10,455.00",,,,,,,,,,,,,,,
,Shreeji Pet Shop,Medicine & Supplements ,Medicine ,3011,PURCHASE,4119,2026-06-25,2026-06-25,119.00,205.00,205.00,102.04,97.18,51,120,"5,204.17",T3011-7421,T3011-7421,"10,455.00",2027-11-30,2027-11-30,,,78,78,URBANPETS SERVICES PRIVATE LIMITED,,201,Shreeji Pet Shop,Vivaldis Health and food pvt Ltd,,,Gujarat,Ahmedabad
Terbopet Tablet,,,,,,,,,,,,,228.50,49,,"5,872.45",,,"12,250.00",,,,,,,,,,,,,,,
,Hygiene,Medicine & Supplements ,Medicine ,2923,PURCHASE,3426,2026-01-30,2026-01-30,114.25,250.00,250.00,119.96,114.25,48,53,"5,758.20",T2923-9061,T2923-9061,"12,000.00",2027-09-30,2027-09-30,,,224,224,URBANPETS SERVICES PRIVATE LIMITED,,102,Hygiene,Shreeji Pet Shop,,,Gujarat,Ahmedabad
,Hygiene,Medicine & Supplements ,Medicine ,2923,TRANSFER-IN,5010,2026-01-30,2026-08-19,114.25,250.00,250.00,114.25,114.25,1,1,114.25,T2923-9861,T2923-9861,250.00,2027-09-30,2027-09-30,,,224,23,URBANPETS SERVICES PRIVATE LIMITED,,102,Hygiene,Shreeji Pet Shop,,,Gujarat,Ahmedabad
Thromb Beat Syrup 100ml,,,,,,,,,,,,,158.05,27,,"4,267.35",,,"7,560.00",,,,,,,,,,,,,,,
,Hygiene,Medicine & Supplements ,Medicine ,2789,PURCHASE,3419,2026-01-30,2026-01-30,158.05,280.00,280.00,158.05,158.05,27,45,"4,267.35",T2789-8889,T2789-8889,"7,560.00",2028-07-30,2028-07-30,,,224,224,URBANPETS SERVICES PRIVATE LIMITED,,102,Hygiene,Shreeji Pet Shop,,,Gujarat,Ahmedabad
Tissuaid Pet Tablet,,,,,,,,,,,,,512.21,19,,"4,860.80",,,"7,600.00",,,,,,,,,,,,,,,
,Zenex AH,Medicine & Supplements ,Medicine ,11484,PURCHASE,3449,2026-01-30,2026-01-30,250.88,400.00,400.00,250.88,250.88,10,21,"2,508.80",T11484-9660,T11484-9660,"4,000.00",2027-04-30,2027-04-30,,,224,224,URBANPETS SERVICES PRIVATE LIMITED,,309,Zenex AH,Shreeji Pet Shop,,,Gujarat,Ahmedabad
,Zenex AH,Medicine & Supplements ,Medicine ,11484,PURCHASE,4391,2026-08-26,2026-08-26,320.00,400.00,400.00,261.33,261.33,9,12,"2,352.00",T11484-517,T11484-517,"3,600.00",2028-01-30,2028-01-30,,,16,16,URBANPETS SERVICES PRIVATE LIMITED,,309,Zenex AH,FRIENDS MEDICINES,,,Gujarat,Ahmedabad
Toothbrush Set 23cm 4pcs,,,,,,,,,,,,,117.51,1,,138.66,,,275.00,,,,,,,,,,,,,,,
,Trixie,Grooming,Dental Care ,9596,PURCHASE,3445,2026-01-30,2026-01-30,117.51,275.00,275.00,138.66,117.51,1,2,138.66,T9596-9568,T9596-9568,275.00,2099-12-12,2099-12-12,,,224,224,URBANPETS SERVICES PRIVATE LIMITED,,218,Trixie,Shreeji Pet Shop,,,Gujarat,Ahmedabad
Toothwipes 40 Counts,,,,,,,,,,,,,272.68,1,,302.97,,,650.00,,,,,,,,,,,,,,,
,Petkin,Grooming,Dental Care ,6450,TRANSFER-IN,4217,2026-03-17,2026-04-24,302.97,650.00,650.00,302.97,272.68,1,2,302.97,T6450-3844,T6450-3844,650.00,2030-10-09,2030-10-09,,,178,140,URBANPETS SERVICES PRIVATE LIMITED,,172,Petkin,ABK Imports Pvt. Ltd,,,Gujarat,Ahmedabad
Trixie BE Nordic Adjustable Lead S-M 8mm Sand /Black,,,,,,,,,,,,,566.32,1,,668.26,,,"1,350.00",,,,,,,,,,,,,,,
,Trixie,Walk Essentials,Leash,10752,TRANSFER-IN,3905,2026-01-30,2026-03-06,566.32,"1,350.00","1,350.00",668.26,566.32,1,1,668.26,T10752-1361,T10752-1361,"1,350.00",,,,,224,189,URBANPETS SERVICES PRIVATE LIMITED,,218,Trixie,Shreeji Pet Shop,,,Gujarat,Ahmedabad
Trixie Lead Citystyle PVC L-XL 1.00m/20mm Black,,,,,,,,,,,,,487.37,2,,"1,150.19",,,"2,390.00",,,,,,,,,,,,,,,
,Trixie,Walk Essentials,Leash,11327,PURCHASE,3446,2026-01-30,2026-01-30,487.37,"1,195.00","1,195.00",575.10,487.37,2,8,"1,150.19",T11327-9583,T11327-9583,"2,390.00",,,,,224,224,URBANPETS SERVICES PRIVATE LIMITED,,218,Trixie,Shreeji Pet Shop,,,Gujarat,Ahmedabad
Trixie Premium Collar L-XL 40-65Cm/25mm Red,,,,,,,,,,,,,201.88,2,,476.44,,,990.00,,,,,,,,,,,,,,,
,Trixie,Walk Essentials,Collar ,8357,PURCHASE,3441,2026-01-30,2026-01-30,201.88,495.00,495.00,238.22,201.88,2,2,476.44,T8357-9452,T8357-9452,990.00,,,,,224,224,URBANPETS SERVICES PRIVATE LIMITED,,218,Trixie,Shreeji Pet Shop,,,Gujarat,Ahmedabad
Trixie Premium Collar L-XL 40-65Cm/25mm Royal Blue,,,,,,,,,,,,,201.88,1,,238.22,,,495.00,,,,,,,,,,,,,,,
,Trixie,Walk Essentials,Collar ,8391,PURCHASE,3441,2026-01-30,2026-01-30,201.88,495.00,495.00,238.22,201.88,1,1,238.22,T8391-9453,T8391-9453,495.00,,,,,224,224,URBANPETS SERVICES PRIVATE LIMITED,,218,Trixie,Shreeji Pet Shop,,,Gujarat,Ahmedabad
Trixie Premium Collar M-L 35-55 cm/20 mm Jet Black,,,,,,,,,,,,,146.82,4,,692.99,,,"1,440.00",,,,,,,,,,,,,,,
,Trixie,Walk Essentials,Collar ,8426,PURCHASE,3441,2026-01-30,2026-01-30,146.82,360.00,360.00,173.25,146.82,4,4,692.99,T8426-9456,T8426-9456,"1,440.00",,,,,224,224,URBANPETS SERVICES PRIVATE LIMITED,,218,Trixie,Shreeji Pet Shop,,,Gujarat,Ahmedabad
Trixie Premium Collar M-L 35-55cm/20mm Green Apple,,,,,,,,,,,,,152.54,1,,180.00,,,360.00,,,,,,,,,,,,,,,
,Trixie,Walk Essentials,Collar ,8412,PURCHASE,3441,2026-01-30,2026-01-30,152.54,360.00,360.00,180.00,152.54,1,1,180.00,T8412-9455,T8412-9455,360.00,,,,,224,224,URBANPETS SERVICES PRIVATE LIMITED,,218,Trixie,Shreeji Pet Shop,,,Gujarat,Ahmedabad
Trixie Premium Collar M-L 35-55cm/20mm Red,,,,,,,,,,,,,321.61,5,,899.24,,,"1,815.00",,,,,,,,,,,,,,,
,Trixie,Walk Essentials,Collar ,5407,PURCHASE,3436,2026-01-30,2026-01-30,146.82,360.00,360.00,173.25,146.82,4,4,692.99,T5407-9301,T5407-9301,"1,440.00",,,,,224,224,URBANPETS SERVICES PRIVATE LIMITED,,218,Trixie,Shreeji Pet Shop,,,Gujarat,Ahmedabad
,Trixie,Walk Essentials,Collar ,5407,PURCHASE,3436,2026-01-30,2026-01-30,174.79,375.00,375.00,206.25,174.79,1,1,206.25,T5407-9302,T5407-9302,375.00,,,,,224,224,URBANPETS SERVICES PRIVATE LIMITED,,218,Trixie,Shreeji Pet Shop,,,Gujarat,Ahmedabad
Trixie Premium Collar M-L 35-55cm/20mm Royal Blue,,,,,,,,,,,,,146.82,2,,346.49,,,720.00,,,,,,,,,,,,,,,
,Trixie,Walk Essentials,Collar ,8410,PURCHASE,3441,2026-01-30,2026-01-30,146.82,360.00,360.00,173.25,146.82,2,3,346.49,T8410-9454,T8410-9454,720.00,,,,,224,224,URBANPETS SERVICES PRIVATE LIMITED,,218,Trixie,Shreeji Pet Shop,,,Gujarat,Ahmedabad
Trixie Silver Reflect Collar M-L 35-55 CM-20 mm Black/silver Grey,,,,,,,,,,,,,190.14,3,,673.10,,,"1,335.00",,,,,,,,,,,,,,,
,Trixie,Walk Essentials,Collar ,8640,PURCHASE,3445,2026-01-30,2026-01-30,190.14,445.00,445.00,224.37,190.14,3,3,673.10,T8640-9546,T8640-9546,"1,335.00",,,,,224,224,URBANPETS SERVICES PRIVATE LIMITED,,218,Trixie,Shreeji Pet Shop,,,Gujarat,Ahmedabad
Trixie Silver Reflect H- Harness XS-s 30-40cm/15mm Black / Sliver Grey,,,,,,,,,,,,,213.00,5,,"1,256.70",,,"3,750.00",,,,,,,,,,,,,,,
,Trixie,Walk Essentials,Harness ,11326,PURCHASE,3446,2026-01-30,2026-01-30,213.00,750.00,750.00,251.34,213.00,5,5,"1,256.70",T11326-9582,T11326-9582,"3,750.00",,,,,224,224,URBANPETS SERVICES PRIVATE LIMITED,,218,Trixie,Shreeji Pet Shop,,,Gujarat,Ahmedabad
Truelove Dog Shoes Size 6  Blue/Lavender,,,,,,,,,,,,,"1,325.00",1,,"2,500.00",,,"2,950.00",,,,,,,,,,,,,,,
,True Love,Accessories,Shoes & Socks,11855,TRANSFER-IN,4952,2026-06-19,2026-08-10,"2,500.00","2,950.00","2,950.00","2,500.00","1,325.00",1,1,"2,500.00",T11855-9461,T11855-9461,"2,950.00",,,,,84,32,URBANPETS SERVICES PRIVATE LIMITED,,317,True Love,Pupscribe Enterprise Pvt Ltd,,,Gujarat,Ahmedabad
Truelove Pet Boots Size - 1 Neon Yellow,,,,,,,,,,,,,"1,122.43",1,,"1,122.43",,,"2,499.00",,,,,,,,,,,,,,,
,True Love,Accessories,Shoes & Socks,11379,TRANSFER-IN,3677,2026-01-31,2026-02-03,"1,122.43","2,499.00","2,499.00","1,122.43","1,122.43",1,1,"1,122.43",T11379-9894,T11379-9894,"2,499.00",,,,,223,220,URBANPETS SERVICES PRIVATE LIMITED,,317,True Love,Shreeji Pet Shop,,,Gujarat,Ahmedabad
Truelove Pet Boots Size - 3 Red,,,,,,,,,,,,,"1,122.43",1,,"1,122.43",,,"2,499.00",,,,,,,,,,,,,,,
,True Love,Accessories,Shoes & Socks,11389,TRANSFER-IN,5060,2026-01-31,2026-08-27,"1,122.43","2,499.00","2,499.00","1,122.43","1,122.43",1,1,"1,122.43",T11389-399,T11389-399,"2,499.00",,,,,223,15,URBANPETS SERVICES PRIVATE LIMITED,,317,True Love,Shreeji Pet Shop,,,Gujarat,Ahmedabad
Truelove Pet Boots Size - 4 Neon Orange,,,,,,,,,,,,,"1,122.43",1,,"1,324.47",,,"2,499.00",,,,,,,,,,,,,,,
,True Love,Accessories,Shoes & Socks,11394,PURCHASE,3450,2026-01-30,2026-01-30,"1,122.43","2,499.00","2,499.00","1,324.47","1,122.43",1,1,"1,324.47",T11394-9681,T11394-9681,"2,499.00",,,,,224,224,URBANPETS SERVICES PRIVATE LIMITED,,317,True Love,Shreeji Pet Shop,,,Gujarat,Ahmedabad
Truelove Pet Boots Size - 5 Neon Yellow,,,,,,,,,,,,,"1,167.35",1,,"1,167.35",,,"2,599.00",,,,,,,,,,,,,,,
,True Love,Accessories,Shoes & Socks,11383,TRANSFER-IN,4952,2026-01-31,2026-08-10,"1,167.35","2,599.00","2,599.00","1,167.35","1,167.35",1,1,"1,167.35",T11383-9462,T11383-9462,"2,599.00",,,,,223,32,URBANPETS SERVICES PRIVATE LIMITED,,317,True Love,Shreeji Pet Shop,,,Gujarat,Ahmedabad
TTK  Petocure 100ml,,,,,,,,,,,,,89.90,59,,"5,569.30",,,"9,676.00",,,,,,,,,,,,,,,
,TTK,Medicine & Supplements ,Medicine ,10670,PURCHASE,3448,2026-01-30,2026-01-30,89.90,164.00,164.00,94.39,89.90,59,69,"5,569.30",T10670-9626,T10670-9626,"9,676.00",2028-09-30,2028-09-30,,,224,224,URBANPETS SERVICES PRIVATE LIMITED,,220,TTK,Shreeji Pet Shop,,,Gujarat,Ahmedabad
TTK Dermspot - Spotom 4x2ml,,,,,,,,,,,,,580.78,15,,"5,148.71",,,"9,000.00",,,,,,,,,,,,,,,
,TTK,Medicine & Supplements ,Medicine ,10903,PURCHASE,3455,2026-01-30,2026-01-30,287.90,600.00,600.00,339.72,287.90,6,7,"2,038.33",T10903-9815,T10903-9815,"3,600.00",2026-06-30,2026-06-30,,,224,224,URBANPETS SERVICES PRIVATE LIMITED,,220,TTK,Shreeji Pet Shop,,,Gujarat,Ahmedabad
,TTK,Medicine & Supplements ,Medicine ,10903,PURCHASE,3948,2026-05-25,2026-05-25,366.10,600.00,600.00,345.60,292.88,9,10,"3,110.38",T10903-5431,T10903-5431,"5,400.00",2027-11-30,2027-11-30,,,109,109,URBANPETS SERVICES PRIVATE LIMITED,,220,TTK,TTK Healthcare Limited,,,Gujarat,Ahmedabad
TTK Dermspot Spoton 4 Pipettes,,,,,,,,,,,,,457.63,12,,"6,480.01",,,"12,000.00",,,,,,,,,,,,,,,
,Hygiene,Medicine & Supplements ,Medicine ,2947,PURCHASE,4087,2026-06-26,2026-06-26,610.17,"1,000.00","1,000.00",540.00,457.63,12,20,"6,480.01",T2947-7177,T2947-7177,"12,000.00",2027-11-30,2027-11-30,,,77,77,URBANPETS SERVICES PRIVATE LIMITED,,102,Hygiene,TTK Healthcare Limited,,,Gujarat,Ahmedabad
TTK Melobest Pet Tablet - 10s,,,,,,,,,,,,,11.70,363,,"2,282.97",,,"4,080.12",,,,,,,,,,,,,,,
,Companion Pets,Medicine & Supplements ,Medicine ,3001,PURCHASE,3429,2026-01-30,2026-01-30,5.71,11.24,11.24,6.00,5.71,3,560,17.99,T3001-9118,T3001-9118,33.72,2027-09-30,2027-09-30,,,224,224,URBANPETS SERVICES PRIVATE LIMITED,,54,Companion Pets,Shreeji Pet Shop,,,Gujarat,Ahmedabad
,Companion Pets,Medicine & Supplements ,Medicine ,3001,PURCHASE,3965,2026-05-30,2026-05-30,8.56,11.24,11.24,6.29,5.99,360,600,"2,264.98",T3001-5640,T3001-5640,"4,046.40",2027-11-30,2027-11-30,,,104,104,URBANPETS SERVICES PRIVATE LIMITED,,54,Companion Pets,MAHIMA ENTERPRISE,,,Gujarat,Ahmedabad
TTK NEPOCEF CV 325 Tablet,,,,,,,,,,,,,32.01,763,,"13,024.02",,,"28,221.00",,,,,,,,,,,,,,,
,TTK,Medicine & Supplements ,Medicine ,3021,PURCHASE,3429,2026-01-30,2026-01-30,15.75,35.00,35.00,16.54,15.75,5,5,82.69,T3021-9139,T3021-9139,175.00,2026-09-30,2026-09-30,,,224,224,URBANPETS SERVICES PRIVATE LIMITED,,220,TTK,Shreeji Pet Shop,,,Gujarat,Ahmedabad
,TTK,Medicine & Supplements ,Medicine ,3021,PURCHASE,3429,2026-01-30,2026-01-30,16.26,37.00,37.00,17.07,16.26,758,"1,453","12,941.33",T3021-9140,T3021-9140,"28,046.00",2027-06-30,2027-06-30,,,224,224,URBANPETS SERVICES PRIVATE LIMITED,,220,TTK,Shreeji Pet Shop,,,Gujarat,Ahmedabad
TTK Penetrat Pet Tabs 5x1,,,,,,,,,,,,,139.20,10,,"1,461.60",,,"2,436.00",,,,,,,,,,,,,,,
,Hygiene,Medicine & Supplements ,Medicine ,2948,PURCHASE,3427,2026-01-30,2026-01-30,139.20,243.60,243.60,146.16,139.20,10,18,"1,461.60",T2948-9075,T2948-9075,"2,436.00",2026-12-30,2026-12-30,,,224,224,URBANPETS SERVICES PRIVATE LIMITED,,102,Hygiene,Shreeji Pet Shop,,,Gujarat,Ahmedabad
TTK Petoral K 200Mg 5X10,,,,,,,,,,,,,103.49,100,,"10,866.24",,,"21,560.00",,,,,,,,,,,,,,,
,TTK,Medicine & Supplements ,Medicine ,5939,PURCHASE,4442,2026-09-08,2026-09-08,147.84,215.60,215.60,108.66,103.49,100,100,"10,866.24",T5939-1146,T5939-1146,"21,560.00",2028-10-30,2028-10-30,,,3,3,URBANPETS SERVICES PRIVATE LIMITED,,220,TTK,TTK Healthcare Limited,,,Gujarat,Ahmedabad
Tuxedo Tees 28 No.,,,,,,,,,,,,,452.38,1,,475.00,,,"1,300.00",,,,,,,,,,,,,,,
,Petaholic,Clothing ,Sweater,11740,PURCHASE,3452,2026-01-31,2026-01-31,452.38,"1,300.00","1,300.00",475.00,452.38,1,1,475.00,T11740-9750,T11740-9750,"1,300.00",,,,,223,223,URBANPETS SERVICES PRIVATE LIMITED,,169,Petaholic ,Shreeji Pet Shop,,,Gujarat,Ahmedabad
Twistix Pumpkin Large 156gm,,,,,,,,,,,,,188.35,5,,"1,111.27",,,"2,245.00",,,,,,,,,,,,,,,
,Twistix,"Treats, Biscuits & Chews ",Treats  ,7396,PURCHASE,3425,2026-01-30,2026-01-30,188.35,449.00,449.00,222.25,188.35,5,5,"1,111.27",T7396-9023,T7396-9023,"2,245.00",2027-09-30,2027-09-30,,,224,224,URBANPETS SERVICES PRIVATE LIMITED,,222,Twistix,Shreeji Pet Shop,,,Gujarat,Ahmedabad
Unomarin 100ml,,,,,,,,,,,,,"1,336.06",13,,"10,247.63",,,"18,200.00",,,,,,,,,,,,,,,
,Hygiene,Medicine & Supplements ,Medicine ,2793,PURCHASE,3828,2026-04-27,2026-04-27,818.00,"1,400.00","1,400.00",788.28,668.03,1,12,788.28,U2793-4206,U2793-4206,"1,400.00",2027-12-31,2027-12-31,,,137,137,URBANPETS SERVICES PRIVATE LIMITED,,102,Hygiene,Vivaldis Health and food pvt Ltd,,,Gujarat,Ahmedabad
,Hygiene,Medicine & Supplements ,Medicine ,2793,PURCHASE,4444,2026-09-08,2026-09-08,818.00,"1,400.00","1,400.00",788.28,668.03,12,12,"9,459.35",U2793-1155,U2793-1155,"16,800.00",2028-06-30,2028-06-30,,,3,3,URBANPETS SERVICES PRIVATE LIMITED,,102,Hygiene,Vivaldis Health and food pvt Ltd,,,Gujarat,Ahmedabad
Urine Off Dog and Puppy Sprayer 118 ml,,,,,,,,,,,,,311.03,2,,734.03,,,"1,430.00",,,,,,,,,,,,,,,
,Urine Off ,Hygiene,Others ,2639,TRANSFER-IN,4821,2026-01-30,2026-07-21,311.03,715.00,715.00,367.02,311.03,2,2,734.03,U2639-8349,U2639-8349,"1,430.00",2027-09-10,2027-09-10,,,224,52,URBANPETS SERVICES PRIVATE LIMITED,,224,Urine Off ,Shreeji Pet Shop,,,Gujarat,Ahmedabad
Urine Off Dog and Puppy Sprayer 500 ml,,,,,,,,,,,,,848.28,1,,848.28,,,"1,950.00",,,,,,,,,,,,,,,
,Urine Off ,Hygiene,Others ,8029,TRANSFER-IN,4527,2026-01-30,2026-06-10,848.28,"1,950.00","1,950.00",848.28,848.28,1,1,848.28,U8029-6081,U8029-6081,"1,950.00",2027-06-10,2027-06-10,,,224,93,URBANPETS SERVICES PRIVATE LIMITED,,224,Urine Off ,Shreeji Pet Shop,,,Gujarat,Ahmedabad
Veko Candontal Tablets,,,,,,,,,,,,,99.79,312,,"11,269.84",,,"17,756.00",,,,,,,,,,,,,,,
,Medicines,Medicine & Supplements ,Medicine ,2987,PURCHASE,3687,2026-03-26,2026-03-26,37.03,55.00,55.00,34.29,32.66,8,80,274.35,V2987-5401,V2987-5401,440.00,2028-12-30,2028-12-30,,,169,169,URBANPETS SERVICES PRIVATE LIMITED,,132,Medicines,VEKO CARE PRIVATE LIMITED,,,Gujarat,Ahmedabad
,Medicines,Medicine & Supplements ,Medicine ,2987,PURCHASE,3687,2026-03-26,2026-03-26,37.03,54.00,54.00,34.29,32.66,4,120,137.17,V2987-5402,V2987-5402,216.00,2028-12-30,2028-12-30,,,169,169,URBANPETS SERVICES PRIVATE LIMITED,,132,Medicines,VEKO CARE PRIVATE LIMITED,,,Gujarat,Ahmedabad
,Medicines,Medicine & Supplements ,Medicine ,2987,PURCHASE,4306,2026-07-31,2026-07-31,39.08,57.00,57.00,36.19,34.47,300,300,"10,858.32",V2987-9673,V2987-9673,"17,100.00",2029-04-30,2029-04-30,,,42,42,URBANPETS SERVICES PRIVATE LIMITED,,132,Medicines,VEKO CARE PRIVATE LIMITED,,,Gujarat,Ahmedabad
Ven Card 50 tablet,,,,,,,,,,,,,498.31,3,,"1,764.00",,,"2,700.00",,,,,,,,,,,,,,,
,Medicines,Medicine & Supplements ,Medicine ,11956,PURCHASE,3922,2026-05-16,2026-05-16,610.17,900.00,900.00,588.00,498.31,3,6,"1,764.00",V11956-5188,V11956-5188,"2,700.00",2028-11-30,2028-11-30,,,118,118,URBANPETS SERVICES PRIVATE LIMITED,,228,Venky,FRIENDS MEDICINES,,,Gujarat,Ahmedabad
Vendisc 50 Tab,,,,,,,,,,,,,493.19,7,,"4,073.71",,,"6,930.00",,,,,,,,,,,,,,,
,Venky,Medicine & Supplements ,Medicine ,7320,PURCHASE,4042,2026-06-17,2026-06-17,671.00,990.00,990.00,581.96,493.19,7,20,"4,073.71",V7320-6620,V7320-6620,"6,930.00",2029-01-31,2029-01-31,,,86,86,URBANPETS SERVICES PRIVATE LIMITED,,102,Hygiene,FRIENDS MEDICINES,,,Gujarat,Ahmedabad
Venlyte Pet 30gm,,,,,,,,,,,,,43.66,9,,243.94,,,360.00,,,,,,,,,,,,,,,
,Manufacturer,Medicine & Supplements ,Medicine ,3004,PURCHASE,3429,2026-01-30,2026-01-30,23.73,40.00,40.00,28.00,23.73,8,13,224.01,V3004-9123,V3004-9123,320.00,2027-04-30,2027-04-30,,,224,224,URBANPETS SERVICES PRIVATE LIMITED,,1,Manufacturer,Shreeji Pet Shop,,,Gujarat,Ahmedabad
,Manufacturer,Medicine & Supplements ,Medicine ,3004,TRANSFER-IN,4187,2026-01-30,2026-04-18,19.93,40.00,40.00,19.93,19.93,1,1,19.93,V3004-3615,V3004-3615,40.00,2099-12-12,2099-12-12,,,224,146,URBANPETS SERVICES PRIVATE LIMITED,,1,Manufacturer,Shreeji Pet Shop,,,Gujarat,Ahmedabad
Ventripro Kitten 200gm,,,,,,,,,,,,,186.56,3,,660.42,,,"1,170.00",,,,,,,,,,,,,,,
,Shreeji Pet Shop,Medicine & Supplements ,Supplements ,7324,PURCHASE,3422,2026-01-30,2026-01-30,186.56,390.00,390.00,220.14,186.56,3,6,660.42,V7324-8954,V7324-8954,"1,170.00",2026-03-30,2026-03-30,,,224,224,URBANPETS SERVICES PRIVATE LIMITED,,201,Shreeji Pet Shop,Shreeji Pet Shop,,,Gujarat,Ahmedabad
Vet Life  Cat Renal Food 85gm,,,,,,,,,,,,,332.75,11,,"2,142.29",,,"2,939.00",,,,,,,,,,,,,,,
,Vet Life,Cat Food,Wet Food ,10741,PURCHASE,3448,2026-01-30,2026-01-30,168.00,239.00,239.00,198.24,168.00,1,12,198.24,V10741-9634,V10741-9634,239.00,2028-04-30,2028-04-30,,,224,224,URBANPETS SERVICES PRIVATE LIMITED,,230,Vet Life,Shreeji Pet Shop,,,Gujarat,Ahmedabad
,Vet Life,Cat Food,Wet Food ,10741,PURCHASE,4376,2026-08-25,2026-08-26,164.75,270.00,270.00,194.41,164.75,10,12,"1,944.05",V10741-1085,V10741-1085,"2,700.00",2029-04-01,2029-04-01,,,17,16,URBANPETS SERVICES PRIVATE LIMITED,,230,Vet Life,MAHIMA SALES,,,Gujarat,Ahmedabad
Vet Life Cat Hepatic 2 Kg,,,,,,,,,,,,,"3,648.82",2,,"4,305.60",,,"5,980.00",,,,,,,,,,,,,,,
,Vet Life,Cat Food,Prescription Food ,11402,PURCHASE,3940,2026-05-26,2026-05-26,"1,824.41","2,990.00","2,990.00","2,152.80","1,824.41",1,1,"2,152.80",V11402-5384,V11402-5384,"2,990.00",2027-08-31,2027-08-31,,,108,108,URBANPETS SERVICES PRIVATE LIMITED,,230,Vet Life,MAHIMA SALES,,,Gujarat,Ahmedabad
,Vet Life,Cat Food,Prescription Food ,11402,PURCHASE,4227,2026-07-28,2026-07-28,"1,824.41","2,990.00","2,990.00","2,152.80","1,824.41",1,1,"2,152.80",V11402-8836,V11402-8836,"2,990.00",2027-07-08,2027-07-08,,,45,45,URBANPETS SERVICES PRIVATE LIMITED,,230,Vet Life,MAHIMA SALES,,,Gujarat,Ahmedabad
Vet Life Cat Hepatic 85gm,,,,,,,,,,,,,151.93,13,,"2,330.61",,,"3,237.00",,,,,,,,,,,,,,,
,Vet Life,Cat Food,Wet Food ,11403,PURCHASE,3450,2026-01-30,2026-01-30,151.93,249.00,249.00,179.28,151.93,13,13,"2,330.61",V11403-9688,V11403-9688,"3,237.00",2028-09-30,2028-09-30,,,224,224,URBANPETS SERVICES PRIVATE LIMITED,,230,Vet Life,Shreeji Pet Shop,,,Gujarat,Ahmedabad
Vet Life Cat Renal 2KG,,,,,,,,,,,,,"1,824.41",1,,"2,152.81",,,"2,990.00",,,,,,,,,,,,,,,
,Vet Life,Cat Food,Prescription Food ,11087,PURCHASE,4257,2026-08-04,2026-08-04,"1,824.41","2,990.00","2,990.00","2,152.81","1,824.41",1,2,"2,152.81",V11087-9172,V11087-9172,"2,990.00",2027-08-02,2027-08-02,,,38,38,URBANPETS SERVICES PRIVATE LIMITED,,230,Vet Life,MAHIMA SALES,,,Gujarat,Ahmedabad
Vet Life Dog Cardiac 2KG,,,,,,,,,,,,,"3,648.82",5,,"10,764.03",,,"14,950.00",,,,,,,,,,,,,,,
,Vet Life,Dog Food,Prescription Food ,1960,PURCHASE,4305,2026-08-13,2026-08-13,"1,824.41","2,990.00","2,990.00","2,152.81","1,824.41",1,4,"2,152.81",V1960-9668,V1960-9668,"2,990.00",2027-07-30,2027-07-30,,,29,29,URBANPETS SERVICES PRIVATE LIMITED,,230,Vet Life,MAHIMA SALES,,,Gujarat,Ahmedabad
,Vet Life,Dog Food,Prescription Food ,1960,PURCHASE,4376,2026-08-25,2026-08-26,"1,824.41","2,990.00","2,990.00","2,152.81","1,824.41",4,4,"8,611.22",V1960-1084,V1960-1084,"11,960.00",2027-08-01,2027-08-01,,,17,16,URBANPETS SERVICES PRIVATE LIMITED,,230,Vet Life,MAHIMA SALES,,,Gujarat,Ahmedabad
Vet Life Dog Diabetic 2KG,,,,,,,,,,,,,"1,824.41",2,,"4,305.61",,,"5,980.00",,,,,,,,,,,,,,,
,Vet Life,Dog Food,Prescription Food ,1955,PURCHASE,4305,2026-08-13,2026-08-13,"1,824.41","2,990.00","2,990.00","2,152.81","1,824.41",2,4,"4,305.61",V1955-9669,V1955-9669,"5,980.00",2027-08-30,2027-08-30,,,29,29,URBANPETS SERVICES PRIVATE LIMITED,,230,Vet Life,MAHIMA SALES,,,Gujarat,Ahmedabad
Vet Life Dog Gastro Intestinal 2KG,,,,,,,,,,,,,"3,648.82",4,,"8,611.22",,,"11,960.00",,,,,,,,,,,,,,,
,Vet Life,Dog Food,Prescription Food ,1963,PURCHASE,4335,2026-08-19,2026-08-19,"1,824.41","2,990.00","2,990.00","2,152.81","1,824.41",2,4,"4,305.61",V1963-9877,V1963-9877,"5,980.00",2027-10-07,2027-10-07,,,23,23,URBANPETS SERVICES PRIVATE LIMITED,,230,Vet Life,MAHIMA SALES,,,Gujarat,Ahmedabad
,Vet Life,Dog Food,Prescription Food ,1963,PURCHASE,4412,2026-09-01,2026-09-01,"1,824.41","2,990.00","2,990.00","2,152.81","1,824.41",2,2,"4,305.61",V1963-838,V1963-838,"5,980.00",2027-10-31,2027-10-31,,,10,10,URBANPETS SERVICES PRIVATE LIMITED,,230,Vet Life,MAHIMA SALES,,,Gujarat,Ahmedabad
Vet Life Dog Gastro-Int Wet Food 300G,,,,,,,,,,,,,609.20,32,,"10,448.23",,,"16,640.00",,,,,,,,,,,,,,,
,Vet Life,Dog Food,Wet Food ,7787,TRANSFER-IN,4774,2026-06-22,2026-07-14,317.29,520.00,520.00,359.43,304.60,7,24,"2,515.98",V7787-8019,V7787-8019,"3,640.00",2028-10-25,2028-10-25,,,81,59,URBANPETS SERVICES PRIVATE LIMITED,,230,Vet Life,MAHIMA SALES,,,Gujarat,Ahmedabad
,Vet Life,Dog Food,Wet Food ,7787,TRANSFER-IN,4913,2026-06-22,2026-08-04,317.29,520.00,520.00,317.29,304.60,25,25,"7,932.25",V7787-9078,V7787-9078,"13,000.00",2028-10-25,2028-10-25,,,81,38,URBANPETS SERVICES PRIVATE LIMITED,,230,Vet Life,MAHIMA SALES,,,Gujarat,Ahmedabad
Vet Life Dog Hepatic 2KG,,,,,,,,,,,,,"1,824.41",1,,"2,152.80",,,"2,990.00",,,,,,,,,,,,,,,
,Vet Life,Dog Food,Prescription Food ,1971,PURCHASE,4305,2026-08-13,2026-08-13,"1,824.41","2,990.00","2,990.00","2,152.80","1,824.41",1,1,"2,152.80",V1971-9671,V1971-9671,"2,990.00",2027-06-30,2027-06-30,,,29,29,URBANPETS SERVICES PRIVATE LIMITED,,230,Vet Life,MAHIMA SALES,,,Gujarat,Ahmedabad
Vet Life Dog Hypoallergenic 12KG,,,,,,,,,,,,,"9,146.44",1,,"10,792.80",,,"14,990.00",,,,,,,,,,,,,,,
,Vet Life,Dog Food,Prescription Food ,1967,PURCHASE,4376,2026-08-25,2026-08-26,"9,146.44","14,990.00","14,990.00","10,792.80","9,146.44",1,1,"10,792.80",V1967-1087,V1967-1087,"14,990.00",2027-09-01,2027-09-01,,,17,16,URBANPETS SERVICES PRIVATE LIMITED,,230,Vet Life,MAHIMA SALES,,,Gujarat,Ahmedabad
Vet Life Dog Hypoallergenic 2KG,,,,,,,,,,,,,"1,580.34",1,,"1,864.80",,,"2,590.00",,,,,,,,,,,,,,,
,Vet Life,Dog Food,Prescription Food ,1970,PURCHASE,3742,2026-04-14,2026-04-14,"1,580.34","2,590.00","2,590.00","1,864.80","1,580.34",1,1,"1,864.80",V1970-3357,V1970-3357,"2,590.00",2026-08-30,2026-08-30,,,150,150,URBANPETS SERVICES PRIVATE LIMITED,,230,Vet Life,MAHIMA SALES,,,Gujarat,Ahmedabad
Vet Life Dog Joint 2KG,,,,,,,,,,,,,"3,502.38",5,,"10,289.19",,,"14,710.00",,,,,,,,,,,,,,,
,Vet Life,Dog Food,Prescription Food ,1956,TRANSFER-IN,4981,2026-05-16,2026-08-14,"1,677.97","2,750.00","2,750.00","1,677.97","1,677.97",1,2,"1,677.97",V1956-9662,V1956-9662,"2,750.00",2027-02-28,2027-02-28,,,118,28,URBANPETS SERVICES PRIVATE LIMITED,,230,Vet Life,MAHIMA SALES,,,Gujarat,Ahmedabad
,Vet Life,Dog Food,Prescription Food ,1956,PURCHASE,4412,2026-09-01,2026-09-01,"1,824.41","2,990.00","2,990.00","2,152.81","1,824.41",4,4,"8,611.22",V1956-839,V1956-839,"11,960.00",2027-07-31,2027-07-31,,,10,10,URBANPETS SERVICES PRIVATE LIMITED,,230,Vet Life,MAHIMA SALES,,,Gujarat,Ahmedabad
Vet Life Dog Obesity 12KG,,,,,,,,,,,,,"26,341.74",3,,"27,439.32",,,"44,970.00",,,,,,,,,,,,,,,
,Vet Life,Dog Food,Prescription Food ,7147,TRANSFER-IN,4978,2026-06-22,2026-08-14,"9,146.44","14,990.00","14,990.00","9,146.44","8,780.58",1,2,"9,146.44",V7147-9631,V7147-9631,"14,990.00",2027-07-30,2027-07-30,,,81,28,URBANPETS SERVICES PRIVATE LIMITED,,230,Vet Life,MAHIMA SALES,,,Gujarat,Ahmedabad
,Vet Life,Dog Food,Prescription Food ,7147,TRANSFER-IN,5024,2026-06-22,2026-08-22,"9,146.44","14,990.00","14,990.00","9,146.44","8,780.58",1,1,"9,146.44",V7147-49,V7147-49,"14,990.00",2027-07-30,2027-07-30,,,81,20,URBANPETS SERVICES PRIVATE LIMITED,,230,Vet Life,MAHIMA SALES,,,Gujarat,Ahmedabad
,Vet Life,Dog Food,Prescription Food ,7147,TRANSFER-IN,5109,2026-08-17,2026-09-05,"9,146.44","14,990.00","14,990.00","9,146.44","8,780.58",1,2,"9,146.44",V7147-902,V7147-902,"14,990.00",2027-07-16,2027-07-16,,,25,6,URBANPETS SERVICES PRIVATE LIMITED,,230,Vet Life,MAHIMA SALES,,,Gujarat,Ahmedabad
Vet Life Dog Obesity 2KG,,,,,,,,,,,,,"3,502.86",4,,"7,297.64",,,"11,960.00",,,,,,,,,,,,,,,
,Vet Life,Dog Food,Prescription Food ,1968,TRANSFER-IN,5118,2026-08-25,2026-09-08,"1,824.41","2,990.00","2,990.00","1,824.41","1,751.43",2,4,"3,648.82",V1968-959,V1968-959,"5,980.00",2027-09-30,2027-09-30,,,17,3,URBANPETS SERVICES PRIVATE LIMITED,,230,Vet Life,MAHIMA SALES,,,Gujarat,Ahmedabad
,Vet Life,Dog Food,Prescription Food ,1968,TRANSFER-IN,5132,2026-08-25,2026-09-09,"1,824.41","2,990.00","2,990.00","1,824.41","1,751.43",2,2,"3,648.82",V1968-1037,V1968-1037,"5,980.00",2027-09-30,2027-09-30,,,17,2,URBANPETS SERVICES PRIVATE LIMITED,,230,Vet Life,MAHIMA SALES,,,Gujarat,Ahmedabad
Vet Life Dog Renal 2KG,,,,,,,,,,,,,"3,648.82",4,,"8,611.22",,,"11,960.00",,,,,,,,,,,,,,,
,Vet Life,Dog Food,Prescription Food ,1964,PURCHASE,4227,2026-07-28,2026-07-28,"1,824.41","2,990.00","2,990.00","2,152.81","1,824.41",1,4,"2,152.81",V1964-8839,V1964-8839,"2,990.00",2027-07-30,2027-07-30,,,45,45,URBANPETS SERVICES PRIVATE LIMITED,,230,Vet Life,MAHIMA SALES,,,Gujarat,Ahmedabad
,Vet Life,Dog Food,Prescription Food ,1964,PURCHASE,4257,2026-08-04,2026-08-04,"1,824.41","2,990.00","2,990.00","2,152.80","1,824.41",3,3,"6,458.41",V1964-9175,V1964-9175,"8,970.00",2027-07-30,2027-07-30,,,38,38,URBANPETS SERVICES PRIVATE LIMITED,,230,Vet Life,MAHIMA SALES,,,Gujarat,Ahmedabad
Vet Life Dog Renal Wet Food 300G,,,,,,,,,,,,,317.29,8,,"2,995.22",,,"4,160.00",,,,,,,,,,,,,,,
,Vet Life,Dog Food,Wet Food ,7149,PURCHASE,4376,2026-08-25,2026-08-26,317.29,520.00,520.00,374.40,317.29,8,12,"2,995.22",V7149-1089,V7149-1089,"4,160.00",2029-02-01,2029-02-01,,,17,16,URBANPETS SERVICES PRIVATE LIMITED,,230,Vet Life,MAHIMA SALES,,,Gujarat,Ahmedabad
Vet Life Dog Struvite 2KG,,,,,,,,,,,,,"1,677.97",1,,"1,980.01",,,"2,750.00",,,,,,,,,,,,,,,
,Vet Life,Dog Food,Prescription Food ,7145,PURCHASE,3512,2026-02-17,2026-02-17,"1,677.97","2,750.00","2,750.00","1,980.01","1,677.97",1,2,"1,980.01",V7145-585,V7145-585,"2,750.00",2027-02-28,2027-02-28,,,206,206,URBANPETS SERVICES PRIVATE LIMITED,,230,Vet Life,MAHIMA SALES,,,Gujarat,Ahmedabad
Vet Life Dog Ultrahypo 2KG,,,,,,,,,,,,,"1,824.41",2,,"4,305.61",,,"5,980.00",,,,,,,,,,,,,,,
,Vet Life,Dog Food,Prescription Food ,1973,PURCHASE,4425,2026-09-07,2026-09-07,"1,824.41","2,990.00","2,990.00","2,152.80","1,824.41",2,3,"4,305.61",V1973-947,V1973-947,"5,980.00",2027-08-02,2027-08-02,,,4,4,URBANPETS SERVICES PRIVATE LIMITED,,230,Vet Life,MAHIMA SALES,,,Gujarat,Ahmedabad
Vet Life Hepatic Tin 300gm,,,,,,,,,,,,,317.29,12,,"4,492.83",,,"6,240.00",,,,,,,,,,,,,,,
,Farmina,Dog Food,Wet Food ,10681,PURCHASE,4414,2026-09-03,2026-09-03,317.29,520.00,520.00,374.40,317.29,12,18,"4,492.83",V10681-822,V10681-822,"6,240.00",2029-02-28,2029-02-28,,,8,8,URBANPETS SERVICES PRIVATE LIMITED,,75,Farmina,MAHIMA SALES,,,Gujarat,Ahmedabad
vet life intestinal ultra care Low Fat 1.5 kg,,,,,,,,,,,,,"2,794.58",5,,"8,244.01",,,"11,450.00",,,,,,,,,,,,,,,
,Vet Life,Dog Food,Prescription Food ,11826,PURCHASE,4376,2026-08-25,2026-08-26,"1,397.29","2,290.00","2,290.00","1,648.80","1,397.29",1,4,"1,648.80",v11826-1086,v11826-1086,"2,290.00",2027-07-01,2027-07-01,,,17,16,URBANPETS SERVICES PRIVATE LIMITED,,230,Vet Life,MAHIMA SALES,,,Gujarat,Ahmedabad
,Vet Life,Dog Food,Prescription Food ,11826,PURCHASE,4412,2026-09-01,2026-09-01,"1,397.29","2,290.00","2,290.00","1,648.80","1,397.29",4,4,"6,595.21",v11826-837,v11826-837,"9,160.00",2027-09-30,2027-09-30,,,10,10,URBANPETS SERVICES PRIVATE LIMITED,,230,Vet Life,MAHIMA SALES,,,Gujarat,Ahmedabad
Vet Thyro 0.2,,,,,,,,,,,,,291.94,19,,"2,968.15",,,"5,620.00",,,,,,,,,,,,,,,
,Vivaldis,Medicine & Supplements ,Medicine ,2975,PURCHASE,3968,2026-05-26,2026-05-26,160.00,280.00,280.00,148.18,141.12,4,20,592.70,V2975-5653,V2975-5653,"1,120.00",2027-11-30,2027-11-30,,,108,108,URBANPETS SERVICES PRIVATE LIMITED,,239,Vivaldis,Vivaldis Health and food pvt Ltd,,,Gujarat,Ahmedabad
,Vivaldis,Medicine & Supplements ,Medicine ,2975,PURCHASE,4228,2026-07-24,2026-07-24,171.00,300.00,300.00,158.36,150.82,15,30,"2,375.45",V2975-8841,V2975-8841,"4,500.00",2028-05-31,2028-05-31,,,49,49,URBANPETS SERVICES PRIVATE LIMITED,,239,Vivaldis,Vivaldis Health and food pvt Ltd,,,Gujarat,Ahmedabad
Vet-Pro Gastro Gravy 150gm,,,,,,,,,,,,,54.81,1,,64.68,,,99.00,,,,,,,,,,,,,,,
,Vet-Pro,Dog Food,Wet Food ,9665,PURCHASE,3444,2026-01-30,2026-01-30,54.81,99.00,99.00,64.68,54.81,1,13,64.68,V9665-9524,V9665-9524,99.00,2027-09-18,2027-09-18,,,224,224,URBANPETS SERVICES PRIVATE LIMITED,,232,Vet-Pro,Shreeji Pet Shop,,,Gujarat,Ahmedabad
Vetina Canworm suspension 30 ml,,,,,,,,,,,,,77.00,5,,404.25,,,750.00,,,,,,,,,,,,,,,
,Vetina ,Medicine & Supplements ,Medicine ,11694,PURCHASE,3452,2026-01-31,2026-01-31,77.00,150.00,150.00,80.85,77.00,5,5,404.25,V11694-9725,V11694-9725,750.00,2027-06-30,2027-06-30,,,223,223,URBANPETS SERVICES PRIVATE LIMITED,,233,Vetina ,Shreeji Pet Shop,,,Gujarat,Ahmedabad
Vetina Cardio Support,,,,,,,,,,,,,296.61,28,,"9,800.10",,,"21,000.00",,,,,,,,,,,,,,,
,Vetina ,Medicine & Supplements ,Medicine ,3151,PURCHASE,4163,2026-07-07,2026-07-07,508.48,750.00,750.00,350.00,296.61,28,60,"9,800.10",V3151-8065,V3151-8065,"21,000.00",2028-02-28,2028-02-28,,,66,66,URBANPETS SERVICES PRIVATE LIMITED,,233,Vetina ,MAHIMA ENTERPRISE,,,Gujarat,Ahmedabad
vetina levetiracetam 500 mg tablet,,,,,,,,,,,,,88.89,29,,"2,706.80",,,"5,075.00",,,,,,,,,,,,,,,
,Vetina ,Medicine & Supplements ,Medicine ,11105,PURCHASE,4283,2026-08-07,2026-08-07,133.34,175.00,175.00,93.34,88.89,29,30,"2,706.80",v11105-9498,v11105-9498,"5,075.00",2028-02-28,2028-02-28,,,35,35,URBANPETS SERVICES PRIVATE LIMITED,,233,Vetina ,MAHIMA ENTERPRISE,,,Gujarat,Ahmedabad
Vetina Mind Calming Tablet For Dogs - 30 Tab,,,,,,,,,,,,,180.80,18,,"3,840.19",,,"7,200.00",,,,,,,,,,,,,,,
,Vetina ,Medicine & Supplements ,Medicine ,10974,PURCHASE,3437,2026-01-30,2026-01-30,180.80,400.00,400.00,213.34,180.80,18,18,"3,840.19",V10974-9336,V10974-9336,"7,200.00",2027-07-30,2027-07-30,,,224,224,URBANPETS SERVICES PRIVATE LIMITED,,233,Vetina ,Shreeji Pet Shop,,,Gujarat,Ahmedabad
VETINA URO SUPPORT TABLET,,,,,,,,,,,,,285.00,19,,"6,389.70",,,"13,300.00",,,,,,,,,,,,,,,
,Vetina ,Medicine & Supplements ,Medicine ,5998,PURCHASE,4362,2026-08-22,2026-08-22,475.00,700.00,700.00,336.30,285.00,19,20,"6,389.70",V5998-188,V5998-188,"13,300.00",2028-04-30,2028-04-30,,,20,20,URBANPETS SERVICES PRIVATE LIMITED,,233,Vetina ,Vet Grow Animal Heath Care,,,Gujarat,Ahmedabad
Vetoquinol Aluspray 75ml,,,,,,,,,,,,,230.14,30,,"7,249.41",,,"10,740.00",,,,,,,,,,,,,,,
,Hygiene,Medicine & Supplements ,Medicine ,7834,PURCHASE,4422,2026-09-03,2026-09-03,230.14,358.00,358.00,241.65,230.14,30,30,"7,249.41",V7834-935,V7834-935,"10,740.00",2028-07-31,2028-07-31,,,8,8,URBANPETS SERVICES PRIVATE LIMITED,,102,Hygiene,VETOQUINOL INDIA ANIAML HEALTH PRIVATE LIMITED,,,Gujarat,Ahmedabad
VETOQUINOL ARBC PET LIQ 2,,,,,,,,,,,,,334.01,51,,"6,900.59",,,"11,690.00",,,,,,,,,,,,,,,
,Manufacturer,Medicine & Supplements ,Medicine ,2749,PURCHASE,3419,2026-01-30,2026-01-30,103.78,210.00,210.00,122.46,103.78,2,28,244.92,V2749-8876,V2749-8876,420.00,2027-06-30,2027-06-30,,,224,224,URBANPETS SERVICES PRIVATE LIMITED,,1,Manufacturer,Shreeji Pet Shop,,,Gujarat,Ahmedabad
,Manufacturer,Medicine & Supplements ,Medicine ,2749,PURCHASE,3778,2026-04-22,2026-04-22,115.12,230.00,230.00,135.84,115.12,1,50,135.84,V2749-3824,V2749-3824,230.00,2028-01-30,2028-01-30,,,142,142,URBANPETS SERVICES PRIVATE LIMITED,,1,Manufacturer,VETOQUINOL INDIA ANIAML HEALTH PRIVATE LIMITED,,,Gujarat,Ahmedabad
,Manufacturer,Medicine & Supplements ,Medicine ,2749,PURCHASE,4132,2026-07-06,2026-07-06,115.11,230.00,230.00,135.83,115.11,48,50,"6,519.83",V2749-7657,V2749-7657,"11,040.00",2028-04-30,2028-04-30,,,67,67,URBANPETS SERVICES PRIVATE LIMITED,,1,Manufacturer,VETOQUINOL INDIA ANIAML HEALTH PRIVATE LIMITED,,,Gujarat,Ahmedabad
Vetoquinol Flexadin 30tab,,,,,,,,,,,,,847.46,1,,"1,000.01",,,"1,250.00",,,,,,,,,,,,,,,
,Vetoquinol,Medicine & Supplements ,Medicine ,12174,PURCHASE,4312,2026-08-14,2026-08-14,847.46,"1,250.00","1,250.00","1,000.01",847.46,1,2,"1,000.01",V12174-773,V12174-773,"1,250.00",2027-03-30,2027-03-30,,,28,28,URBANPETS SERVICES PRIVATE LIMITED,,80,Flexadin,MAHIMA ENTERPRISE,,,Gujarat,Ahmedabad
Vetoquinol Flexadin Tab,,,,,,,,,,,,,"1,069.70",10,,"12,622.46",,,"22,000.00",,,,,,,,,,,,,,,
,Vetoquinol,Medicine & Supplements ,Medicine ,3075,PURCHASE,3591,2026-03-06,2026-03-06,"1,069.70","2,200.00","2,200.00","1,262.25","1,069.70",10,20,"12,622.46",V3075-1416,V3075-1416,"22,000.00",2027-03-30,2027-03-30,,,189,189,URBANPETS SERVICES PRIVATE LIMITED,,80,Flexadin,VETOQUINOL INDIA ANIAML HEALTH PRIVATE LIMITED,,,Gujarat,Ahmedabad
Vetoquinol Health up LIQ 200ml,,,,,,,,,,,,,286.45,56,,"9,512.33",,,"15,560.00",,,,,,,,,,,,,,,
,Hygiene,Medicine & Supplements ,Supplements ,3136,PURCHASE,3432,2026-01-30,2026-01-30,142.30,260.00,260.00,167.91,142.30,6,16,"1,007.48",V3136-9204,V3136-9204,"1,560.00",2027-02-28,2027-02-28,,,224,224,URBANPETS SERVICES PRIVATE LIMITED,,102,Hygiene,Shreeji Pet Shop,,,Gujarat,Ahmedabad
,Hygiene,Medicine & Supplements ,Supplements ,3136,PURCHASE,4132,2026-07-06,2026-07-06,144.15,280.00,280.00,170.10,144.15,50,50,"8,504.85",V3136-7658,V3136-7658,"14,000.00",2027-12-30,2027-12-30,,,67,67,URBANPETS SERVICES PRIVATE LIMITED,,102,Hygiene,VETOQUINOL INDIA ANIAML HEALTH PRIVATE LIMITED,,,Gujarat,Ahmedabad
VETOQUINOL MERIQUIN LIQ 100ml,,,,,,,,,,,,,318.40,38,,"6,000.36",,,"8,722.50",,,,,,,,,,,,,,,
,Hygiene,Medicine & Supplements ,Medicine ,2791,TRANSFER-IN,4913,2026-06-16,2026-08-04,168.58,221.25,221.25,168.58,168.58,2,6,337.16,V2791-9077,V2791-9077,442.50,2027-12-31,2027-12-31,,,87,38,URBANPETS SERVICES PRIVATE LIMITED,,102,Hygiene,MAHIMA ENTERPRISE,,,Gujarat,Ahmedabad
,Hygiene,Medicine & Supplements ,Medicine ,2791,PURCHASE,4422,2026-09-03,2026-09-03,149.82,230.00,230.00,157.31,149.82,36,36,"5,663.20",V2791-936,V2791-936,"8,280.00",2028-07-31,2028-07-31,,,8,8,URBANPETS SERVICES PRIVATE LIMITED,,102,Hygiene,VETOQUINOL INDIA ANIAML HEALTH PRIVATE LIMITED,,,Gujarat,Ahmedabad
vetoquinol nutrisam chew  30 chews,,,,,,,,,,,,,163.60,23,,"4,440.10",,,"7,475.00",,,,,,,,,,,,,,,
,Vetoquinol,Medicine & Supplements ,Supplements ,11534,PURCHASE,3592,2026-03-06,2026-03-06,163.60,325.00,325.00,193.05,163.60,23,24,"4,440.10",v11534-6484,v11534-6484,"7,475.00",2027-03-30,2027-03-30,,,189,189,URBANPETS SERVICES PRIVATE LIMITED,,234,Vetoquinol,VETOQUINOL INDIA ANIAML HEALTH PRIVATE LIMITED,,,Gujarat,Ahmedabad
Vetoquinol Reltix Shampoo,,,,,,,,,,,,,219.57,35,,"4,439.28",,,"7,210.00",,,,,,,,,,,,,,,
,Vetoquinol,Grooming,Shampoo & Conditioner ,10591,PURCHASE,4277,2026-08-08,2026-08-08,135.60,200.00,200.00,133.34,113.00,5,6,666.70,V10591-9479,V10591-9479,"1,000.00",2028-01-30,2028-01-30,,,34,34,URBANPETS SERVICES PRIVATE LIMITED,,234,Vetoquinol,MAHIMA ENTERPRISE,,,Gujarat,Ahmedabad
,Vetoquinol,Grooming,Shampoo & Conditioner ,10591,PURCHASE,4422,2026-09-03,2026-09-03,106.57,207.00,207.00,125.75,106.57,30,30,"3,772.58",V10591-937,V10591-937,"6,210.00",2028-07-31,2028-07-31,,,8,8,URBANPETS SERVICES PRIVATE LIMITED,,234,Vetoquinol,VETOQUINOL INDIA ANIAML HEALTH PRIVATE LIMITED,,,Gujarat,Ahmedabad
Vetoquinol Samolac,,,,,,,,,,,,,260.14,20,,"5,202.80",,,"10,300.00",,,,,,,,,,,,,,,
,Hygiene,Medicine & Supplements ,Supplements ,7879,TRANSFER-IN,4957,2026-07-06,2026-08-11,260.14,515.00,515.00,260.14,260.14,20,20,"5,202.80",V7879-9499,V7879-9499,"10,300.00",2027-10-30,2027-10-30,,,67,31,URBANPETS SERVICES PRIVATE LIMITED,,102,Hygiene,VETOQUINOL INDIA ANIAML HEALTH PRIVATE LIMITED,,,Gujarat,Ahmedabad
Vetoquinol Zentonil Chew - 15 chews,,,,,,,,,,,,,677.97,3,,"2,400.01",,,"3,600.00",,,,,,,,,,,,,,,
,Vetoquinol,Medicine & Supplements ,Medicine ,11531,PURCHASE,3449,2026-01-30,2026-01-30,677.97,"1,200.00","1,200.00",800.00,677.97,3,5,"2,400.01",V11531-9668,V11531-9668,"3,600.00",2026-11-30,2026-11-30,,,224,224,URBANPETS SERVICES PRIVATE LIMITED,,234,Vetoquinol,Shreeji Pet Shop,,,Gujarat,Ahmedabad
Vetrina Setplet 100ml,,,,,,,,,,,,,152.54,19,,"3,420.00",,,"5,700.00",,,,,,,,,,,,,,,
,Vetrina,Medicine & Supplements ,Medicine ,10690,PURCHASE,4354,2026-08-19,2026-08-22,203.39,300.00,300.00,180.00,152.54,19,20,"3,420.00",V10690-1091,V10690-1091,"5,700.00",2027-09-01,2027-09-01,,,23,20,URBANPETS SERVICES PRIVATE LIMITED,,235,Vetrina,MAHIMA ENTERPRISE,,,Gujarat,Ahmedabad
Vetrina Setwell 30ml,,,,,,,,,,,,,162.72,20,,"1,920.09",,,"3,200.00",,,,,,,,,,,,,,,
,Vetrina,Medicine & Supplements ,Medicine ,10691,PURCHASE,4354,2026-08-19,2026-08-22,81.36,160.00,160.00,96.00,81.36,9,9,864.04,V10691-1092,V10691-1092,"1,440.00",2027-01-01,2027-01-01,,,23,20,URBANPETS SERVICES PRIVATE LIMITED,,235,Vetrina,MAHIMA ENTERPRISE,,,Gujarat,Ahmedabad
,Vetrina,Medicine & Supplements ,Medicine ,10691,PURCHASE,4354,2026-08-19,2026-08-22,81.36,160.00,160.00,96.00,81.36,11,11,"1,056.05",V10691-1093,V10691-1093,"1,760.00",2027-06-01,2027-06-01,,,23,20,URBANPETS SERVICES PRIVATE LIMITED,,235,Vetrina,MAHIMA ENTERPRISE,,,Gujarat,Ahmedabad
Vetrina Vetricare Integumentar 100ml,,,,,,,,,,,,,203.39,11,,"2,640.00",,,"4,400.00",,,,,,,,,,,,,,,
,Vetrina,Medicine & Supplements ,Medicine ,10692,PURCHASE,3448,2026-01-30,2026-01-30,203.39,400.00,400.00,240.00,203.39,11,11,"2,640.00",V10692-9629,V10692-9629,"4,400.00",2026-07-30,2026-07-30,,,224,224,URBANPETS SERVICES PRIVATE LIMITED,,235,Vetrina,Shreeji Pet Shop,,,Gujarat,Ahmedabad
Virbac Allermyl 200 ml,,,,,,,,,,,,,391.50,6,,"2,466.45",,,"3,870.78",,,,,,,,,,,,,,,
,Virbac,Grooming,Shampoo & Conditioner ,2478,PURCHASE,3420,2026-01-30,2026-01-30,391.50,645.13,645.13,411.08,391.50,6,39,"2,466.45",V2478-8905,V2478-8905,"3,870.78",2027-10-30,2027-10-30,,,224,224,URBANPETS SERVICES PRIVATE LIMITED,,236,Virbac,Shreeji Pet Shop,,,Gujarat,Ahmedabad
VIRBAC CANITONE JOINT SUPPORT  tablet 30,,,,,,,,,,,,,615.73,67,,"24,801.17",,,"37,890.00",,,,,,,,,,,,,,,
,Manufacturer,Medicine & Supplements ,Medicine ,2868,PURCHASE,3426,2026-01-30,2026-01-30,299.54,540.00,540.00,353.46,299.54,10,50,"3,534.57",V2868-9038,V2868-9038,"5,400.00",2027-05-30,2027-05-30,,,224,224,URBANPETS SERVICES PRIVATE LIMITED,,1,Manufacturer,Shreeji Pet Shop,,,Gujarat,Ahmedabad
,Manufacturer,Medicine & Supplements ,Medicine ,2868,PURCHASE,4281,2026-08-08,2026-08-08,347.80,570.00,570.00,373.10,316.19,57,60,"21,266.60",V2868-9492,V2868-9492,"32,490.00",2028-03-30,2028-03-30,,,34,34,URBANPETS SERVICES PRIVATE LIMITED,,1,Manufacturer,VIRBAC ANIMAL HEALTH INDIA PRIVATE LIMITED,,,Gujarat,Ahmedabad
Virbac Canitone Liver Support 10 Tablets,,,,,,,,,,,,,107.07,1,,107.07,,,201.70,,,,,,,,,,,,,,,
,Virbac,Medicine & Supplements ,Medicine ,10804,TRANSFER-IN,3854,2026-01-30,2026-02-26,107.07,201.70,201.70,107.07,107.07,1,1,107.07,V10804-1131,V10804-1131,201.70,2026-02-26,2026-02-26,,,224,197,URBANPETS SERVICES PRIVATE LIMITED,,236,Virbac,Shreeji Pet Shop,,,Gujarat,Ahmedabad
Virbac Canitone Liver Support Tablets,,,,,,,,,,,,,114.14,24,,"3,232.31",,,"5,160.00",,,,,,,,,,,,,,,
,Virbac,Medicine & Supplements ,Supplements ,2963,PURCHASE,3947,2026-05-26,2026-05-26,131.19,215.00,215.00,134.68,114.14,24,40,"3,232.31",V2963-5429,V2963-5429,"5,160.00",2027-10-30,2027-10-30,,,108,108,URBANPETS SERVICES PRIVATE LIMITED,,236,Virbac,VIRBAC ANIMAL HEALTH INDIA PRIVATE LIMITED,,,Gujarat,Ahmedabad
Virbac Canitone Tablets 30 tab,,,,,,,,,,,,,240.30,20,,"2,921.58",,,"4,585.00",,,,,,,,,,,,,,,
,Virbac,Medicine & Supplements ,Medicine ,2869,PURCHASE,3426,2026-01-30,2026-01-30,116.10,215.00,215.00,137.00,116.10,1,6,137.00,V2869-9039,V2869-9039,215.00,2026-11-30,2026-11-30,,,224,224,URBANPETS SERVICES PRIVATE LIMITED,,1,Manufacturer,Shreeji Pet Shop,,,Gujarat,Ahmedabad
,Virbac,Medicine & Supplements ,Medicine ,2869,PURCHASE,4281,2026-08-08,2026-08-08,140.34,230.00,230.00,146.56,124.20,19,20,"2,784.58",V2869-9491,V2869-9491,"4,370.00",2028-05-30,2028-05-30,,,34,34,URBANPETS SERVICES PRIVATE LIMITED,,1,Manufacturer,VIRBAC ANIMAL HEALTH INDIA PRIVATE LIMITED,,,Gujarat,Ahmedabad
Virbac Clinar m 200 ml,,,,,,,,,,,,,530.56,155,,"29,790.75",,,"50,967.50",,,,,,,,,,,,,,,
,Virbac,Grooming,Shampoo & Conditioner ,2477,PURCHASE,3420,2026-01-30,2026-01-30,172.13,338.50,338.50,180.74,172.13,34,106,"6,145.04",V2477-8904,V2477-8904,"11,509.00",2027-01-30,2027-01-30,,,224,224,URBANPETS SERVICES PRIVATE LIMITED,,236,Virbac,Shreeji Pet Shop,,,Gujarat,Ahmedabad
,Virbac,Grooming,Shampoo & Conditioner ,2477,TRANSFER-IN,4430,2026-01-30,2026-05-25,172.13,338.50,338.50,172.13,172.13,1,1,172.13,V2477-5333,V2477-5333,338.50,2027-01-30,2027-01-30,,,224,109,URBANPETS SERVICES PRIVATE LIMITED,,236,Virbac,Shreeji Pet Shop,,,Gujarat,Ahmedabad
,Virbac,Grooming,Shampoo & Conditioner ,2477,PURCHASE,4093,2026-06-26,2026-06-26,223.54,326.00,326.00,195.61,186.30,120,120,"23,473.58",V2477-7219,V2477-7219,"39,120.00",2028-01-30,2028-01-30,,,77,77,URBANPETS SERVICES PRIVATE LIMITED,,236,Virbac,VIRBAC ANIMAL HEALTH INDIA PRIVATE LIMITED,,,Gujarat,Ahmedabad
VIRBAC CORTAVANCE SPRAY 76ml,,,,,,,,,,,,,"1,461.06",17,,"13,039.89",,,"19,921.96",,,,,,,,,,,,,,,
,Virbac,Medicine & Supplements ,Medicine ,2798,PURCHASE,3947,2026-05-26,2026-05-26,803.57,"1,171.88","1,250.00",767.05,730.53,5,12,"3,835.26",V2798-5426,V2798-5426,"5,859.40",2027-10-30,2027-10-30,,,108,108,URBANPETS SERVICES PRIVATE LIMITED,,236,Virbac,VIRBAC ANIMAL HEALTH INDIA PRIVATE LIMITED,,,Gujarat,Ahmedabad
,Virbac,Medicine & Supplements ,Medicine ,2798,PURCHASE,4361,2026-08-21,2026-08-21,803.57,"1,171.88","1,250.00",767.05,730.53,12,12,"9,204.63",V2798-186,V2798-186,"14,062.56",2027-10-30,2027-10-30,,,21,21,URBANPETS SERVICES PRIVATE LIMITED,,236,Virbac,VIRBAC ANIMAL HEALTH INDIA PRIVATE LIMITED,,,Gujarat,Ahmedabad
Virbac Epiotic 100ML Ear Cleaner,,,,,,,,,,,,,133.94,57,,"8,016.05",,,"13,359.66",,,,,,,,,,,,,,,
,Virbac,Grooming,Shampoo & Conditioner ,2475,PURCHASE,4281,2026-08-08,2026-08-08,160.71,234.38,234.38,140.63,133.94,57,120,"8,016.05",V2475-9489,V2475-9489,"13,359.66",2027-11-30,2027-11-30,,,34,34,URBANPETS SERVICES PRIVATE LIMITED,,236,Virbac,VIRBAC ANIMAL HEALTH INDIA PRIVATE LIMITED,,,Gujarat,Ahmedabad
Virbac EPISOOTHE 200 ml,,,,,,,,,,,,,146.50,41,,"6,306.83",,,"13,735.00",,,,,,,,,,,,,,,
,Virbac,Grooming,Shampoo & Conditioner ,2474,PURCHASE,3420,2026-01-30,2026-01-30,146.50,335.00,335.00,153.83,146.50,41,60,"6,306.83",V2474-8901,V2474-8901,"13,735.00",2027-07-30,2027-07-30,,,224,224,URBANPETS SERVICES PRIVATE LIMITED,,236,Virbac,Shreeji Pet Shop,,,Gujarat,Ahmedabad
Virbac HPM Weight loss and diabetes 3kg,,,,,,,,,,,,,"2,514.41",3,,"8,901.01",,,"12,900.00",,,,,,,,,,,,,,,
,Virbac,Dog Food,Dry Food ,12166,PURCHASE,4443,2026-09-08,2026-09-08,"2,514.41","4,300.00","4,300.00","2,967.00","2,514.41",3,3,"8,901.01",V12166-1153,V12166-1153,"12,900.00",2027-09-22,2027-09-22,,,3,3,URBANPETS SERVICES PRIVATE LIMITED,,236,Virbac,VIRBAC ANIMAL HEALTH INDIA PRIVATE LIMITED,,,Gujarat,Ahmedabad
VIRBAC IPRAZ TABLET,,,,,,,,,,,,,62.08,242,,"15,773.90",,,"24,616.24",,,,,,,,,,,,,,,
,Hygiene,Medicine & Supplements ,Medicine ,2914,PURCHASE,4039,2026-06-19,2026-06-19,69.75,101.72,101.72,65.18,62.08,242,400,"15,773.90",V2914-6613,V2914-6613,"24,616.24",2027-06-30,2027-06-30,,,84,84,URBANPETS SERVICES PRIVATE LIMITED,,102,Hygiene,VIRBAC ANIMAL HEALTH INDIA PRIVATE LIMITED,,,Gujarat,Ahmedabad
Virbac Ketochlore Shampoo 200 ml,,,,,,,,,,,,,"1,303.32",48,,"10,915.40",,,"17,216.85",,,,,,,,,,,,,,,
,Virbac,Grooming,Shampoo & Conditioner ,2473,PURCHASE,3420,2026-01-30,2026-01-30,217.22,400.00,400.00,228.08,217.22,2,15,456.16,V2473-8899,V2473-8899,800.00,2027-01-30,2027-01-30,,,224,224,URBANPETS SERVICES PRIVATE LIMITED,,236,Virbac,Shreeji Pet Shop,,,Gujarat,Ahmedabad
,Virbac,Grooming,Shampoo & Conditioner ,2473,PURCHASE,3420,2026-01-30,2026-01-30,217.22,355.93,355.93,228.08,217.22,4,60,912.32,V2473-8900,V2473-8900,"1,423.72",2027-09-30,2027-09-30,,,224,224,URBANPETS SERVICES PRIVATE LIMITED,,236,Virbac,Shreeji Pet Shop,,,Gujarat,Ahmedabad
,Virbac,Grooming,Shampoo & Conditioner ,2473,TRANSFER-IN,3789,2026-01-30,2026-02-18,217.22,400.00,400.00,217.22,217.22,1,1,217.22,V2473-634,V2473-634,400.00,2027-01-30,2027-01-30,,,224,205,URBANPETS SERVICES PRIVATE LIMITED,,236,Virbac,Shreeji Pet Shop,,,Gujarat,Ahmedabad
,Virbac,Grooming,Shampoo & Conditioner ,2473,TRANSFER-IN,4100,2026-01-30,2026-04-04,217.22,355.93,355.93,217.22,217.22,1,1,217.22,V2473-2942,V2473-2942,355.93,2027-09-30,2027-09-30,,,224,160,URBANPETS SERVICES PRIVATE LIMITED,,236,Virbac,Shreeji Pet Shop,,,Gujarat,Ahmedabad
,Virbac,Grooming,Shampoo & Conditioner ,2473,PURCHASE,3813,2026-04-25,2026-04-25,244.07,355.93,355.93,228.08,217.22,39,60,"8,895.26",V2473-4099,V2473-4099,"13,881.27",2027-12-30,2027-12-30,,,139,139,URBANPETS SERVICES PRIVATE LIMITED,,236,Virbac,VIRBAC ANIMAL HEALTH INDIA PRIVATE LIMITED,,,Gujarat,Ahmedabad
,Virbac,Grooming,Shampoo & Conditioner ,2473,TRANSFER-IN,4434,2026-01-30,2026-05-26,217.22,355.93,355.93,217.22,217.22,1,1,217.22,V2473-5350,V2473-5350,355.93,2027-09-30,2027-09-30,,,224,108,URBANPETS SERVICES PRIVATE LIMITED,,236,Virbac,Shreeji Pet Shop,,,Gujarat,Ahmedabad
Virbac kidney support 3kg,,,,,,,,,,,,,"3,700.43",3,,"7,195.51",,,"12,300.00",,,,,,,,,,,,,,,
,Virbac,Dog Food,Dry Food ,11947,PURCHASE,3888,2026-05-02,2026-05-02,"2,605.93","4,100.00","4,100.00","1,537.50","1,302.97",1,1,"1,537.50",V11947-4790,V11947-4790,"4,100.00",2026-07-30,2026-07-30,,,132,132,URBANPETS SERVICES PRIVATE LIMITED,,236,Virbac,MAHIMA ENTERPRISE,,,Gujarat,Ahmedabad
,Virbac,Dog Food,Dry Food ,11947,PURCHASE,3893,2026-05-14,2026-05-14,"2,397.46","4,100.00","4,100.00","2,829.00","2,397.46",2,3,"5,658.01",V11947-4958,V11947-4958,"8,200.00",2027-06-30,2027-06-30,,,120,120,URBANPETS SERVICES PRIVATE LIMITED,,236,Virbac,VIRBAC ANIMAL HEALTH INDIA PRIVATE LIMITED,,,Gujarat,Ahmedabad
Virbac Movoflex medium,,,,,,,,,,,,,"1,112.02",11,,"14,433.95",,,"21,450.00",,,,,,,,,,,,,,,
,Virbac,Medicine & Supplements ,Medicine ,11950,PURCHASE,3947,2026-05-26,2026-05-26,"1,189.83","1,950.00","1,950.00","1,312.18","1,112.02",11,12,"14,433.95",V11950-5428,V11950-5428,"21,450.00",2027-05-30,2027-05-30,,,108,108,URBANPETS SERVICES PRIVATE LIMITED,,236,Virbac,VIRBAC ANIMAL HEALTH INDIA PRIVATE LIMITED,,,Gujarat,Ahmedabad
Virbac Ostopet 250ml,,,,,,,,,,,,,97.63,15,,"1,728.05",,,"2,400.00",,,,,,,,,,,,,,,
,Virbac,Medicine & Supplements ,Medicine ,11043,PURCHASE,3437,2026-01-30,2026-01-30,97.63,160.00,160.00,115.20,97.63,15,20,"1,728.05",V11043-9354,V11043-9354,"2,400.00",2027-11-30,2027-11-30,,,224,224,URBANPETS SERVICES PRIVATE LIMITED,,236,Virbac,Shreeji Pet Shop,,,Gujarat,Ahmedabad
Virbac Pronefra 180ML,,,,,,,,,,,,,"2,974.58",18,,"31,589.99",,,"46,800.00",,,,,,,,,,,,,,,
,Virbac,Medicine & Supplements ,Medicine ,6002,PURCHASE,3558,2026-02-24,2026-02-24,"1,586.44","2,600.00","2,600.00","1,755.00","1,487.29",2,16,"3,510.00",V6002-1162,V6002-1162,"5,200.00",2027-09-30,2027-09-30,,,199,199,URBANPETS SERVICES PRIVATE LIMITED,,236,Virbac,VIRBAC ANIMAL HEALTH INDIA PRIVATE LIMITED,,,Gujarat,Ahmedabad
,Virbac,Medicine & Supplements ,Medicine ,6002,PURCHASE,4093,2026-06-26,2026-06-26,"1,586.44","2,600.00","2,600.00","1,755.00","1,487.29",16,16,"28,079.99",V6002-7218,V6002-7218,"41,600.00",2027-10-30,2027-10-30,,,77,77,URBANPETS SERVICES PRIVATE LIMITED,,236,Virbac,VIRBAC ANIMAL HEALTH INDIA PRIVATE LIMITED,,,Gujarat,Ahmedabad
Virbac Pronefra 60 ml,,,,,,,,,,,,,"1,073.90",4,,"5,068.81",,,"8,000.00",,,,,,,,,,,,,,,
,Virbac,Medicine & Supplements ,Medicine ,11415,PURCHASE,3450,2026-01-30,2026-01-30,"1,073.90","2,000.00","2,000.00","1,267.20","1,073.90",4,6,"5,068.81",V11415-9693,V11415-9693,"8,000.00",2027-12-30,2027-12-30,,,224,224,URBANPETS SERVICES PRIVATE LIMITED,,236,Virbac,Shreeji Pet Shop,,,Gujarat,Ahmedabad
Virbac Sebolytic Shampoo 200ML,,,,,,,,,,,,,991.17,14,,"4,901.21",,,"7,603.55",,,,,,,,,,,,,,,
,Virbac,Grooming,Shampoo & Conditioner ,2472,TRANSFER-IN,4100,2025-07-10,2026-04-04,369.15,605.00,605.00,369.15,330.39,1,1,369.15,V2472-2943,V2472-2943,605.00,2027-05-30,2027-05-30,,,428,160,URBANPETS SERVICES PRIVATE LIMITED,,236,Virbac,VIRBAC ANIMAL HEALTH INDIA PRIVATE LIMITED,,,Gujarat,Ahmedabad
,Virbac,Grooming,Shampoo & Conditioner ,2472,PURCHASE,3813,2026-04-25,2026-04-25,369.15,538.35,538.35,346.91,330.39,12,40,"4,162.91",V2472-4098,V2472-4098,"6,460.20",2027-11-30,2027-11-30,,,139,139,URBANPETS SERVICES PRIVATE LIMITED,,236,Virbac,VIRBAC ANIMAL HEALTH INDIA PRIVATE LIMITED,,,Gujarat,Ahmedabad
,Virbac,Grooming,Shampoo & Conditioner ,2472,TRANSFER-IN,4434,2026-04-25,2026-05-26,369.15,538.35,538.35,369.15,330.39,1,1,369.15,V2472-5349,V2472-5349,538.35,2027-11-30,2027-11-30,,,139,108,URBANPETS SERVICES PRIVATE LIMITED,,236,Virbac,VIRBAC ANIMAL HEALTH INDIA PRIVATE LIMITED,,,Gujarat,Ahmedabad
virbac VeggieDent Fresh - L,,,,,,,,,,,,,437.95,1,,503.39,,,825.00,,,,,,,,,,,,,,,
,Virbac,"Treats, Biscuits & Chews ",Treats  ,4381,TRANSFER-IN,4823,2026-04-25,2026-07-21,503.39,825.00,825.00,503.39,437.95,1,3,503.39,v4381-8378,v4381-8378,825.00,2027-10-30,2027-10-30,,,139,52,URBANPETS SERVICES PRIVATE LIMITED,,236,Virbac,VIRBAC ANIMAL HEALTH INDIA PRIVATE LIMITED,,,Gujarat,Ahmedabad
virbac VeggieDent Fresh - M,,,,,,,,,,,,,"1,008.61",14,,"5,364.51",,,"8,850.00",,,,,,,,,,,,,,,
,Virbac,"Treats, Biscuits & Chews ",Treats  ,4380,TRANSFER-IN,3830,2026-01-30,2026-02-24,331.78,625.00,625.00,331.78,331.78,3,10,995.34,v4380-945,v4380-945,"1,875.00",2026-11-30,2026-11-30,,,224,199,URBANPETS SERVICES PRIVATE LIMITED,,236,Virbac,Shreeji Pet Shop,,,Gujarat,Ahmedabad
,Virbac,"Treats, Biscuits & Chews ",Treats  ,4380,PURCHASE,3640,2026-03-19,2026-03-19,381.36,625.00,625.00,391.50,331.78,7,50,"2,740.53",v4380-2094,v4380-2094,"4,375.00",2027-06-30,2027-06-30,,,176,176,URBANPETS SERVICES PRIVATE LIMITED,,236,Virbac,VIRBAC ANIMAL HEALTH INDIA PRIVATE LIMITED,,,Gujarat,Ahmedabad
,Virbac,"Treats, Biscuits & Chews ",Treats  ,4380,PURCHASE,4093,2026-06-26,2026-06-26,396.61,650.00,650.00,407.16,345.05,4,60,"1,628.64",v4380-7221,v4380-7221,"2,600.00",2027-10-30,2027-10-30,,,77,77,URBANPETS SERVICES PRIVATE LIMITED,,236,Virbac,VIRBAC ANIMAL HEALTH INDIA PRIVATE LIMITED,,,Gujarat,Ahmedabad
virbac VeggieDent Fresh - S,,,,,,,,,,,,,491.03,4,,"1,174.50",,,"1,875.00",,,,,,,,,,,,,,,
,Virbac,"Treats, Biscuits & Chews ",Treats  ,4379,TRANSFER-IN,4877,2026-01-30,2026-07-29,238.88,450.00,450.00,281.88,238.88,1,5,281.88,v4379-8723,v4379-8723,450.00,2027-01-30,2027-01-30,,,224,44,URBANPETS SERVICES PRIVATE LIMITED,,236,Virbac,Shreeji Pet Shop,,,Gujarat,Ahmedabad
,Virbac,"Treats, Biscuits & Chews ",Treats  ,4379,PURCHASE,4361,2026-08-21,2026-08-21,289.83,475.00,475.00,297.54,252.15,3,60,892.62,v4379-187,v4379-187,"1,425.00",2028-04-30,2028-04-30,,,21,21,URBANPETS SERVICES PRIVATE LIMITED,,236,Virbac,VIRBAC ANIMAL HEALTH INDIA PRIVATE LIMITED,,,Gujarat,Ahmedabad
Virbac Vet HPM Adult Dog Large and Medium 12 KG,,,,,,,,,,,,,"5,964.41",1,,"7,038.00",,,"10,200.00",,,,,,,,,,,,,,,
,Virbac,Dog Food,Dry Food ,10977,PURCHASE,4353,2026-08-13,2026-08-22,"5,964.41","10,200.00","10,200.00","7,038.00","5,964.41",1,1,"7,038.00",V10977-1070,V10977-1070,"10,200.00",2027-09-01,2027-09-01,,,29,20,URBANPETS SERVICES PRIVATE LIMITED,,236,Virbac,VIRBAC ANIMAL HEALTH INDIA PRIVATE LIMITED,,,Gujarat,Ahmedabad
Virbac Vet HPM Adult Dog Large and Medium 3 KG,,,,,,,,,,,,,"3,508.48",8,,"16,560.03",,,"24,000.00",,,,,,,,,,,,,,,
,Virbac,Dog Food,Dry Food ,10881,PURCHASE,4226,2026-07-25,2026-07-25,"1,754.24","3,000.00","3,000.00","2,070.00","1,754.24",2,9,"4,140.01",V10881-8829,V10881-8829,"6,000.00",2027-09-03,2027-09-03,,,48,48,URBANPETS SERVICES PRIVATE LIMITED,,236,Virbac,VIRBAC ANIMAL HEALTH INDIA PRIVATE LIMITED,,,Gujarat,Ahmedabad
,Virbac,Dog Food,Dry Food ,10881,PURCHASE,4443,2026-09-08,2026-09-08,"1,754.24","3,000.00","3,000.00","2,070.00","1,754.24",6,6,"12,420.02",V10881-1151,V10881-1151,"18,000.00",2027-09-30,2027-09-30,,,3,3,URBANPETS SERVICES PRIVATE LIMITED,,236,Virbac,VIRBAC ANIMAL HEALTH INDIA PRIVATE LIMITED,,,Gujarat,Ahmedabad
Virbac Vet HPM Adult Dog Small and Toy 1.5 KG,,,,,,,,,,,,,"2,105.08",2,,"2,484.00",,,"3,600.00",,,,,,,,,,,,,,,
,Virbac,Dog Food,Dry Food ,10879,PURCHASE,3455,2026-01-30,2026-01-30,"1,052.54","1,800.00","1,800.00","1,242.00","1,052.54",1,2,"1,242.00",V10879-9802,V10879-9802,"1,800.00",2026-05-28,2026-05-28,,,224,224,URBANPETS SERVICES PRIVATE LIMITED,,236,Virbac,Shreeji Pet Shop,,,Gujarat,Ahmedabad
,Virbac,Dog Food,Dry Food ,10879,PURCHASE,3893,2026-05-14,2026-05-14,"1,052.54","1,800.00","1,800.00","1,242.00","1,052.54",1,4,"1,242.00",V10879-4956,V10879-4956,"1,800.00",2027-09-30,2027-09-30,,,120,120,URBANPETS SERVICES PRIVATE LIMITED,,236,Virbac,VIRBAC ANIMAL HEALTH INDIA PRIVATE LIMITED,,,Gujarat,Ahmedabad
Virbac Vet HPM Adult Dog Small and Toy 3 KG,,,,,,,,,,,,,"5,262.72",7,,"14,490.02",,,"21,000.00",,,,,,,,,,,,,,,
,Virbac,Dog Food,Dry Food ,10880,PURCHASE,3455,2026-01-30,2026-01-30,"1,754.24","3,000.00","3,000.00","2,070.00","1,754.24",3,3,"6,210.01",V10880-9803,V10880-9803,"9,000.00",2026-04-03,2026-04-03,,,224,224,URBANPETS SERVICES PRIVATE LIMITED,,236,Virbac,Shreeji Pet Shop,,,Gujarat,Ahmedabad
,Virbac,Dog Food,Dry Food ,10880,PURCHASE,4226,2026-07-25,2026-07-25,"1,754.24","3,000.00","3,000.00","2,070.00","1,754.24",1,3,"2,070.00",V10880-8831,V10880-8831,"3,000.00",2027-09-03,2027-09-03,,,48,48,URBANPETS SERVICES PRIVATE LIMITED,,236,Virbac,VIRBAC ANIMAL HEALTH INDIA PRIVATE LIMITED,,,Gujarat,Ahmedabad
,Virbac,Dog Food,Dry Food ,10880,PURCHASE,4443,2026-09-08,2026-09-08,"1,754.24","3,000.00","3,000.00","2,070.00","1,754.24",3,3,"6,210.01",V10880-1152,V10880-1152,"9,000.00",2027-09-22,2027-09-22,,,3,3,URBANPETS SERVICES PRIVATE LIMITED,,236,Virbac,VIRBAC ANIMAL HEALTH INDIA PRIVATE LIMITED,,,Gujarat,Ahmedabad
Virbac Vet HPM Adult Neutered Cat Food 1.5 KG,,,,,,,,,,,,,"1,227.97",3,,"4,347.02",,,"6,300.00",,,,,,,,,,,,,,,
,Virbac,Cat Food,Dry Food ,10959,PURCHASE,4226,2026-07-25,2026-07-25,"1,227.97","2,100.00","2,100.00","1,449.01","1,227.97",3,4,"4,347.02",V10959-8830,V10959-8830,"6,300.00",2027-09-03,2027-09-03,,,48,48,URBANPETS SERVICES PRIVATE LIMITED,,236,Virbac,VIRBAC ANIMAL HEALTH INDIA PRIVATE LIMITED,,,Gujarat,Ahmedabad
Virbac Vet HPM Baby Dog Small and Toy 1.5 KG,,,,,,,,,,,,,"1,140.25",1,,"1,345.50",,,"1,950.00",,,,,,,,,,,,,,,
,Virbac,Dog Food,Dry Food ,10878,PURCHASE,3455,2026-01-30,2026-01-30,"1,140.25","1,950.00","1,950.00","1,345.50","1,140.25",1,3,"1,345.50",V10878-9801,V10878-9801,"1,950.00",2026-05-13,2026-05-13,,,224,224,URBANPETS SERVICES PRIVATE LIMITED,,236,Virbac,Shreeji Pet Shop,,,Gujarat,Ahmedabad
Virbac Vet HPM puppy small and toy 1.5 KG,,,,,,,,,,,,,"1,140.25",2,,"2,690.99",,,"3,900.00",,,,,,,,,,,,,,,
,Virbac,Dog Food,Dry Food ,11967,PURCHASE,4226,2026-07-25,2026-07-25,"1,140.25","1,950.00","1,950.00","1,345.50","1,140.25",2,4,"2,690.99",V11967-8828,V11967-8828,"3,900.00",2027-09-03,2027-09-03,,,48,48,URBANPETS SERVICES PRIVATE LIMITED,,236,Virbac,VIRBAC ANIMAL HEALTH INDIA PRIVATE LIMITED,,,Gujarat,Ahmedabad
Vitabest Derm 250 ml,,,,,,,,,,,,,275.91,14,,"4,558.03",,,"7,000.00",,,,,,,,,,,,,,,
,Virbac,Medicine & Supplements ,Supplements ,3146,PURCHASE,3432,2026-01-30,2026-01-30,275.91,500.00,500.00,325.57,275.91,14,48,"4,558.03",V3146-9206,V3146-9206,"7,000.00",2027-08-30,2027-08-30,,,224,224,URBANPETS SERVICES PRIVATE LIMITED,,236,Virbac,Shreeji Pet Shop,,,Gujarat,Ahmedabad
Vitapol Economic Food For Budgie 1200G,,,,,,,,,,,,,316.75,1,,316.75,,,575.00,,,,,,,,,,,,,,,
,Vitapol,Miscellaneous,Miscellaneous,6757,TRANSFER-IN,4945,2026-07-11,2026-08-08,316.75,575.00,575.00,316.75,316.75,1,2,316.75,V6757-9409,V6757-9409,575.00,2028-01-19,2028-01-19,,,62,34,URBANPETS SERVICES PRIVATE LIMITED,,237,Vitapol ,Orange Pet Nutrition Pvt Ltd,,,Gujarat,Ahmedabad
Vitapol Sunflower For Parrots 300G,,,,,,,,,,,,,137.29,2,,324.01,,,480.00,,,,,,,,,,,,,,,
,Vitapol,Miscellaneous,Miscellaneous,7820,PURCHASE,3431,2026-01-30,2026-01-30,137.29,240.00,240.00,162.00,137.29,2,3,324.01,V7820-9180,V7820-9180,480.00,2026-10-15,2026-10-15,,,224,224,URBANPETS SERVICES PRIVATE LIMITED,,237,Vitapol ,Shreeji Pet Shop,,,Gujarat,Ahmedabad
Vitax Rep IB 30 ml,,,,,,,,,,,,,324.00,10,,"3,240.00",,,"4,500.00",,,,,,,,,,,,,,,
,mahima enterprise,Medicine & Supplements ,Medicine ,11893,PURCHASE,3627,2026-03-16,2026-03-16,360.00,450.00,450.00,324.00,324.00,10,10,"3,240.00",V11893-1941,V11893-1941,"4,500.00",2028-11-30,2028-11-30,,,179,179,URBANPETS SERVICES PRIVATE LIMITED,,338,mahima enterprise,MAHIMA ENTERPRISE,,,Gujarat,Ahmedabad
Vitax Ship & Shape Wipes,,,,,,,,,,,,,213.56,6,,"1,512.00",,,"2,700.00",,,,,,,,,,,,,,,
,Vitax,Hygiene,Towels & Wipes ,10597,PURCHASE,3605,2026-03-11,2026-03-11,213.56,450.00,450.00,252.00,213.56,6,15,"1,512.00",V10597-1805,V10597-1805,"2,700.00",2027-07-30,2027-07-30,,,184,184,URBANPETS SERVICES PRIVATE LIMITED,,270,Vitax,MAHIMA ENTERPRISE,,,Gujarat,Ahmedabad
Vitax Zapoff Spary 220ml,,,,,,,,,,,,,410.55,29,,"6,602.67",,,"11,537.50",,,,,,,,,,,,,,,
,other,Medicine & Supplements ,Medicine ,10954,PURCHASE,3437,2026-01-30,2026-01-30,192.86,337.50,337.50,202.50,192.86,1,19,202.50,V10954-9327,V10954-9327,337.50,2027-08-30,2027-08-30,,,224,224,URBANPETS SERVICES PRIVATE LIMITED,,255,other,Shreeji Pet Shop,,,Gujarat,Ahmedabad
,other,Medicine & Supplements ,Medicine ,10954,PURCHASE,4410,2026-08-29,2026-08-29,304.77,400.00,400.00,228.58,217.69,28,28,"6,400.17",V10954-828,V10954-828,"11,200.00",2028-06-01,2028-06-01,,,13,13,URBANPETS SERVICES PRIVATE LIMITED,,255,other,MAHIMA ENTERPRISE,,,Gujarat,Ahmedabad
VITEX Vieotic Ear Cleanze,,,,,,,,,,,,,301.22,32,,"4,975.61",,,"8,640.00",,,,,,,,,,,,,,,
,Vitex ,Medicine & Supplements ,Medicine ,5992,PURCHASE,4005,2026-06-10,2026-06-10,205.71,270.00,270.00,162.00,154.28,5,20,809.98,V5992-6111,V5992-6111,"1,350.00",2029-03-31,2029-03-31,,,93,93,URBANPETS SERVICES PRIVATE LIMITED,,238,Vitex ,MAHIMA ENTERPRISE,,,Gujarat,Ahmedabad
,Vitex ,Medicine & Supplements ,Medicine ,5992,PURCHASE,4410,2026-08-29,2026-08-29,205.71,270.00,270.00,154.28,146.94,27,28,"4,165.63",V5992-827,V5992-827,"7,290.00",2029-03-01,2029-03-01,,,13,13,URBANPETS SERVICES PRIVATE LIMITED,,238,Vitex ,MAHIMA ENTERPRISE,,,Gujarat,Ahmedabad
viusid 150ml,,,,,,,,,,,,,"1,672.41",33,,"34,231.75",,,"62,700.00",,,,,,,,,,,,,,,
,Hygiene,Medicine & Supplements ,Medicine ,2917,PURCHASE,3967,2026-05-26,2026-05-26,"1,083.00","1,900.00","1,900.00",834.92,707.56,11,15,"9,184.13",v2917-5648,v2917-5648,"20,900.00",2028-07-31,2028-07-31,,,108,108,URBANPETS SERVICES PRIVATE LIMITED,,102,Hygiene,Vivaldis Health and food pvt Ltd,,,Gujarat,Ahmedabad
,Hygiene,Medicine & Supplements ,Medicine ,2917,PURCHASE,4255,2026-07-28,2026-07-28,"1,083.00","1,900.00","1,900.00","1,138.53",964.85,22,22,"25,047.62",v2917-9169,v2917-9169,"41,800.00",2029-02-28,2029-02-28,,,45,45,URBANPETS SERVICES PRIVATE LIMITED,,102,Hygiene,Vivaldis Health and food pvt Ltd,,,Gujarat,Ahmedabad
viusid 30ml,,,,,,,,,,,,,257.27,22,,"6,678.80",,,"9,900.00",,,,,,,,,,,,,,,
,Hygiene,Medicine & Supplements ,Medicine ,2927,PURCHASE,4184,2026-07-18,2026-07-18,283.00,450.00,450.00,303.58,257.27,22,33,"6,678.80",v2927-8255,v2927-8255,"9,900.00",2028-07-30,2028-07-30,,,55,55,URBANPETS SERVICES PRIVATE LIMITED,,102,Hygiene,MAHIMA ENTERPRISE,,,Gujarat,Ahmedabad
viva Rx diet gastro intestinal 2 kg,,,,,,,,,,,,,"1,147.42",1,,"1,353.95",,,"2,400.00",,,,,,,,,,,,,,,
,Vivaldis,Dog Food,Prescription Food ,11551,PURCHASE,4284,2026-08-06,2026-08-06,"1,405.00","2,400.00","2,400.00","1,353.95","1,147.42",1,12,"1,353.95",v11551-9503,v11551-9503,"2,400.00",2027-12-29,2027-12-29,,,36,36,URBANPETS SERVICES PRIVATE LIMITED,,239,Vivaldis,Vivaldis Health and food pvt Ltd,,,Gujarat,Ahmedabad
Vivaldis  Renal Support 2 KG,,,,,,,,,,,,,"1,147.42",5,,"6,769.76",,,"12,000.00",,,,,,,,,,,,,,,
,Vivaldis,Dog Food,Prescription Food ,10612,PURCHASE,4284,2026-08-06,2026-08-06,"1,405.00","2,400.00","2,400.00","1,353.95","1,147.42",5,6,"6,769.76",V10612-9502,V10612-9502,"12,000.00",2027-11-26,2027-11-26,,,36,36,URBANPETS SERVICES PRIVATE LIMITED,,239,Vivaldis,Vivaldis Health and food pvt Ltd,,,Gujarat,Ahmedabad
Vivaldis  Urinary S/O 2 KG,,,,,,,,,,,,,"1,262.37",4,,"5,958.39",,,"9,600.00",,,,,,,,,,,,,,,
,Vivaldis,Dog Food,Prescription Food ,10934,PURCHASE,4247,2026-08-03,2026-08-03,"1,545.76","2,400.00","2,400.00","1,489.60","1,262.37",4,6,"5,958.39",V10934-9099,V10934-9099,"9,600.00",2028-03-28,2028-03-28,,,39,39,URBANPETS SERVICES PRIVATE LIMITED,,239,Vivaldis,Pari Enterprise,,,Gujarat,Ahmedabad
Vivaldis  Weight Reduct 2 KG,,,,,,,,,,,,,"1,147.42",3,,"4,061.86",,,"7,200.00",,,,,,,,,,,,,,,
,Vivaldis,Dog Food,Prescription Food ,10836,PURCHASE,3855,2026-05-04,2026-05-04,"1,405.00","2,400.00","2,400.00","1,353.95","1,147.42",3,6,"4,061.86",V10836-4419,V10836-4419,"7,200.00",2027-12-15,2027-12-15,,,130,130,URBANPETS SERVICES PRIVATE LIMITED,,239,Vivaldis,Vivaldis Health and food pvt Ltd,,,Gujarat,Ahmedabad
Vivaldis Atovaquin Tab 25,,,,,,,,,,,,,756.00,2,,"1,587.60",,,"2,500.00",,,,,,,,,,,,,,,
,Vivaldis,Medicine & Supplements ,Medicine ,10701,PURCHASE,3448,2026-01-30,2026-01-30,756.00,"1,250.00","1,250.00",793.80,756.00,2,6,"1,587.60",V10701-9631,V10701-9631,"2,500.00",2026-09-30,2026-09-30,,,224,224,URBANPETS SERVICES PRIVATE LIMITED,,239,Vivaldis,Shreeji Pet Shop,,,Gujarat,Ahmedabad
Vivaldis Cartail oral Spray 15ml,,,,,,,,,,,,,293.50,1,,308.18,,,500.00,,,,,,,,,,,,,,,
,Vivaldis,Medicine & Supplements ,Medicine ,11349,PURCHASE,3446,2026-01-30,2026-01-30,293.50,500.00,500.00,308.18,293.50,1,1,308.18,V11349-9589,V11349-9589,500.00,2026-12-30,2026-12-30,,,224,224,URBANPETS SERVICES PRIVATE LIMITED,,239,Vivaldis,Shreeji Pet Shop,,,Gujarat,Ahmedabad
Vivaldis Cartail Tab 100ml,,,,,,,,,,,,,240.00,11,,"1,410.00",,,"3,080.00",,,,,,,,,,,,,,,
,Medicines,Medicine & Supplements ,Medicine ,2985,PURCHASE,3944,2026-05-23,2026-05-23,150.00,280.00,280.00,126.00,120.00,10,25,"1,260.00",V2985-5394,V2985-5394,"2,800.00",2027-11-30,2027-11-30,,,111,111,URBANPETS SERVICES PRIVATE LIMITED,,132,Medicines,MAHIMA ENTERPRISE,,,Gujarat,Ahmedabad
,Medicines,Medicine & Supplements ,Medicine ,2985,TRANSFER-IN,5010,2026-05-23,2026-08-19,150.00,280.00,280.00,150.00,120.00,1,1,150.00,V2985-9870,V2985-9870,280.00,2027-11-30,2027-11-30,,,111,23,URBANPETS SERVICES PRIVATE LIMITED,,132,Medicines,MAHIMA ENTERPRISE,,,Gujarat,Ahmedabad
Vivaldis Catalysis Alzer Pets 150ml,,,,,,,,,,,,,"1,376.77",14,,"13,258.71",,,"24,500.00",,,,,,,,,,,,,,,
,Vivaldis,Medicine & Supplements ,Medicine ,11142,PURCHASE,3768,2026-05-04,2026-04-14,997.00,"1,750.00","1,750.00",576.47,488.53,3,10,"1,729.40",V11142-4489,V11142-4489,"5,250.00",2027-04-30,2027-04-30,,,130,150,URBANPETS SERVICES PRIVATE LIMITED,,239,Vivaldis,Vivaldis Health and food pvt Ltd,,,Gujarat,Ahmedabad
,Vivaldis,Medicine & Supplements ,Medicine ,11142,PURCHASE,4236,2026-07-28,2026-07-28,997.00,"1,750.00","1,750.00","1,048.12",888.24,11,11,"11,529.31",V11142-8950,V11142-8950,"19,250.00",2027-04-30,2027-04-30,,,45,45,URBANPETS SERVICES PRIVATE LIMITED,,239,Vivaldis,Vivaldis Health and food pvt Ltd,,,Gujarat,Ahmedabad
VIVALDIS CK-Reno Capsules,,,,,,,,,,,,,"1,669.56",16,,"15,760.68",,,"25,600.00",,,,,,,,,,,,,,,
,Hygiene,Medicine & Supplements ,Medicine ,2795,PURCHASE,3750,2026-04-13,2026-04-13,937.00,"1,600.00","1,600.00",985.04,834.78,5,11,"4,925.21",V2795-3396,V2795-3396,"8,000.00",2028-12-29,2028-12-29,,,151,151,URBANPETS SERVICES PRIVATE LIMITED,,102,Hygiene,Vivaldis Health and food pvt Ltd,,,Gujarat,Ahmedabad
,Hygiene,Medicine & Supplements ,Medicine ,2795,PURCHASE,4228,2026-07-24,2026-07-24,937.00,"1,600.00","1,600.00",985.04,834.78,11,11,"10,835.47",V2795-8842,V2795-8842,"17,600.00",2029-04-01,2029-04-01,,,49,49,URBANPETS SERVICES PRIVATE LIMITED,,102,Hygiene,Vivaldis Health and food pvt Ltd,,,Gujarat,Ahmedabad
Vivaldis Cranbact - 30 Capsules,,,,,,,,,,,,,531.82,9,,"5,647.93",,,"9,000.00",,,,,,,,,,,,,,,
,Vivaldis,Medicine & Supplements ,Medicine ,11071,PURCHASE,3438,2026-01-30,2026-01-30,531.82,"1,000.00","1,000.00",627.55,531.82,9,10,"5,647.93",V11071-9367,V11071-9367,"9,000.00",2028-06-10,2028-06-10,,,224,224,URBANPETS SERVICES PRIVATE LIMITED,,239,Vivaldis,Shreeji Pet Shop,,,Gujarat,Ahmedabad
Vivaldis Curcupet Tab,,,,,,,,,,,,,119.50,19,,"2,679.25",,,"4,750.00",,,,,,,,,,,,,,,
,Vivaldis,Medicine & Supplements ,Medicine ,11086,PURCHASE,3750,2026-04-13,2026-04-13,146.33,250.00,250.00,141.01,119.50,19,72,"2,679.25",V11086-3395,V11086-3395,"4,750.00",2028-01-31,2028-01-31,,,151,151,URBANPETS SERVICES PRIVATE LIMITED,,239,Vivaldis,Vivaldis Health and food pvt Ltd,,,Gujarat,Ahmedabad
Vivaldis Easypill Gingiva 60gm,,,,,,,,,,,,,"1,223.00",1,,"1,443.14",,,"1,900.00",,,,,,,,,,,,,,,
,Vivaldis,Medicine & Supplements ,Medicine ,10935,PURCHASE,3455,2026-01-30,2026-01-30,"1,223.00","1,900.00","1,900.00","1,443.14","1,223.00",1,1,"1,443.14",V10935-9822,V10935-9822,"1,900.00",2026-04-30,2026-04-30,,,224,224,URBANPETS SERVICES PRIVATE LIMITED,,239,Vivaldis,Shreeji Pet Shop,,,Gujarat,Ahmedabad
Vivaldis Finapet 10Tab,,,,,,,,,,,,,267.28,19,,"2,666.04",,,"4,465.00",,,,,,,,,,,,,,,
,Vivaldis,Medicine & Supplements ,Medicine ,10702,PURCHASE,4040,2026-06-17,2026-06-17,147.00,235.00,235.00,140.32,133.64,5,22,701.59,V10702-6617,V10702-6617,"1,175.00",2027-12-30,2027-12-30,,,86,86,URBANPETS SERVICES PRIVATE LIMITED,,239,Vivaldis,MAHIMA ENTERPRISE,,,Gujarat,Ahmedabad
,Vivaldis,Medicine & Supplements ,Medicine ,10702,PURCHASE,4292,2026-08-11,2026-08-11,147.00,235.00,235.00,140.32,133.64,14,22,"1,964.45",V10702-9678,V10702-9678,"3,290.00",2027-10-30,2027-10-30,,,31,31,URBANPETS SERVICES PRIVATE LIMITED,,239,Vivaldis,MAHIMA ENTERPRISE,,,Gujarat,Ahmedabad
VIVALDIS FIROTAIL 227 MG TABLET,,,,,,,,,,,,,"1,001.23",57,,"30,760.24",,,"54,480.00",,,,,,,,,,,,,,,
,Vivaldis,Medicine & Supplements ,Medicine ,3050,PURCHASE,3508,2026-02-12,2026-02-12,594.00,900.00,900.00,509.36,485.10,4,60,"2,037.42",V3050-1378,V3050-1378,"3,600.00",2027-09-30,2027-09-30,,,211,211,URBANPETS SERVICES PRIVATE LIMITED,,239,Vivaldis,Vivaldis Health and food pvt Ltd,,,Gujarat,Ahmedabad
,Vivaldis,Medicine & Supplements ,Medicine ,3050,PURCHASE,4238,2026-07-28,2026-07-28,632.00,960.00,960.00,541.94,516.13,53,60,"28,722.82",V3050-8954,V3050-8954,"50,880.00",2028-02-29,2028-02-29,,,45,45,URBANPETS SERVICES PRIVATE LIMITED,,239,Vivaldis,Vivaldis Health and food pvt Ltd,,,Gujarat,Ahmedabad
Vivaldis Grapitail 100Mg,,,,,,,,,,,,,633.44,30,,"19,953.25",,,"32,400.00",,,,,,,,,,,,,,,
,Vivaldis,Medicine & Supplements ,Medicine ,5961,PURCHASE,4078,2026-06-22,2026-06-22,711.00,"1,080.00","1,080.00",665.11,633.44,30,110,"19,953.25",V5961-7217,V5961-7217,"32,400.00",2028-02-29,2028-02-29,,,81,81,URBANPETS SERVICES PRIVATE LIMITED,,239,Vivaldis,Vivaldis Health and food pvt Ltd,,,Gujarat,Ahmedabad
vivaldis hypoallergenic 2 kg,,,,,,,,,,,,,"1,104.58",3,,"3,910.21",,,"6,300.00",,,,,,,,,,,,,,,
,Vivaldis,Dog Food,Prescription Food ,11536,PURCHASE,3449,2026-01-30,2026-01-30,"1,104.58","2,100.00","2,100.00","1,303.40","1,104.58",3,3,"3,910.21",v11536-9671,v11536-9671,"6,300.00",2026-12-30,2026-12-30,,,224,224,URBANPETS SERVICES PRIVATE LIMITED,,239,Vivaldis,Shreeji Pet Shop,,,Gujarat,Ahmedabad
Vivaldis L- Sametine 200Ml,,,,,,,,,,,,,179.96,8,,"1,698.86",,,"3,200.00",,,,,,,,,,,,,,,
,Vivaldis,Medicine & Supplements ,Medicine ,6017,PURCHASE,3758,2026-04-13,2026-04-13,202.00,400.00,400.00,212.36,179.96,8,22,"1,698.86",V6017-3517,V6017-3517,"3,200.00",2027-11-30,2027-11-30,,,151,151,URBANPETS SERVICES PRIVATE LIMITED,,239,Vivaldis,Vivaldis Health and food pvt Ltd,,,Gujarat,Ahmedabad
Vivaldis oclapet 16 mg (1*10 Tablet),,,,,,,,,,,,,"1,446.44",137,,"100,299.20",,,"191,800.00",,,,,,,,,,,,,,,
,Vivaldis,Medicine & Supplements ,Medicine ,11104,PURCHASE,4205,2026-07-17,2026-07-17,921.00,"1,400.00","1,400.00",789.76,752.15,7,60,"5,528.30",V11104-8444,V11104-8444,"9,800.00",2028-02-29,2028-02-29,,,56,56,URBANPETS SERVICES PRIVATE LIMITED,,239,Vivaldis,Vivaldis Health and food pvt Ltd,,,Gujarat,Ahmedabad
,Vivaldis,Medicine & Supplements ,Medicine ,11104,PURCHASE,4445,2026-09-08,2026-09-08,921.00,"1,400.00","1,400.00",729.01,694.29,130,130,"94,770.90",V11104-1156,V11104-1156,"182,000.00",2028-05-31,2028-05-31,,,3,3,URBANPETS SERVICES PRIVATE LIMITED,,239,Vivaldis,Vivaldis Health and food pvt Ltd,,,Gujarat,Ahmedabad
Vivaldis Onco Support 2 kg,,,,,,,,,,,,,"1,229.00",2,,"2,458.00",,,"4,200.00",,,,,,,,,,,,,,,
,Vivaldis,Dog Food,Prescription Food ,11883,PURCHASE,3583,2026-02-23,2026-02-23,"1,229.00","2,100.00","2,100.00","1,229.00","1,229.00",2,2,"2,458.00",V11883-1376,V11883-1376,"4,200.00",2026-09-24,2026-09-24,,,200,200,URBANPETS SERVICES PRIVATE LIMITED,,239,Vivaldis,Vivaldis Health and food pvt Ltd,,,Gujarat,Ahmedabad
Vivaldis PIMOBEN 5/10,,,,,,,,,,,,,606.12,201,,"64,243.70",,,"144,720.00",,,,,,,,,,,,,,,
,Shreeji Pet Shop,Medicine & Supplements ,Medicine ,3014,PURCHASE,4228,2026-07-24,2026-07-24,412.33,720.00,720.00,318.22,303.06,198,396,"63,006.71",V3014-8840,V3014-8840,"142,560.00",2028-01-31,2028-01-31,,,49,49,URBANPETS SERVICES PRIVATE LIMITED,,201,Shreeji Pet Shop,Vivaldis Health and food pvt Ltd,,,Gujarat,Ahmedabad
,Shreeji Pet Shop,Medicine & Supplements ,Medicine ,3014,TRANSFER-IN,5035,2026-05-25,2026-08-24,412.33,720.00,720.00,412.33,303.06,3,3,"1,236.99",V3014-169,V3014-169,"2,160.00",2028-01-31,2028-01-31,,,109,18,URBANPETS SERVICES PRIVATE LIMITED,,201,Shreeji Pet Shop,Vivaldis Health and food pvt Ltd,,,Gujarat,Ahmedabad
Vivaldis Relaxzyme Tablet,,,,,,,,,,,,,"2,676.06",88,,"14,409.65",,,"32,560.00",,,,,,,,,,,,,,,
,Hygiene,Medicine & Supplements ,Medicine ,2926,OPENING STK,7,2023-10-23,2023-10-23,"1,199.26","1,900.00","1,900.00","1,415.13","1,199.26",-7,210,"-9,905.91",OS1,OS1,"-13,300.00",2099-12-12,2099-12-12,,,1054,1054,URBANPETS SERVICES PRIVATE LIMITED,,102,Hygiene,Vivaldis Health and food pvt Ltd,,,Gujarat,Ahmedabad
,Hygiene,Medicine & Supplements ,Medicine ,2926,OPENING STK,9,2023-11-03,2023-11-03,"1,199.26","1,900.00","1,900.00","1,415.13","1,199.26",7,210,"9,905.89",SA40,SA40,"13,300.00",2099-12-12,2099-12-12,,,1043,1043,URBANPETS SERVICES PRIVATE LIMITED,,102,Hygiene,Vivaldis Health and food pvt Ltd,,,Gujarat,Ahmedabad
,Hygiene,Medicine & Supplements ,Medicine ,2926,PURCHASE,3967,2026-05-26,2026-05-26,177.00,370.00,370.00,163.75,138.77,1,50,163.75,V2926-5651,V2926-5651,370.00,2027-12-31,2027-12-31,,,108,108,URBANPETS SERVICES PRIVATE LIMITED,,102,Hygiene,Vivaldis Health and food pvt Ltd,,,Gujarat,Ahmedabad
,Hygiene,Medicine & Supplements ,Medicine ,2926,PURCHASE,4282,2026-08-04,2026-08-04,177.00,370.00,370.00,163.75,138.77,87,100,"14,245.92",V2926-1068,V2926-1068,"32,190.00",2028-03-31,2028-03-31,,,38,38,URBANPETS SERVICES PRIVATE LIMITED,,102,Hygiene,Vivaldis Health and food pvt Ltd,,,Gujarat,Ahmedabad
Vivaldis Rinonadyl Capsul,,,,,,,,,,,,,184.58,6,,"1,306.82",,,"1,980.00",,,,,,,,,,,,,,,
,Vivaldis,Medicine & Supplements ,Medicine ,11474,PURCHASE,4312,2026-08-14,2026-08-14,184.58,330.00,330.00,217.80,184.58,6,10,"1,306.82",V11474-766,V11474-766,"1,980.00",2028-03-30,2028-03-30,,,28,28,URBANPETS SERVICES PRIVATE LIMITED,,239,Vivaldis,MAHIMA ENTERPRISE,,,Gujarat,Ahmedabad
Vivaldis Synfosium Capsule (1X),,,,,,,,,,,,,14.54,363,,"6,226.65",,,"12,705.00",,,,,,,,,,,,,,,
,Vivaldis,Medicine & Supplements ,Medicine ,2973,PURCHASE,4077,2026-06-18,2026-06-18,17.80,35.00,35.00,17.15,14.54,363,600,"6,226.65",V2973-7101,V2973-7101,"12,705.00",2028-01-31,2028-01-31,,,85,85,URBANPETS SERVICES PRIVATE LIMITED,,239,Vivaldis,Vivaldis Health and food pvt Ltd,,,Gujarat,Ahmedabad
Vivaldis Ursopet Tab 1x10,,,,,,,,,,,,,223.44,7,,"1,642.28",,,"2,800.00",,,,,,,,,,,,,,,
,Vivaldis,Medicine & Supplements ,Medicine ,10421,PURCHASE,3968,2026-05-26,2026-05-26,228.00,400.00,400.00,234.61,223.44,7,10,"1,642.28",V10421-5654,V10421-5654,"2,800.00",2028-01-31,2028-01-31,,,108,108,URBANPETS SERVICES PRIVATE LIMITED,,239,Vivaldis,Vivaldis Health and food pvt Ltd,,,Gujarat,Ahmedabad
Vivaldis Vet Thyro 0.6 10,,,,,,,,,,,,,585.65,55,,"17,307.89",,,"32,720.00",,,,,,,,,,,,,,,
,Vivaldis,Medicine & Supplements ,Medicine ,2974,PURCHASE,3750,2026-04-13,2026-04-13,321.00,565.00,565.00,297.28,283.12,8,50,"2,378.23",V2974-3398,V2974-3398,"4,520.00",2027-11-30,2027-11-30,,,151,151,URBANPETS SERVICES PRIVATE LIMITED,,239,Vivaldis,Vivaldis Health and food pvt Ltd,,,Gujarat,Ahmedabad
,Vivaldis,Medicine & Supplements ,Medicine ,2974,PURCHASE,4408,2026-08-27,2026-08-27,343.00,600.00,600.00,317.65,302.53,47,50,"14,929.66",V2974-804,V2974-804,"28,200.00",2028-05-31,2028-05-31,,,15,15,URBANPETS SERVICES PRIVATE LIMITED,,239,Vivaldis,Vivaldis Health and food pvt Ltd,,,Gujarat,Ahmedabad
Vivaldis Vetecto -1000 mg,,,,,,,,,,,,,726.00,27,,"20,582.10",,,"45,900.00",,,,,,,,,,,,,,,
,Vivaldis,Medicine & Supplements ,Medicine ,11399,PURCHASE,3450,2026-01-30,2026-01-30,726.00,"1,700.00","1,700.00",762.30,726.00,27,28,"20,582.10",V11399-9683,V11399-9683,"45,900.00",2027-02-28,2027-02-28,,,224,224,URBANPETS SERVICES PRIVATE LIMITED,,239,Vivaldis,Shreeji Pet Shop,,,Gujarat,Ahmedabad
Vivaldis Vetecto -1400mg,,,,,,,,,,,,,891.15,11,,"10,292.78",,,"23,100.00",,,,,,,,,,,,,,,
,Vivaldis,Medicine & Supplements ,Medicine ,11478,PURCHASE,3449,2026-01-30,2026-01-30,891.15,"2,100.00","2,100.00",935.71,891.15,11,11,"10,292.78",V11478-9655,V11478-9655,"23,100.00",2027-02-28,2027-02-28,,,224,224,URBANPETS SERVICES PRIVATE LIMITED,,239,Vivaldis,Shreeji Pet Shop,,,Gujarat,Ahmedabad
Vivaldis Vetecto -250mg,,,,,,,,,,,,,432.67,3,,"1,362.91",,,"3,000.00",,,,,,,,,,,,,,,
,Vivaldis,Medicine & Supplements ,Medicine ,11400,PURCHASE,3450,2026-01-30,2026-01-30,432.67,"1,000.00","1,000.00",454.30,432.67,3,3,"1,362.91",V11400-9684,V11400-9684,"3,000.00",2027-02-28,2027-02-28,,,224,224,URBANPETS SERVICES PRIVATE LIMITED,,239,Vivaldis,Shreeji Pet Shop,,,Gujarat,Ahmedabad
Vivaldis Vivketo Spray 100 ml,,,,,,,,,,,,,691.53,80,,"12,796.69",,,"26,480.00",,,,,,,,,,,,,,,
,Vivaldis,Medicine & Supplements ,Medicine ,2811,PURCHASE,3423,2026-01-30,2026-01-30,134.50,350.00,350.00,141.23,134.50,1,103,141.23,V2811-8973,V2811-8973,350.00,2027-09-30,2027-09-30,,,224,224,URBANPETS SERVICES PRIVATE LIMITED,,239,Vivaldis,Shreeji Pet Shop,,,Gujarat,Ahmedabad
,Vivaldis,Medicine & Supplements ,Medicine ,2811,TRANSFER-IN,4266,2026-01-30,2026-05-01,134.50,350.00,350.00,134.50,134.50,1,1,134.50,V2811-4166,V2811-4166,350.00,2027-09-30,2027-09-30,,,224,133,URBANPETS SERVICES PRIVATE LIMITED,,239,Vivaldis,Shreeji Pet Shop,,,Gujarat,Ahmedabad
,Vivaldis,Medicine & Supplements ,Medicine ,2811,TRANSFER-IN,4266,2026-01-30,2026-05-01,134.50,350.00,350.00,134.50,134.50,1,1,134.50,V2811-4167,V2811-4167,350.00,2027-09-30,2027-09-30,,,224,133,URBANPETS SERVICES PRIVATE LIMITED,,239,Vivaldis,Shreeji Pet Shop,,,Gujarat,Ahmedabad
,Vivaldis,Medicine & Supplements ,Medicine ,2811,PURCHASE,3967,2026-05-26,2026-05-26,188.00,330.00,330.00,161.21,153.53,76,120,"12,251.96",V2811-5650,V2811-5650,"25,080.00",2027-11-30,2027-11-30,,,108,108,URBANPETS SERVICES PRIVATE LIMITED,,239,Vivaldis,Vivaldis Health and food pvt Ltd,,,Gujarat,Ahmedabad
,Vivaldis,Medicine & Supplements ,Medicine ,2811,TRANSFER-IN,4546,2026-01-30,2026-06-11,134.50,350.00,350.00,134.50,134.50,1,1,134.50,V2811-6159,V2811-6159,350.00,2027-09-30,2027-09-30,,,224,92,URBANPETS SERVICES PRIVATE LIMITED,,239,Vivaldis,Shreeji Pet Shop,,,Gujarat,Ahmedabad
VKap B 10s,,,,,,,,,,,,,9.04,17,,181.34,,,272.00,,,,,,,,,,,,,,,
,Vivaan Lifesciences,Medicine & Supplements ,Supplements ,11091,PURCHASE,3438,2026-01-30,2026-01-30,9.04,16.00,16.00,10.67,9.04,17,17,181.34,V11091-9379,V11091-9379,272.00,2027-03-30,2027-03-30,,,224,224,URBANPETS SERVICES PRIVATE LIMITED,,311,Vivaan Lifesciences,Shreeji Pet Shop,,,Gujarat,Ahmedabad
Wanpy Chicken Jerky and Codfish Sushi 100gm,,,,,,,,,,,,,125.62,1,,148.23,,,275.00,,,,,,,,,,,,,,,
,Wanpy,"Treats, Biscuits & Chews ",Treats  ,10922,PURCHASE,3455,2026-01-30,2026-01-30,125.62,275.00,275.00,148.23,125.62,1,3,148.23,W10922-9820,W10922-9820,275.00,2026-06-06,2026-06-06,,,224,224,URBANPETS SERVICES PRIVATE LIMITED,,277,Wanpy,Shreeji Pet Shop,,,Gujarat,Ahmedabad
Wanpy Soft Chicken Jerky and Cheese Slices100gm,,,,,,,,,,,,,125.62,1,,148.23,,,275.00,,,,,,,,,,,,,,,
,Wanpy,"Treats, Biscuits & Chews ",Treats  ,10921,PURCHASE,3455,2026-01-30,2026-01-30,125.62,275.00,275.00,148.23,125.62,1,1,148.23,W10921-9819,W10921-9819,275.00,2026-06-06,2026-06-06,,,224,224,URBANPETS SERVICES PRIVATE LIMITED,,277,Wanpy,Shreeji Pet Shop,,,Gujarat,Ahmedabad
Wanpy Soft Chicken Jerky Strips 100gm,,,,,,,,,,,,,113.19,5,,667.82,,,"1,375.00",,,,,,,,,,,,,,,
,Wanpy,"Treats, Biscuits & Chews ",Treats  ,10643,PURCHASE,3453,2026-01-30,2026-01-30,113.19,275.00,275.00,133.56,113.19,5,5,667.82,W10643-9774,W10643-9774,"1,375.00",2026-06-06,2026-06-06,,,224,224,URBANPETS SERVICES PRIVATE LIMITED,,277,Wanpy,Shreeji Pet Shop,,,Gujarat,Ahmedabad
Whiskas Adult Chicken 1.2KG,,,,,,,,,,,,,294.13,2,,635.60,,,900.00,,,,,,,,,,,,,,,
,Whiskas,Cat Food,Dry Food ,6771,TRANSFER-IN,5060,2026-07-08,2026-08-27,317.80,450.00,450.00,317.80,294.13,2,2,635.60,W6771-396,W6771-396,900.00,2027-09-06,2027-09-06,,,65,15,URBANPETS SERVICES PRIVATE LIMITED,,243,Whiskas,Jay Projects,,,Gujarat,Ahmedabad
Whiskas Adult Mackerel 3KG,,,,,,,,,,,,,"1,451.71",3,,"2,372.88",,,"3,360.00",,,,,,,,,,,,,,,
,Whiskas,Cat Food,Dry Food ,6768,TRANSFER-IN,5012,2026-07-25,2026-08-20,790.96,"1,120.00","1,120.00",790.96,747.28,1,2,790.96,W6768-9919,W6768-9919,"1,120.00",2027-09-05,2027-09-05,,,48,22,URBANPETS SERVICES PRIVATE LIMITED,,243,Whiskas,Jay Projects,,,Gujarat,Ahmedabad
,Whiskas,Cat Food,Dry Food ,6768,TRANSFER-IN,5120,2026-09-02,2026-09-08,790.96,"1,120.00","1,120.00",790.96,704.43,2,2,"1,581.92",W6768-965,W6768-965,"2,240.00",2027-10-15,2027-10-15,,,9,3,URBANPETS SERVICES PRIVATE LIMITED,,243,Whiskas,Jay Projects,,,Gujarat,Ahmedabad
Whiskas Adult Ocean Fish 1.2KG,,,,,,,,,,,,,294.13,1,,317.80,,,450.00,,,,,,,,,,,,,,,
,Whiskas,Cat Food,Dry Food ,767,TRANSFER-IN,5060,2026-07-08,2026-08-27,317.80,450.00,450.00,317.80,294.13,1,2,317.80,W767-397,W767-397,450.00,2027-10-13,2027-10-13,,,65,15,URBANPETS SERVICES PRIVATE LIMITED,,243,Whiskas,Jay Projects,,,Gujarat,Ahmedabad
Whiskas Adult Ocean Fish 7KG,,,,,,,,,,,,,"2,911.02",2,,"3,195.47",,,"4,360.00",,,,,,,,,,,,,,,
,Whiskas,Cat Food,Dry Food ,779,TRANSFER-IN,4776,2026-07-01,2026-07-14,"1,477.97","2,180.00","2,180.00","1,717.50","1,455.51",1,2,"1,717.50",W779-8044,W779-8044,"2,180.00",2027-07-17,2027-07-17,,,72,59,URBANPETS SERVICES PRIVATE LIMITED,,243,Whiskas,Jay Projects,,,Gujarat,Ahmedabad
,Whiskas,Cat Food,Dry Food ,779,TRANSFER-IN,5120,2026-07-01,2026-09-08,"1,477.97","2,180.00","2,180.00","1,477.97","1,455.51",1,1,"1,477.97",W779-980,W779-980,"2,180.00",2027-07-17,2027-07-17,,,72,3,URBANPETS SERVICES PRIVATE LIMITED,,243,Whiskas,Jay Projects,,,Gujarat,Ahmedabad
Whiskas Adult Tuna 3KG,,,,,,,,,,,,,704.42,2,,"1,581.90",,,"2,240.00",,,,,,,,,,,,,,,
,Whiskas,Cat Food,Dry Food ,771,TRANSFER-IN,5120,2026-09-02,2026-09-08,790.95,"1,120.00","1,120.00",790.95,704.42,2,2,"1,581.90",W771-964,W771-964,"2,240.00",2027-09-04,2027-09-04,,,9,3,URBANPETS SERVICES PRIVATE LIMITED,,243,Whiskas,Jay Projects,,,Gujarat,Ahmedabad
Whiskas Chicken adult Gravy 80Gm,,,,,,,,,,,,,122.33,107,,"3,903.17",,,"5,350.00",,,,,,,,,,,,,,,
,Whiskas,Cat Food,Wet Food ,6772,TRANSFER-IN,4726,2026-06-13,2026-07-06,35.31,50.00,50.00,37.71,31.96,78,168,"2,941.19",W6772-7509,W6772-7509,"3,900.00",2028-05-30,2028-05-30,,,90,67,URBANPETS SERVICES PRIVATE LIMITED,,243,Whiskas,Jay Projects,,,Gujarat,Ahmedabad
,Whiskas,Cat Food,Wet Food ,6772,TRANSFER-IN,4784,2026-07-13,2026-07-15,32.79,50.00,50.00,36.56,30.99,3,56,109.69,W6772-8089,W6772-8089,150.00,2028-03-20,2028-03-20,,,60,58,URBANPETS SERVICES PRIVATE LIMITED,,243,Whiskas,Jay Projects,,,Gujarat,Ahmedabad
,Whiskas,Cat Food,Wet Food ,6772,TRANSFER-IN,5002,2026-08-05,2026-08-18,32.78,50.00,50.00,32.78,29.69,25,55,819.50,W6772-9795,W6772-9795,"1,250.00",2028-04-30,2028-04-30,,,37,24,URBANPETS SERVICES PRIVATE LIMITED,,243,Whiskas,Jay Projects,,,Gujarat,Ahmedabad
,Whiskas,Cat Food,Wet Food ,6772,TRANSFER-IN,5002,2026-08-08,2026-08-18,32.79,50.00,50.00,32.79,29.69,1,1,32.79,W6772-9796,W6772-9796,50.00,2028-04-30,2028-04-30,,,34,24,URBANPETS SERVICES PRIVATE LIMITED,,243,Whiskas,Jay Projects,,,Gujarat,Ahmedabad
Whiskas Chicken kitten Gravy  80Gm,,,,,,,,,,,,,29.69,56,,"1,835.68",,,"2,800.00",,,,,,,,,,,,,,,
,Whiskas,Cat Food,Wet Food ,844,TRANSFER-IN,5100,2026-07-29,2026-09-03,32.78,50.00,50.00,32.78,29.69,56,56,"1,835.68",W844-784,W844-784,"2,800.00",2028-10-13,2028-10-13,,,44,8,URBANPETS SERVICES PRIVATE LIMITED,,243,Whiskas,Jay Projects,,,Gujarat,Ahmedabad
Whiskas kitten Ocean Fish 1.1KG,,,,,,,,,,,,,567.50,3,,900.42,,,"1,275.00",,,,,,,,,,,,,,,
,Whiskas,Cat Food,Dry Food ,6763,TRANSFER-IN,4039,2026-03-19,2026-03-26,300.14,425.00,425.00,300.14,283.81,1,2,300.14,W6763-2585,W6763-2585,425.00,2029-06-30,2029-06-30,,,176,169,URBANPETS SERVICES PRIVATE LIMITED,,243,Whiskas,Jay Projects,,,Gujarat,Ahmedabad
,Whiskas,Cat Food,Dry Food ,6763,TRANSFER-IN,5060,2026-08-19,2026-08-27,300.14,425.00,425.00,300.14,283.69,2,2,600.28,W6763-398,W6763-398,850.00,2027-11-23,2027-11-23,,,23,15,URBANPETS SERVICES PRIVATE LIMITED,,243,Whiskas,Jay Projects,,,Gujarat,Ahmedabad
Whiskas kitten Ocean fish 3KG,,,,,,,,,,,,,787.66,2,,"1,666.66",,,"2,360.00",,,,,,,,,,,,,,,
,Whiskas,Cat Food,Dry Food ,6775,TRANSFER-IN,5056,2026-08-19,2026-08-27,833.33,"1,180.00","1,180.00",833.33,787.66,2,3,"1,666.66",W6775-364,W6775-364,"2,360.00",2027-11-22,2027-11-22,,,23,15,URBANPETS SERVICES PRIVATE LIMITED,,243,Whiskas,Jay Projects,,,Gujarat,Ahmedabad
Whiskas kitten Ocean Fish 6.5KG,,,,,,,,,,,,,"1,414.87",1,,"1,437.29",,,"2,120.00",,,,,,,,,,,,,,,
,Whiskas,Cat Food,Dry Food ,7759,TRANSFER-IN,5122,2026-07-29,2026-09-08,"1,437.29","2,120.00","2,120.00","1,437.29","1,414.87",1,1,"1,437.29",W7759-983,W7759-983,"2,120.00",2027-10-10,2027-10-10,,,44,3,URBANPETS SERVICES PRIVATE LIMITED,,243,Whiskas,Jay Projects,,,Gujarat,Ahmedabad
Whiskas Ocean Fish adult Gravy 80G,,,,,,,,,,,,,31.98,28,,988.68,,,"1,400.00",,,,,,,,,,,,,,,
,Whiskas,Cat Food,Wet Food ,6767,TRANSFER-IN,5002,2026-08-05,2026-08-18,35.31,50.00,50.00,35.31,31.98,28,28,988.68,W6767-9797,W6767-9797,"1,400.00",2028-05-27,2028-05-27,,,37,24,URBANPETS SERVICES PRIVATE LIMITED,,243,Whiskas,Jay Projects,,,Gujarat,Ahmedabad
Whiskas Salmon adult Gravy 80Gm,,,,,,,,,,,,,65.37,44,,"1,549.78",,,"2,200.00",,,,,,,,,,,,,,,
,Whiskas,Cat Food,Wet Food ,6770,TRANSFER-IN,3860,2026-01-30,2026-02-27,33.38,50.00,50.00,33.38,33.38,2,56,66.76,W6770-1175,W6770-1175,100.00,2026-12-22,2026-12-22,,,224,196,URBANPETS SERVICES PRIVATE LIMITED,,243,Whiskas,Shreeji Pet Shop,,,Gujarat,Ahmedabad
,Whiskas,Cat Food,Wet Food ,6770,TRANSFER-IN,5002,2026-08-05,2026-08-18,35.31,50.00,50.00,35.31,31.99,42,56,"1,483.02",W6770-9794,W6770-9794,"2,100.00",2028-04-30,2028-04-30,,,37,24,URBANPETS SERVICES PRIVATE LIMITED,,243,Whiskas,Jay Projects,,,Gujarat,Ahmedabad
Whiskas Tasty Mix chicken Salmon Wakame Seaweed Gravy 70g,,,,,,,,,,,,,31.97,28,,988.68,,,"1,400.00",,,,,,,,,,,,,,,
,Whiskas,Cat Food,Wet Food ,6777,TRANSFER-IN,5123,2026-08-08,2026-09-08,35.31,50.00,50.00,35.31,31.97,28,28,988.68,W6777-999,W6777-999,"1,400.00",2028-03-14,2028-03-14,,,34,3,URBANPETS SERVICES PRIVATE LIMITED,,243,Whiskas,Jay Projects,,,Gujarat,Ahmedabad
Whiskas Tasty Mix Chicken Tuna Carrot Gravy 70gm,,,,,,,,,,,,,31.98,28,,988.68,,,"1,400.00",,,,,,,,,,,,,,,
,Whiskas,Cat Food,Wet Food ,6776,TRANSFER-IN,5123,2026-07-29,2026-09-08,35.31,50.00,50.00,35.31,31.98,28,28,988.68,W6776-998,W6776-998,"1,400.00",2028-04-22,2028-04-22,,,44,3,URBANPETS SERVICES PRIVATE LIMITED,,243,Whiskas,Jay Projects,,,Gujarat,Ahmedabad
Whiskas Tasty Mix Seafood Cocktail Wakame Seaweed Gravy 70g,,,,,,,,,,,,,31.98,28,,988.68,,,"1,400.00",,,,,,,,,,,,,,,
,Whiskas,Cat Food,Wet Food ,6778,TRANSFER-IN,5123,2026-07-29,2026-09-08,35.31,50.00,50.00,35.31,31.98,28,28,988.68,W6778-996,W6778-996,"1,400.00",2028-03-30,2028-03-30,,,44,3,URBANPETS SERVICES PRIVATE LIMITED,,243,Whiskas,Jay Projects,,,Gujarat,Ahmedabad
Whiskas Tasty Mix Tuna Kanikama Carrot Gravy 70g,,,,,,,,,,,,,63.96,35,,"1,235.85",,,"1,750.00",,,,,,,,,,,,,,,
,Whiskas,Cat Food,Wet Food ,6779,TRANSFER-IN,4904,2026-07-29,2026-08-03,35.31,50.00,50.00,35.31,31.98,7,56,247.17,W6779-9012,W6779-9012,350.00,2028-03-30,2028-03-30,,,44,39,URBANPETS SERVICES PRIVATE LIMITED,,243,Whiskas,Jay Projects,,,Gujarat,Ahmedabad
,Whiskas,Cat Food,Wet Food ,6779,TRANSFER-IN,5123,2026-07-29,2026-09-08,35.31,50.00,50.00,35.31,31.98,28,28,988.68,W6779-997,W6779-997,"1,400.00",2028-03-30,2028-03-30,,,44,3,URBANPETS SERVICES PRIVATE LIMITED,,243,Whiskas,Jay Projects,,,Gujarat,Ahmedabad
Whiskas Tuna adult Jelly 80Gm,,,,,,,,,,,,,159.26,151,,"5,197.25",,,"7,550.00",,,,,,,,,,,,,,,
,Whiskas,Cat Food,Wet Food ,6762,PURCHASE,3439,2026-01-30,2026-01-30,32.73,50.00,50.00,38.62,32.73,2,42,77.24,W6762-9404,W6762-9404,100.00,2027-08-30,2027-08-30,,,224,224,URBANPETS SERVICES PRIVATE LIMITED,,243,Whiskas,Shreeji Pet Shop,,,Gujarat,Ahmedabad
,Whiskas,Cat Food,Wet Food ,6762,TRANSFER-IN,4438,2026-05-06,2026-05-26,35.28,50.00,50.00,35.28,31.93,2,56,70.56,W6762-5358,W6762-5358,100.00,2028-01-30,2028-01-30,,,128,108,URBANPETS SERVICES PRIVATE LIMITED,,243,Whiskas,Jay Projects,,,Gujarat,Ahmedabad
,Whiskas,Cat Food,Wet Food ,6762,TRANSFER-IN,4714,2026-05-28,2026-07-03,35.31,50.00,50.00,35.31,33.19,37,56,"1,306.47",W6762-7382,W6762-7382,"1,850.00",2028-08-30,2028-08-30,,,106,70,URBANPETS SERVICES PRIVATE LIMITED,,243,Whiskas,Jay Projects,,,Gujarat,Ahmedabad
,Whiskas,Cat Food,Wet Food ,6762,TRANSFER-IN,5000,2026-07-25,2026-08-17,35.31,50.00,50.00,35.31,31.72,54,56,"1,906.74",W6762-9785,W6762-9785,"2,700.00",2028-03-08,2028-03-08,,,48,25,URBANPETS SERVICES PRIVATE LIMITED,,243,Whiskas,Jay Projects,,,Gujarat,Ahmedabad
,Whiskas,Cat Food,Wet Food ,6762,TRANSFER-IN,5133,2026-08-08,2026-09-09,32.79,50.00,50.00,32.79,29.69,56,112,"1,836.24",W6762-1053,W6762-1053,"2,800.00",2028-05-01,2028-05-01,,,34,2,URBANPETS SERVICES PRIVATE LIMITED,,243,Whiskas,Jay Projects,,,Gujarat,Ahmedabad
Whiskas Tuna kitten 80Gm,,,,,,,,,,,,,29.69,56,,"1,835.68",,,"2,800.00",,,,,,,,,,,,,,,
,Whiskas,Cat Food,Wet Food ,6765,TRANSFER-IN,5100,2026-07-29,2026-09-03,32.78,50.00,50.00,32.78,29.69,56,56,"1,835.68",W6765-783,W6765-783,"2,800.00",2028-10-12,2028-10-12,,,44,8,URBANPETS SERVICES PRIVATE LIMITED,,243,Whiskas,Jay Projects,,,Gujarat,Ahmedabad
Wokazole Lotion 100 ml,,,,,,,,,,,,,102.83,71,,"7,665.98",,,"12,979.51",,,,,,,,,,,,,,,
,Vetoquinol,Medicine & Supplements ,Medicine ,7871,PURCHASE,3591,2026-03-06,2026-03-06,102.83,182.81,182.81,107.97,102.83,71,75,"7,665.98",W7871-1415,W7871-1415,"12,979.51",2027-10-30,2027-10-30,,,189,189,URBANPETS SERVICES PRIVATE LIMITED,,234,Vetoquinol,VETOQUINOL INDIA ANIAML HEALTH PRIVATE LIMITED,,,Gujarat,Ahmedabad
Wysolone 10mg Tablets,,,,,,,,,,,,,15.15,11,,175.00,,,209.22,,,,,,,,,,,,,,,
,Manufacturer,Medicine & Supplements ,Medicine ,2848,PURCHASE,4125,2026-06-29,2026-06-29,15.62,19.02,19.02,15.91,15.15,11,40,175.00,W2848-7440,W2848-7440,209.22,2027-10-30,2027-10-30,,,74,74,URBANPETS SERVICES PRIVATE LIMITED,,1,Manufacturer,PATEL PHARMA,,,Gujarat,Ahmedabad
Wysolone 5mg,,,,,,,,,,,,,17.20,52,,469.71,,,564.08,,,,,,,,,,,,,,,
,Pfizer,Medicine & Supplements ,Medicine ,3157,PURCHASE,3432,2026-01-30,2026-01-30,8.60,11.54,11.54,9.03,8.60,16,35,144.48,W3157-9211,W3157-9211,184.64,2027-07-30,2027-07-30,,,224,224,URBANPETS SERVICES PRIVATE LIMITED,,178,Pfizer,Shreeji Pet Shop,,,Gujarat,Ahmedabad
,Pfizer,Medicine & Supplements ,Medicine ,3157,PURCHASE,4125,2026-06-29,2026-06-29,8.87,10.54,10.82,9.03,8.60,36,40,325.23,W3157-7441,W3157-7441,379.44,2027-10-30,2027-10-30,,,74,74,URBANPETS SERVICES PRIVATE LIMITED,,178,Pfizer,PATEL PHARMA,,,Gujarat,Ahmedabad
XIMSIBO - 400 MG,,,,,,,,,,,,,219.33,10,,"2,302.97",,,"3,760.00",,,,,,,,,,,,,,,
,Medicines,Medicine & Supplements ,Medicine ,11422,PURCHASE,3449,2026-01-30,2026-01-30,219.33,376.00,376.00,230.30,219.33,10,10,"2,302.97",X11422-9645,X11422-9645,"3,760.00",2027-08-28,2027-08-28,,,224,224,URBANPETS SERVICES PRIVATE LIMITED,,330,ENAVANT,Shreeji Pet Shop,,,Gujarat,Ahmedabad
YAKIES DOG CHEW MEDIUM 60GM,,,,,,,,,,,,,146.61,1,,173.00,,,219.00,,,,,,,,,,,,,,,
,HUFT,"Treats, Biscuits & Chews ",Treats  ,11928,PURCHASE,3784,2026-04-20,2026-04-20,146.61,219.00,219.00,173.00,146.61,1,2,173.00,Y11928-3840,Y11928-3840,219.00,2026-09-30,2026-09-30,,,144,144,URBANPETS SERVICES PRIVATE LIMITED,,255,other,EARTH PAWS PRIVATE LIMITED,,,Gujarat,Ahmedabad
ZeeDog Peppermint Air Mesh Plus Harness S,,,,,,,,,,,,,791.91,1,,934.45,,,"1,699.00",,,,,,,,,,,,,,,
,ZeeDog,Walk Essentials,Harness ,5712,PURCHASE,3436,2026-01-30,2026-01-30,791.91,"1,699.00","1,699.00",934.45,791.91,1,1,934.45,Z5712-9303,Z5712-9303,"1,699.00",,,,,224,224,URBANPETS SERVICES PRIVATE LIMITED,,245,ZeeDog,Shreeji Pet Shop,,,Gujarat,Ahmedabad
Zenex Verol Syrup 200ml,,,,,,,,,,,,,176.00,19,,"3,344.00",,,"5,225.00",,,,,,,,,,,,,,,
,Zenex AH,Medicine & Supplements ,Medicine ,11288,PURCHASE,3446,2026-01-30,2026-01-30,176.00,275.00,275.00,176.00,176.00,19,19,"3,344.00",Z11288-9578,Z11288-9578,"5,225.00",2026-03-30,2026-03-30,,,224,224,URBANPETS SERVICES PRIVATE LIMITED,,309,Zenex AH,Shreeji Pet Shop,,,Gujarat,Ahmedabad
ZO Apoquel  Fct 16mg,,,,,,,,,,,,,"1,470.98",9,,"13,900.76",,,"27,135.00",,,,,,,,,,,,,,,
,Zoetis,Medicine & Supplements ,Medicine ,3061,PURCHASE,4121,2026-07-04,2026-07-04,"1,501.00","3,015.00","3,216.00","1,544.53","1,470.98",9,14,"13,900.76",Z3061-7428,Z3061-7428,"27,135.00",2027-10-31,2027-10-31,,,69,69,URBANPETS SERVICES PRIVATE LIMITED,,246,Zoetis,J.J. PARIKH PHARMA PVT LTD ZOETIS,,,Gujarat,Ahmedabad
Zoetis Simparica 80MG,,,,,,,,,,,,,"1,991.36",5,,"10,454.64",,,"21,600.00",,,,,,,,,,,,,,,
,Misc,Medicine & Supplements ,Medicine ,9673,PURCHASE,4190,2026-07-15,2026-07-15,"2,032.00","4,320.00","4,320.00","2,090.93","1,991.36",5,5,"10,454.64",Z9673-8264,Z9673-8264,"21,600.00",2028-09-30,2028-09-30,,,58,58,URBANPETS SERVICES PRIVATE LIMITED,,136,Misc,J.J. PARIKH PHARMA PVT LTD ZOETIS,,,Gujarat,Ahmedabad
Zoetis Simparica Trio 10-20 Kg,,,,,,,,,,,,,"3,290.84",4,,"4,629.48",,,"8,174.00",,,,,,,,,,,,,,,
,Zoetis,Medicine & Supplements ,Medicine ,11292,PURCHASE,3446,2026-01-30,2026-01-30,"1,054.48","2,000.00","2,000.00","1,107.21","1,054.48",1,2,"1,107.21",Z11292-9579,Z11292-9579,"2,000.00",2026-07-30,2026-07-30,,,224,224,URBANPETS SERVICES PRIVATE LIMITED,,246,Zoetis,Shreeji Pet Shop,,,Gujarat,Ahmedabad
,Zoetis,Medicine & Supplements ,Medicine ,11292,PURCHASE,3553,2026-02-26,2026-02-26,"1,141.00","2,058.00","2,195.00","1,174.09","1,118.18",1,5,"1,174.09",Z11292-1159,Z11292-1159,"2,058.00",2026-12-30,2026-12-30,,,197,197,URBANPETS SERVICES PRIVATE LIMITED,,246,Zoetis,J.J. PARIKH PHARMA PVT LTD ZOETIS,,,Gujarat,Ahmedabad
,Zoetis,Medicine & Supplements ,Medicine ,11292,PURCHASE,4190,2026-07-15,2026-07-15,"1,141.00","2,058.00","2,058.00","1,174.09","1,118.18",2,2,"2,348.18",Z11292-8265,Z11292-8265,"4,116.00",2027-12-30,2027-12-30,,,58,58,URBANPETS SERVICES PRIVATE LIMITED,,246,Zoetis,J.J. PARIKH PHARMA PVT LTD ZOETIS,,,Gujarat,Ahmedabad
Zoetis Simparica Trio 20-40 KG,,,,,,,,,,,,,"1,225.98",3,,"3,861.84",,,"6,792.00",,,,,,,,,,,,,,,
,Zoetis,Medicine & Supplements ,Medicine ,11042,PURCHASE,3865,2026-05-07,2026-05-07,"1,251.00","2,264.00","2,415.00","1,287.28","1,225.98",3,5,"3,861.84",Z11042-4495,Z11042-4495,"6,792.00",2027-11-30,2027-11-30,,,127,127,URBANPETS SERVICES PRIVATE LIMITED,,246,Zoetis,J.J. PARIKH PHARMA PVT LTD ZOETIS,,,Gujarat,Ahmedabad
Zoetis Simparica Trio 40-60 Kg,,,,,,,,,,,,,"1,380.82",3,,"4,349.59",,,"7,719.00",,,,,,,,,,,,,,,
,Zoetis,Medicine & Supplements ,Medicine ,11293,PURCHASE,4303,2026-08-06,2026-08-06,"1,409.00","2,573.00","2,573.00","1,449.86","1,380.82",3,5,"4,349.59",Z11293-9660,Z11293-9660,"7,719.00",2027-12-30,2027-12-30,,,36,36,URBANPETS SERVICES PRIVATE LIMITED,,246,Zoetis,J.J. PARIKH PHARMA PVT LTD ZOETIS,,,Gujarat,Ahmedabad
zoetissimparica trio 5-10 kg,,,,,,,,,,,,,"2,108.96",3,,"3,321.61",,,"5,865.00",,,,,,,,,,,,,,,
,Zoetis,Medicine & Supplements ,Medicine ,11259,PURCHASE,3693,2026-03-31,2026-03-31,"1,076.00","1,955.00","2,085.00","1,107.20","1,054.48",1,5,"1,107.20",z11259-2808,z11259-2808,"1,955.00",2027-07-30,2027-07-30,,,164,164,URBANPETS SERVICES PRIVATE LIMITED,,246,Zoetis,J.J. PARIKH PHARMA PVT LTD ZOETIS,,,Gujarat,Ahmedabad
,Zoetis,Medicine & Supplements ,Medicine ,11259,PURCHASE,4189,2026-07-17,2026-07-17,"1,076.00","1,955.00","1,955.00","1,107.21","1,054.48",2,2,"2,214.41",z11259-8263,z11259-8263,"3,910.00",2027-07-30,2027-07-30,,,56,56,URBANPETS SERVICES PRIVATE LIMITED,,246,Zoetis,J.J. PARIKH PHARMA PVT LTD ZOETIS,,,Gujarat,Ahmedabad
ZOTEK-P EAR DROPS 15 ML,,,,,,,,,,,,,80.19,5,,208.19,,,351.55,,,,,,,,,,,,,,,
,Manufacturer,Medicine & Supplements ,Medicine ,10658,PURCHASE,4160,2026-07-14,2026-07-14,40.00,70.31,70.31,42.00,40.00,4,14,168.00,Z10658-8056,Z10658-8056,281.24,2027-09-30,2027-09-30,,,59,59,URBANPETS SERVICES PRIVATE LIMITED,,280,N/A,integrated healthcare,,,Gujarat,Ahmedabad
,Manufacturer,Medicine & Supplements ,Medicine ,10658,TRANSFER-IN,4833,2026-06-16,2026-07-22,40.19,70.31,70.31,40.19,40.19,1,1,40.19,Z10658-8399,Z10658-8399,70.31,2027-09-30,2027-09-30,,,87,51,URBANPETS SERVICES PRIVATE LIMITED,,280,N/A,MAHIMA ENTERPRISE,,,Gujarat,Ahmedabad
